/// Sine table in Q15 format (1.15 fixed-point), with 512 entries covering the range [0, 2π].
/// for i in 0..=512, SIN_TABLE_I16[i] = round(sin(2 * π * i / 512) * 32768)
pub const SIN_TABLE_U16: [u16; 513] = [
    0x0000, 0x0192, 0x0324, 0x04B6, 0x0648, 0x07D9, 0x096B, 0x0AFB, 0x0C8C, 0x0E1C, 0x0FAB, 0x113A,
    0x12C8, 0x1455, 0x15E2, 0x176E, 0x18F9, 0x1A83, 0x1C0C, 0x1D93, 0x1F1A, 0x209F, 0x2224, 0x23A7,
    0x2528, 0x26A8, 0x2827, 0x29A4, 0x2B1F, 0x2C99, 0x2E11, 0x2F87, 0x30FC, 0x326E, 0x33DF, 0x354E,
    0x36BA, 0x3825, 0x398D, 0x3AF3, 0x3C57, 0x3DB8, 0x3F17, 0x4074, 0x41CE, 0x4326, 0x447B, 0x45CD,
    0x471D, 0x486A, 0x49B4, 0x4AFB, 0x4C40, 0x4D81, 0x4EC0, 0x4FFB, 0x5134, 0x5269, 0x539B, 0x54CA,
    0x55F6, 0x571E, 0x5843, 0x5964, 0x5A82, 0x5B9D, 0x5CB4, 0x5DC8, 0x5ED7, 0x5FE4, 0x60EC, 0x61F1,
    0x62F2, 0x63EF, 0x64E9, 0x65DE, 0x66D0, 0x67BD, 0x68A7, 0x698C, 0x6A6E, 0x6B4B, 0x6C24, 0x6CF9,
    0x6DCA, 0x6E97, 0x6F5F, 0x7023, 0x70E3, 0x719E, 0x7255, 0x7308, 0x73B6, 0x7460, 0x7505, 0x75A6,
    0x7642, 0x76D9, 0x776C, 0x77FB, 0x7885, 0x790A, 0x798A, 0x7A06, 0x7A7D, 0x7AEF, 0x7B5D, 0x7BC6,
    0x7C2A, 0x7C89, 0x7CE4, 0x7D3A, 0x7D8A, 0x7DD6, 0x7E1E, 0x7E60, 0x7E9D, 0x7ED6, 0x7F0A, 0x7F38,
    0x7F62, 0x7F87, 0x7FA7, 0x7FC2, 0x7FD9, 0x7FEA, 0x7FF6, 0x7FFE, 0x7FFF, 0x7FFE, 0x7FF6, 0x7FEA,
    0x7FD9, 0x7FC2, 0x7FA7, 0x7F87, 0x7F62, 0x7F38, 0x7F0A, 0x7ED6, 0x7E9D, 0x7E60, 0x7E1E, 0x7DD6,
    0x7D8A, 0x7D3A, 0x7CE4, 0x7C89, 0x7C2A, 0x7BC6, 0x7B5D, 0x7AEF, 0x7A7D, 0x7A06, 0x798A, 0x790A,
    0x7885, 0x77FB, 0x776C, 0x76D9, 0x7642, 0x75A6, 0x7505, 0x7460, 0x73B6, 0x7308, 0x7255, 0x719E,
    0x70E3, 0x7023, 0x6F5F, 0x6E97, 0x6DCA, 0x6CF9, 0x6C24, 0x6B4B, 0x6A6E, 0x698C, 0x68A7, 0x67BD,
    0x66D0, 0x65DE, 0x64E9, 0x63EF, 0x62F2, 0x61F1, 0x60EC, 0x5FE4, 0x5ED7, 0x5DC8, 0x5CB4, 0x5B9D,
    0x5A82, 0x5964, 0x5843, 0x571E, 0x55F6, 0x54CA, 0x539B, 0x5269, 0x5134, 0x4FFB, 0x4EC0, 0x4D81,
    0x4C40, 0x4AFB, 0x49B4, 0x486A, 0x471D, 0x45CD, 0x447B, 0x4326, 0x41CE, 0x4074, 0x3F17, 0x3DB8,
    0x3C57, 0x3AF3, 0x398D, 0x3825, 0x36BA, 0x354E, 0x33DF, 0x326E, 0x30FC, 0x2F87, 0x2E11, 0x2C99,
    0x2B1F, 0x29A4, 0x2827, 0x26A8, 0x2528, 0x23A7, 0x2224, 0x209F, 0x1F1A, 0x1D93, 0x1C0C, 0x1A83,
    0x18F9, 0x176E, 0x15E2, 0x1455, 0x12C8, 0x113A, 0x0FAB, 0x0E1C, 0x0C8C, 0x0AFB, 0x096B, 0x07D9,
    0x0648, 0x04B6, 0x0324, 0x0192, 0x0000, 0xFE6E, 0xFCDC, 0xFB4A, 0xF9B8, 0xF827, 0xF695, 0xF505,
    0xF374, 0xF1E4, 0xF055, 0xEEC6, 0xED38, 0xEBAB, 0xEA1E, 0xE892, 0xE707, 0xE57D, 0xE3F4, 0xE26D,
    0xE0E6, 0xDF61, 0xDDDC, 0xDC59, 0xDAD8, 0xD958, 0xD7D9, 0xD65C, 0xD4E1, 0xD367, 0xD1EF, 0xD079,
    0xCF04, 0xCD92, 0xCC21, 0xCAB2, 0xC946, 0xC7DB, 0xC673, 0xC50D, 0xC3A9, 0xC248, 0xC0E9, 0xBF8C,
    0xBE32, 0xBCDA, 0xBB85, 0xBA33, 0xB8E3, 0xB796, 0xB64C, 0xB505, 0xB3C0, 0xB27F, 0xB140, 0xB005,
    0xAECC, 0xAD97, 0xAC65, 0xAB36, 0xAA0A, 0xA8E2, 0xA7BD, 0xA69C, 0xA57E, 0xA463, 0xA34C, 0xA238,
    0xA129, 0xA01C, 0x9F14, 0x9E0F, 0x9D0E, 0x9C11, 0x9B17, 0x9A22, 0x9930, 0x9843, 0x9759, 0x9674,
    0x9592, 0x94B5, 0x93DC, 0x9307, 0x9236, 0x9169, 0x90A1, 0x8FDD, 0x8F1D, 0x8E62, 0x8DAB, 0x8CF8,
    0x8C4A, 0x8BA0, 0x8AFB, 0x8A5A, 0x89BE, 0x8927, 0x8894, 0x8805, 0x877B, 0x86F6, 0x8676, 0x85FA,
    0x8583, 0x8511, 0x84A3, 0x843A, 0x83D6, 0x8377, 0x831C, 0x82C6, 0x8276, 0x822A, 0x81E2, 0x81A0,
    0x8163, 0x812A, 0x80F6, 0x80C8, 0x809E, 0x8079, 0x8059, 0x803E, 0x8027, 0x8016, 0x800A, 0x8002,
    0x8000, 0x8002, 0x800A, 0x8016, 0x8027, 0x803E, 0x8059, 0x8079, 0x809E, 0x80C8, 0x80F6, 0x812A,
    0x8163, 0x81A0, 0x81E2, 0x822A, 0x8276, 0x82C6, 0x831C, 0x8377, 0x83D6, 0x843A, 0x84A3, 0x8511,
    0x8583, 0x85FA, 0x8676, 0x86F6, 0x877B, 0x8805, 0x8894, 0x8927, 0x89BE, 0x8A5A, 0x8AFB, 0x8BA0,
    0x8C4A, 0x8CF8, 0x8DAB, 0x8E62, 0x8F1D, 0x8FDD, 0x90A1, 0x9169, 0x9236, 0x9307, 0x93DC, 0x94B5,
    0x9592, 0x9674, 0x9759, 0x9843, 0x9930, 0x9A22, 0x9B17, 0x9C11, 0x9D0E, 0x9E0F, 0x9F14, 0xA01C,
    0xA129, 0xA238, 0xA34C, 0xA463, 0xA57E, 0xA69C, 0xA7BD, 0xA8E2, 0xAA0A, 0xAB36, 0xAC65, 0xAD97,
    0xAECC, 0xB005, 0xB140, 0xB27F, 0xB3C0, 0xB505, 0xB64C, 0xB796, 0xB8E3, 0xBA33, 0xBB85, 0xBCDA,
    0xBE32, 0xBF8C, 0xC0E9, 0xC248, 0xC3A9, 0xC50D, 0xC673, 0xC7DB, 0xC946, 0xCAB2, 0xCC21, 0xCD92,
    0xCF04, 0xD079, 0xD1EF, 0xD367, 0xD4E1, 0xD65C, 0xD7D9, 0xD958, 0xDAD8, 0xDC59, 0xDDDC, 0xDF61,
    0xE0E6, 0xE26D, 0xE3F4, 0xE57D, 0xE707, 0xE892, 0xEA1E, 0xEBAB, 0xED38, 0xEEC6, 0xF055, 0xF1E4,
    0xF374, 0xF505, 0xF695, 0xF827, 0xF9B8, 0xFB4A, 0xFCDC, 0xFE6E, 0x0000,
];

/// Sine table in Q31 format (1.31 fixed-point), with 512 entries covering the range [0, 2π].
/// for i in 0..=512, SIN_TABLE_I32[i] = round(sin(2 * π * i / 512) * 2147483648)
pub const SIN_TABLE_U32: [u32; 513] = [
    0x00000000, 0x01921D20, 0x03242ABF, 0x04B6195D, 0x0647D97C, 0x07D95B9E, 0x096A9049, 0x0AFB6805,
    0x0C8BD35E, 0x0E1BC2E4, 0x0FAB272B, 0x1139F0CF, 0x12C8106F, 0x145576B1, 0x15E21445, 0x176DD9DE,
    0x18F8B83C, 0x1A82A026, 0x1C0B826A, 0x1D934FE5, 0x1F19F97B, 0x209F701C, 0x2223A4C5, 0x23A6887F,
    0x25280C5E, 0x26A82186, 0x2826B928, 0x29A3C485, 0x2B1F34EB, 0x2C98FBBA, 0x2E110A62, 0x2F875262,
    0x30FBC54D, 0x326E54C7, 0x33DEF287, 0x354D9057, 0x36BA2014, 0x382493B0, 0x398CDD32, 0x3AF2EEB7,
    0x3C56BA70, 0x3DB832A6, 0x3F1749B8, 0x4073F21D, 0x41CE1E65, 0x4325C135, 0x447ACD50, 0x45CD358F,
    0x471CECE7, 0x4869E665, 0x49B41533, 0x4AFB6C98, 0x4C3FDFF4, 0x4D8162C4, 0x4EBFE8A5, 0x4FFB654D,
    0x5133CC94, 0x5269126E, 0x539B2AF0, 0x54CA0A4B, 0x55F5A4D2, 0x571DEEFA, 0x5842DD54, 0x59646498,
    0x5A82799A, 0x5B9D1154, 0x5CB420E0, 0x5DC79D7C, 0x5ED77C8A, 0x5FE3B38D, 0x60EC3830, 0x61F1003F,
    0x62F201AC, 0x63EF3290, 0x64E88926, 0x65DDFBD3, 0x66CF8120, 0x67BD0FBD, 0x68A69E81, 0x698C246C,
    0x6A6D98A4, 0x6B4AF279, 0x6C242960, 0x6CF934FC, 0x6DCA0D14, 0x6E96A99D, 0x6F5F02B2, 0x7023109A,
    0x70E2CBC6, 0x719E2CD2, 0x72552C85, 0x7307C3D0, 0x73B5EBD1, 0x745F9DD1, 0x7504D345, 0x75A585CF,
    0x7641AF3D, 0x76D94989, 0x776C4EDB, 0x77FAB989, 0x78848414, 0x7909A92D, 0x798A23B1, 0x7A05EEAD,
    0x7A7D055B, 0x7AEF6323, 0x7B5D039E, 0x7BC5E290, 0x7C29FBEE, 0x7C894BDE, 0x7CE3CEB2, 0x7D3980EC,
    0x7D8A5F40, 0x7DD6668F, 0x7E1D93EA, 0x7E5FE493, 0x7E9D55FC, 0x7ED5E5C6, 0x7F0991C4, 0x7F3857F6,
    0x7F62368F, 0x7F872BF3, 0x7FA736B4, 0x7FC25596, 0x7FD8878E, 0x7FE9CBC0, 0x7FF62182, 0x7FFD885A,
    0x7FFFFFFF, 0x7FFD885A, 0x7FF62182, 0x7FE9CBC0, 0x7FD8878E, 0x7FC25596, 0x7FA736B4, 0x7F872BF3,
    0x7F62368F, 0x7F3857F6, 0x7F0991C4, 0x7ED5E5C6, 0x7E9D55FC, 0x7E5FE493, 0x7E1D93EA, 0x7DD6668F,
    0x7D8A5F40, 0x7D3980EC, 0x7CE3CEB2, 0x7C894BDE, 0x7C29FBEE, 0x7BC5E290, 0x7B5D039E, 0x7AEF6323,
    0x7A7D055B, 0x7A05EEAD, 0x798A23B1, 0x7909A92D, 0x78848414, 0x77FAB989, 0x776C4EDB, 0x76D94989,
    0x7641AF3D, 0x75A585CF, 0x7504D345, 0x745F9DD1, 0x73B5EBD1, 0x7307C3D0, 0x72552C85, 0x719E2CD2,
    0x70E2CBC6, 0x7023109A, 0x6F5F02B2, 0x6E96A99D, 0x6DCA0D14, 0x6CF934FC, 0x6C242960, 0x6B4AF279,
    0x6A6D98A4, 0x698C246C, 0x68A69E81, 0x67BD0FBD, 0x66CF8120, 0x65DDFBD3, 0x64E88926, 0x63EF3290,
    0x62F201AC, 0x61F1003F, 0x60EC3830, 0x5FE3B38D, 0x5ED77C8A, 0x5DC79D7C, 0x5CB420E0, 0x5B9D1154,
    0x5A82799A, 0x59646498, 0x5842DD54, 0x571DEEFA, 0x55F5A4D2, 0x54CA0A4B, 0x539B2AF0, 0x5269126E,
    0x5133CC94, 0x4FFB654D, 0x4EBFE8A5, 0x4D8162C4, 0x4C3FDFF4, 0x4AFB6C98, 0x49B41533, 0x4869E665,
    0x471CECE7, 0x45CD358F, 0x447ACD50, 0x4325C135, 0x41CE1E65, 0x4073F21D, 0x3F1749B8, 0x3DB832A6,
    0x3C56BA70, 0x3AF2EEB7, 0x398CDD32, 0x382493B0, 0x36BA2014, 0x354D9057, 0x33DEF287, 0x326E54C7,
    0x30FBC54D, 0x2F875262, 0x2E110A62, 0x2C98FBBA, 0x2B1F34EB, 0x29A3C485, 0x2826B928, 0x26A82186,
    0x25280C5E, 0x23A6887F, 0x2223A4C5, 0x209F701C, 0x1F19F97B, 0x1D934FE5, 0x1C0B826A, 0x1A82A026,
    0x18F8B83C, 0x176DD9DE, 0x15E21445, 0x145576B1, 0x12C8106F, 0x1139F0CF, 0x0FAB272B, 0x0E1BC2E4,
    0x0C8BD35E, 0x0AFB6805, 0x096A9049, 0x07D95B9E, 0x0647D97C, 0x04B6195D, 0x03242ABF, 0x01921D20,
    0x00000000, 0xFE6DE2E0, 0xFCDBD541, 0xFB49E6A3, 0xF9B82684, 0xF826A462, 0xF6956FB7, 0xF50497FB,
    0xF3742CA2, 0xF1E43D1C, 0xF054D8D5, 0xEEC60F31, 0xED37EF91, 0xEBAA894F, 0xEA1DEBBB, 0xE8922622,
    0xE70747C4, 0xE57D5FDA, 0xE3F47D96, 0xE26CB01B, 0xE0E60685, 0xDF608FE4, 0xDDDC5B3B, 0xDC597781,
    0xDAD7F3A2, 0xD957DE7A, 0xD7D946D8, 0xD65C3B7B, 0xD4E0CB15, 0xD3670446, 0xD1EEF59E, 0xD078AD9E,
    0xCF043AB3, 0xCD91AB39, 0xCC210D79, 0xCAB26FA9, 0xC945DFEC, 0xC7DB6C50, 0xC67322CE, 0xC50D1149,
    0xC3A94590, 0xC247CD5A, 0xC0E8B648, 0xBF8C0DE3, 0xBE31E19B, 0xBCDA3ECB, 0xBB8532B0, 0xBA32CA71,
    0xB8E31319, 0xB796199B, 0xB64BEACD, 0xB5049368, 0xB3C0200C, 0xB27E9D3C, 0xB140175B, 0xB0049AB3,
    0xAECC336C, 0xAD96ED92, 0xAC64D510, 0xAB35F5B5, 0xAA0A5B2E, 0xA8E21106, 0xA7BD22AC, 0xA69B9B68,
    0xA57D8666, 0xA462EEAC, 0xA34BDF20, 0xA2386284, 0xA1288376, 0xA01C4C73, 0x9F13C7D0, 0x9E0EFFC1,
    0x9D0DFE54, 0x9C10CD70, 0x9B1776DA, 0x9A22042D, 0x99307EE0, 0x9842F043, 0x9759617F, 0x9673DB94,
    0x9592675C, 0x94B50D87, 0x93DBD6A0, 0x9306CB04, 0x9235F2EC, 0x91695663, 0x90A0FD4E, 0x8FDCEF66,
    0x8F1D343A, 0x8E61D32E, 0x8DAAD37B, 0x8CF83C30, 0x8C4A142F, 0x8BA0622F, 0x8AFB2CBB, 0x8A5A7A31,
    0x89BE50C3, 0x8926B677, 0x8893B125, 0x88054677, 0x877B7BEC, 0x86F656D3, 0x8675DC4F, 0x85FA1153,
    0x8582FAA5, 0x85109CDD, 0x84A2FC62, 0x843A1D70, 0x83D60412, 0x8376B422, 0x831C314E, 0x82C67F14,
    0x8275A0C0, 0x82299971, 0x81E26C16, 0x81A01B6D, 0x8162AA04, 0x812A1A3A, 0x80F66E3C, 0x80C7A80A,
    0x809DC971, 0x8078D40D, 0x8058C94C, 0x803DAA6A, 0x80277872, 0x80163440, 0x8009DE7E, 0x800277A6,
    0x80000000, 0x800277A6, 0x8009DE7E, 0x80163440, 0x80277872, 0x803DAA6A, 0x8058C94C, 0x8078D40D,
    0x809DC971, 0x80C7A80A, 0x80F66E3C, 0x812A1A3A, 0x8162AA04, 0x81A01B6D, 0x81E26C16, 0x82299971,
    0x8275A0C0, 0x82C67F14, 0x831C314E, 0x8376B422, 0x83D60412, 0x843A1D70, 0x84A2FC62, 0x85109CDD,
    0x8582FAA5, 0x85FA1153, 0x8675DC4F, 0x86F656D3, 0x877B7BEC, 0x88054677, 0x8893B125, 0x8926B677,
    0x89BE50C3, 0x8A5A7A31, 0x8AFB2CBB, 0x8BA0622F, 0x8C4A142F, 0x8CF83C30, 0x8DAAD37B, 0x8E61D32E,
    0x8F1D343A, 0x8FDCEF66, 0x90A0FD4E, 0x91695663, 0x9235F2EC, 0x9306CB04, 0x93DBD6A0, 0x94B50D87,
    0x9592675C, 0x9673DB94, 0x9759617F, 0x9842F043, 0x99307EE0, 0x9A22042D, 0x9B1776DA, 0x9C10CD70,
    0x9D0DFE54, 0x9E0EFFC1, 0x9F13C7D0, 0xA01C4C73, 0xA1288376, 0xA2386284, 0xA34BDF20, 0xA462EEAC,
    0xA57D8666, 0xA69B9B68, 0xA7BD22AC, 0xA8E21106, 0xAA0A5B2E, 0xAB35F5B5, 0xAC64D510, 0xAD96ED92,
    0xAECC336C, 0xB0049AB3, 0xB140175B, 0xB27E9D3C, 0xB3C0200C, 0xB5049368, 0xB64BEACD, 0xB796199B,
    0xB8E31319, 0xBA32CA71, 0xBB8532B0, 0xBCDA3ECB, 0xBE31E19B, 0xBF8C0DE3, 0xC0E8B648, 0xC247CD5A,
    0xC3A94590, 0xC50D1149, 0xC67322CE, 0xC7DB6C50, 0xC945DFEC, 0xCAB26FA9, 0xCC210D79, 0xCD91AB39,
    0xCF043AB3, 0xD078AD9E, 0xD1EEF59E, 0xD3670446, 0xD4E0CB15, 0xD65C3B7B, 0xD7D946D8, 0xD957DE7A,
    0xDAD7F3A2, 0xDC597781, 0xDDDC5B3B, 0xDF608FE4, 0xE0E60685, 0xE26CB01B, 0xE3F47D96, 0xE57D5FDA,
    0xE70747C4, 0xE8922622, 0xEA1DEBBB, 0xEBAA894F, 0xED37EF91, 0xEEC60F31, 0xF054D8D5, 0xF1E43D1C,
    0xF3742CA2, 0xF50497FB, 0xF6956FB7, 0xF826A462, 0xF9B82684, 0xFB49E6A3, 0xFCDBD541, 0xFE6DE2E0,
    0x00000000,
];

/// Twiddle factors for 16-point FFT, in Q15 format (1.15 fixed-point), with 24 entries covering the range [0, 3N/4).
/// for i in 0..(3*16/4)
///     TWIDDLE_TABLE_16_U16[2*i] = round(cos(2 * π * i / 16) * 32768)
///     TWIDDLE_TABLE_16_U16[2*i + 1] = round(sin(2 * π * i / 16) * 32768)
pub const TWIDDLE_TABLE_16_U16: [u16; 24] = [
    0x7FFF, 0x0000, 0x7641, 0x30FB, 0x5A82, 0x5A82, 0x30FB, 0x7641, 0x0000, 0x7FFF, 0xCF04, 0x7641,
    0xA57D, 0x5A82, 0x89BE, 0x30FB, 0x8000, 0x0000, 0x89BE, 0xCF04, 0xA57D, 0xA57D, 0xCF04, 0x89BE,
];

/// Twiddle factors for 32-point FFT, in Q15 format (1.15 fixed-point), with 48 entries covering the range [0, 3N/4).
/// for i in 0..(3*32/4)
///     TWIDDLE_TABLE_32_U16[2*i] = round(cos(2 * π * i / 32) * 32768)
///     TWIDDLE_TABLE_32_U16[2*i + 1] = round(sin(2 * π * i / 32) * 32768)
pub const TWIDDLE_TABLE_32_U16: [u16; 48] = [
    0x7FFF, 0x0000, 0x7D8A, 0x18F8, 0x7641, 0x30FB, 0x6A6D, 0x471C, 0x5A82, 0x5A82, 0x471C, 0x6A6D,
    0x30FB, 0x7641, 0x18F8, 0x7D8A, 0x0000, 0x7FFF, 0xE707, 0x7D8A, 0xCF04, 0x7641, 0xB8E3, 0x6A6D,
    0xA57D, 0x5A82, 0x9592, 0x471C, 0x89BE, 0x30FB, 0x8275, 0x18F8, 0x8000, 0x0000, 0x8275, 0xE707,
    0x89BE, 0xCF04, 0x9592, 0xB8E3, 0xA57D, 0xA57D, 0xB8E3, 0x9592, 0xCF04, 0x89BE, 0xE707, 0x8275,
];

/// Twiddle factors for 64-point FFT, in Q15 format (1.15 fixed-point), with 96 entries covering the range [0, 3N/4).
/// for i in 0..(3*64/4)
///     TWIDDLE_TABLE_64_U16[2*i] = round(cos(2 * π * i / 64) * 32768)
///     TWIDDLE_TABLE_64_U16[2*i + 1] = round(sin(2 * π * i / 64) * 32768)
pub const TWIDDLE_TABLE_64_U16: [u16; 96] = [
    0x7FFF, 0x0000, 0x7F62, 0x0C8B, 0x7D8A, 0x18F8, 0x7A7D, 0x2528, 0x7641, 0x30FB, 0x70E2, 0x3C56,
    0x6A6D, 0x471C, 0x62F2, 0x5133, 0x5A82, 0x5A82, 0x5133, 0x62F2, 0x471C, 0x6A6D, 0x3C56, 0x70E2,
    0x30FB, 0x7641, 0x2528, 0x7A7D, 0x18F8, 0x7D8A, 0x0C8B, 0x7F62, 0x0000, 0x7FFF, 0xF374, 0x7F62,
    0xE707, 0x7D8A, 0xDAD7, 0x7A7D, 0xCF04, 0x7641, 0xC3A9, 0x70E2, 0xB8E3, 0x6A6D, 0xAECC, 0x62F2,
    0xA57D, 0x5A82, 0x9D0D, 0x5133, 0x9592, 0x471C, 0x8F1D, 0x3C56, 0x89BE, 0x30FB, 0x8582, 0x2528,
    0x8275, 0x18F8, 0x809D, 0x0C8B, 0x8000, 0x0000, 0x809D, 0xF374, 0x8275, 0xE707, 0x8582, 0xDAD7,
    0x89BE, 0xCF04, 0x8F1D, 0xC3A9, 0x9592, 0xB8E3, 0x9D0D, 0xAECC, 0xA57D, 0xA57D, 0xAECC, 0x9D0D,
    0xB8E3, 0x9592, 0xC3A9, 0x8F1D, 0xCF04, 0x89BE, 0xDAD7, 0x8582, 0xE707, 0x8275, 0xF374, 0x809D,
];

/// Twiddle factors for 128-point FFT, in Q15 format (1.15 fixed-point), with 192 entries covering the range [0, 3N/4).
/// for i in 0..(3*128/4)
///     TWIDDLE_TABLE_128_U16[2*i] = round(cos(2 * π * i / 128) * 32768)
///     TWIDDLE_TABLE_128_U16[2*i + 1] = round(sin(2 * π * i / 128) * 32768)
pub const TWIDDLE_TABLE_128_U16: [u16; 192] = [
    0x7FFF, 0x0000, 0x7FD8, 0x0647, 0x7F62, 0x0C8B, 0x7E9D, 0x12C8, 0x7D8A, 0x18F8, 0x7C29, 0x1F19,
    0x7A7D, 0x2528, 0x7884, 0x2B1F, 0x7641, 0x30FB, 0x73B5, 0x36BA, 0x70E2, 0x3C56, 0x6DCA, 0x41CE,
    0x6A6D, 0x471C, 0x66CF, 0x4C3F, 0x62F2, 0x5133, 0x5ED7, 0x55F5, 0x5A82, 0x5A82, 0x55F5, 0x5ED7,
    0x5133, 0x62F2, 0x4C3F, 0x66CF, 0x471C, 0x6A6D, 0x41CE, 0x6DCA, 0x3C56, 0x70E2, 0x36BA, 0x73B5,
    0x30FB, 0x7641, 0x2B1F, 0x7884, 0x2528, 0x7A7D, 0x1F19, 0x7C29, 0x18F8, 0x7D8A, 0x12C8, 0x7E9D,
    0x0C8B, 0x7F62, 0x0647, 0x7FD8, 0x0000, 0x7FFF, 0xF9B8, 0x7FD8, 0xF374, 0x7F62, 0xED37, 0x7E9D,
    0xE707, 0x7D8A, 0xE0E6, 0x7C29, 0xDAD7, 0x7A7D, 0xD4E0, 0x7884, 0xCF04, 0x7641, 0xC945, 0x73B5,
    0xC3A9, 0x70E2, 0xBE31, 0x6DCA, 0xB8E3, 0x6A6D, 0xB3C0, 0x66CF, 0xAECC, 0x62F2, 0xAA0A, 0x5ED7,
    0xA57D, 0x5A82, 0xA128, 0x55F5, 0x9D0D, 0x5133, 0x9930, 0x4C3F, 0x9592, 0x471C, 0x9235, 0x41CE,
    0x8F1D, 0x3C56, 0x8C4A, 0x36BA, 0x89BE, 0x30FB, 0x877B, 0x2B1F, 0x8582, 0x2528, 0x83D6, 0x1F19,
    0x8275, 0x18F8, 0x8162, 0x12C8, 0x809D, 0x0C8B, 0x8027, 0x0647, 0x8000, 0x0000, 0x8027, 0xF9B8,
    0x809D, 0xF374, 0x8162, 0xED37, 0x8275, 0xE707, 0x83D6, 0xE0E6, 0x8582, 0xDAD7, 0x877B, 0xD4E0,
    0x89BE, 0xCF04, 0x8C4A, 0xC945, 0x8F1D, 0xC3A9, 0x9235, 0xBE31, 0x9592, 0xB8E3, 0x9930, 0xB3C0,
    0x9D0D, 0xAECC, 0xA128, 0xAA0A, 0xA57D, 0xA57D, 0xAA0A, 0xA128, 0xAECC, 0x9D0D, 0xB3C0, 0x9930,
    0xB8E3, 0x9592, 0xBE31, 0x9235, 0xC3A9, 0x8F1D, 0xC945, 0x8C4A, 0xCF04, 0x89BE, 0xD4E0, 0x877B,
    0xDAD7, 0x8582, 0xE0E6, 0x83D6, 0xE707, 0x8275, 0xED37, 0x8162, 0xF374, 0x809D, 0xF9B8, 0x8027,
];

/// Twiddle factors for 256-point FFT, in Q15 format (1.15 fixed-point), with 384 entries covering the range [0, 3N/4).
/// for i in 0..(3*256/4)
///     TWIDDLE_TABLE_256_U16[2*i] = round(cos(2 * π * i / 256) * 32768)
///     TWIDDLE_TABLE_256_U16[2*i + 1] = round(sin(2 * π * i / 256) * 32768)
pub const TWIDDLE_TABLE_256_U16: [u16; 384] = [
    0x7FFF, 0x0000, 0x7FF6, 0x0324, 0x7FD8, 0x0647, 0x7FA7, 0x096A, 0x7F62, 0x0C8B, 0x7F09, 0x0FAB,
    0x7E9D, 0x12C8, 0x7E1D, 0x15E2, 0x7D8A, 0x18F8, 0x7CE3, 0x1C0B, 0x7C29, 0x1F19, 0x7B5D, 0x2223,
    0x7A7D, 0x2528, 0x798A, 0x2826, 0x7884, 0x2B1F, 0x776C, 0x2E11, 0x7641, 0x30FB, 0x7504, 0x33DE,
    0x73B5, 0x36BA, 0x7255, 0x398C, 0x70E2, 0x3C56, 0x6F5F, 0x3F17, 0x6DCA, 0x41CE, 0x6C24, 0x447A,
    0x6A6D, 0x471C, 0x68A6, 0x49B4, 0x66CF, 0x4C3F, 0x64E8, 0x4EBF, 0x62F2, 0x5133, 0x60EC, 0x539B,
    0x5ED7, 0x55F5, 0x5CB4, 0x5842, 0x5A82, 0x5A82, 0x5842, 0x5CB4, 0x55F5, 0x5ED7, 0x539B, 0x60EC,
    0x5133, 0x62F2, 0x4EBF, 0x64E8, 0x4C3F, 0x66CF, 0x49B4, 0x68A6, 0x471C, 0x6A6D, 0x447A, 0x6C24,
    0x41CE, 0x6DCA, 0x3F17, 0x6F5F, 0x3C56, 0x70E2, 0x398C, 0x7255, 0x36BA, 0x73B5, 0x33DE, 0x7504,
    0x30FB, 0x7641, 0x2E11, 0x776C, 0x2B1F, 0x7884, 0x2826, 0x798A, 0x2528, 0x7A7D, 0x2223, 0x7B5D,
    0x1F19, 0x7C29, 0x1C0B, 0x7CE3, 0x18F8, 0x7D8A, 0x15E2, 0x7E1D, 0x12C8, 0x7E9D, 0x0FAB, 0x7F09,
    0x0C8B, 0x7F62, 0x096A, 0x7FA7, 0x0647, 0x7FD8, 0x0324, 0x7FF6, 0x0000, 0x7FFF, 0xFCDB, 0x7FF6,
    0xF9B8, 0x7FD8, 0xF695, 0x7FA7, 0xF374, 0x7F62, 0xF054, 0x7F09, 0xED37, 0x7E9D, 0xEA1D, 0x7E1D,
    0xE707, 0x7D8A, 0xE3F4, 0x7CE3, 0xE0E6, 0x7C29, 0xDDDC, 0x7B5D, 0xDAD7, 0x7A7D, 0xD7D9, 0x798A,
    0xD4E0, 0x7884, 0xD1EE, 0x776C, 0xCF04, 0x7641, 0xCC21, 0x7504, 0xC945, 0x73B5, 0xC673, 0x7255,
    0xC3A9, 0x70E2, 0xC0E8, 0x6F5F, 0xBE31, 0x6DCA, 0xBB85, 0x6C24, 0xB8E3, 0x6A6D, 0xB64B, 0x68A6,
    0xB3C0, 0x66CF, 0xB140, 0x64E8, 0xAECC, 0x62F2, 0xAC64, 0x60EC, 0xAA0A, 0x5ED7, 0xA7BD, 0x5CB4,
    0xA57D, 0x5A82, 0xA34B, 0x5842, 0xA128, 0x55F5, 0x9F13, 0x539B, 0x9D0D, 0x5133, 0x9B17, 0x4EBF,
    0x9930, 0x4C3F, 0x9759, 0x49B4, 0x9592, 0x471C, 0x93DB, 0x447A, 0x9235, 0x41CE, 0x90A0, 0x3F17,
    0x8F1D, 0x3C56, 0x8DAA, 0x398C, 0x8C4A, 0x36BA, 0x8AFB, 0x33DE, 0x89BE, 0x30FB, 0x8893, 0x2E11,
    0x877B, 0x2B1F, 0x8675, 0x2826, 0x8582, 0x2528, 0x84A2, 0x2223, 0x83D6, 0x1F19, 0x831C, 0x1C0B,
    0x8275, 0x18F8, 0x81E2, 0x15E2, 0x8162, 0x12C8, 0x80F6, 0x0FAB, 0x809D, 0x0C8B, 0x8058, 0x096A,
    0x8027, 0x0647, 0x8009, 0x0324, 0x8000, 0x0000, 0x8009, 0xFCDB, 0x8027, 0xF9B8, 0x8058, 0xF695,
    0x809D, 0xF374, 0x80F6, 0xF054, 0x8162, 0xED37, 0x81E2, 0xEA1D, 0x8275, 0xE707, 0x831C, 0xE3F4,
    0x83D6, 0xE0E6, 0x84A2, 0xDDDC, 0x8582, 0xDAD7, 0x8675, 0xD7D9, 0x877B, 0xD4E0, 0x8893, 0xD1EE,
    0x89BE, 0xCF04, 0x8AFB, 0xCC21, 0x8C4A, 0xC945, 0x8DAA, 0xC673, 0x8F1D, 0xC3A9, 0x90A0, 0xC0E8,
    0x9235, 0xBE31, 0x93DB, 0xBB85, 0x9592, 0xB8E3, 0x9759, 0xB64B, 0x9930, 0xB3C0, 0x9B17, 0xB140,
    0x9D0D, 0xAECC, 0x9F13, 0xAC64, 0xA128, 0xAA0A, 0xA34B, 0xA7BD, 0xA57D, 0xA57D, 0xA7BD, 0xA34B,
    0xAA0A, 0xA128, 0xAC64, 0x9F13, 0xAECC, 0x9D0D, 0xB140, 0x9B17, 0xB3C0, 0x9930, 0xB64B, 0x9759,
    0xB8E3, 0x9592, 0xBB85, 0x93DB, 0xBE31, 0x9235, 0xC0E8, 0x90A0, 0xC3A9, 0x8F1D, 0xC673, 0x8DAA,
    0xC945, 0x8C4A, 0xCC21, 0x8AFB, 0xCF04, 0x89BE, 0xD1EE, 0x8893, 0xD4E0, 0x877B, 0xD7D9, 0x8675,
    0xDAD7, 0x8582, 0xDDDC, 0x84A2, 0xE0E6, 0x83D6, 0xE3F4, 0x831C, 0xE707, 0x8275, 0xEA1D, 0x81E2,
    0xED37, 0x8162, 0xF054, 0x80F6, 0xF374, 0x809D, 0xF695, 0x8058, 0xF9B8, 0x8027, 0xFCDB, 0x8009,
];

/// Twiddle factors for 512-point FFT, in Q15 format (1.15 fixed-point), with 768 entries covering the range [0, 3N/4).
/// for i in 0..(3*512/4)
///     TWIDDLE_TABLE_512_U16[2*i] = round(cos(2 * π * i / 512) * 32768)
///     TWIDDLE_TABLE_512_U16[2*i + 1] = round(sin(2 * π * i / 512) * 32768)
pub const TWIDDLE_TABLE_512_U16: [u16; 768] = [
    0x7FFF, 0x0000, 0x7FFD, 0x0192, 0x7FF6, 0x0324, 0x7FE9, 0x04B6, 0x7FD8, 0x0647, 0x7FC2, 0x07D9,
    0x7FA7, 0x096A, 0x7F87, 0x0AFB, 0x7F62, 0x0C8B, 0x7F38, 0x0E1B, 0x7F09, 0x0FAB, 0x7ED5, 0x1139,
    0x7E9D, 0x12C8, 0x7E5F, 0x1455, 0x7E1D, 0x15E2, 0x7DD6, 0x176D, 0x7D8A, 0x18F8, 0x7D39, 0x1A82,
    0x7CE3, 0x1C0B, 0x7C89, 0x1D93, 0x7C29, 0x1F19, 0x7BC5, 0x209F, 0x7B5D, 0x2223, 0x7AEF, 0x23A6,
    0x7A7D, 0x2528, 0x7A05, 0x26A8, 0x798A, 0x2826, 0x7909, 0x29A3, 0x7884, 0x2B1F, 0x77FA, 0x2C98,
    0x776C, 0x2E11, 0x76D9, 0x2F87, 0x7641, 0x30FB, 0x75A5, 0x326E, 0x7504, 0x33DE, 0x745F, 0x354D,
    0x73B5, 0x36BA, 0x7307, 0x3824, 0x7255, 0x398C, 0x719E, 0x3AF2, 0x70E2, 0x3C56, 0x7023, 0x3DB8,
    0x6F5F, 0x3F17, 0x6E96, 0x4073, 0x6DCA, 0x41CE, 0x6CF9, 0x4325, 0x6C24, 0x447A, 0x6B4A, 0x45CD,
    0x6A6D, 0x471C, 0x698C, 0x4869, 0x68A6, 0x49B4, 0x67BD, 0x4AFB, 0x66CF, 0x4C3F, 0x65DD, 0x4D81,
    0x64E8, 0x4EBF, 0x63EF, 0x4FFB, 0x62F2, 0x5133, 0x61F1, 0x5269, 0x60EC, 0x539B, 0x5FE3, 0x54CA,
    0x5ED7, 0x55F5, 0x5DC7, 0x571D, 0x5CB4, 0x5842, 0x5B9D, 0x5964, 0x5A82, 0x5A82, 0x5964, 0x5B9D,
    0x5842, 0x5CB4, 0x571D, 0x5DC7, 0x55F5, 0x5ED7, 0x54CA, 0x5FE3, 0x539B, 0x60EC, 0x5269, 0x61F1,
    0x5133, 0x62F2, 0x4FFB, 0x63EF, 0x4EBF, 0x64E8, 0x4D81, 0x65DD, 0x4C3F, 0x66CF, 0x4AFB, 0x67BD,
    0x49B4, 0x68A6, 0x4869, 0x698C, 0x471C, 0x6A6D, 0x45CD, 0x6B4A, 0x447A, 0x6C24, 0x4325, 0x6CF9,
    0x41CE, 0x6DCA, 0x4073, 0x6E96, 0x3F17, 0x6F5F, 0x3DB8, 0x7023, 0x3C56, 0x70E2, 0x3AF2, 0x719E,
    0x398C, 0x7255, 0x3824, 0x7307, 0x36BA, 0x73B5, 0x354D, 0x745F, 0x33DE, 0x7504, 0x326E, 0x75A5,
    0x30FB, 0x7641, 0x2F87, 0x76D9, 0x2E11, 0x776C, 0x2C98, 0x77FA, 0x2B1F, 0x7884, 0x29A3, 0x7909,
    0x2826, 0x798A, 0x26A8, 0x7A05, 0x2528, 0x7A7D, 0x23A6, 0x7AEF, 0x2223, 0x7B5D, 0x209F, 0x7BC5,
    0x1F19, 0x7C29, 0x1D93, 0x7C89, 0x1C0B, 0x7CE3, 0x1A82, 0x7D39, 0x18F8, 0x7D8A, 0x176D, 0x7DD6,
    0x15E2, 0x7E1D, 0x1455, 0x7E5F, 0x12C8, 0x7E9D, 0x1139, 0x7ED5, 0x0FAB, 0x7F09, 0x0E1B, 0x7F38,
    0x0C8B, 0x7F62, 0x0AFB, 0x7F87, 0x096A, 0x7FA7, 0x07D9, 0x7FC2, 0x0647, 0x7FD8, 0x04B6, 0x7FE9,
    0x0324, 0x7FF6, 0x0192, 0x7FFD, 0x0000, 0x7FFF, 0xFE6D, 0x7FFD, 0xFCDB, 0x7FF6, 0xFB49, 0x7FE9,
    0xF9B8, 0x7FD8, 0xF826, 0x7FC2, 0xF695, 0x7FA7, 0xF504, 0x7F87, 0xF374, 0x7F62, 0xF1E4, 0x7F38,
    0xF054, 0x7F09, 0xEEC6, 0x7ED5, 0xED37, 0x7E9D, 0xEBAA, 0x7E5F, 0xEA1D, 0x7E1D, 0xE892, 0x7DD6,
    0xE707, 0x7D8A, 0xE57D, 0x7D39, 0xE3F4, 0x7CE3, 0xE26C, 0x7C89, 0xE0E6, 0x7C29, 0xDF60, 0x7BC5,
    0xDDDC, 0x7B5D, 0xDC59, 0x7AEF, 0xDAD7, 0x7A7D, 0xD957, 0x7A05, 0xD7D9, 0x798A, 0xD65C, 0x7909,
    0xD4E0, 0x7884, 0xD367, 0x77FA, 0xD1EE, 0x776C, 0xD078, 0x76D9, 0xCF04, 0x7641, 0xCD91, 0x75A5,
    0xCC21, 0x7504, 0xCAB2, 0x745F, 0xC945, 0x73B5, 0xC7DB, 0x7307, 0xC673, 0x7255, 0xC50D, 0x719E,
    0xC3A9, 0x70E2, 0xC247, 0x7023, 0xC0E8, 0x6F5F, 0xBF8C, 0x6E96, 0xBE31, 0x6DCA, 0xBCDA, 0x6CF9,
    0xBB85, 0x6C24, 0xBA32, 0x6B4A, 0xB8E3, 0x6A6D, 0xB796, 0x698C, 0xB64B, 0x68A6, 0xB504, 0x67BD,
    0xB3C0, 0x66CF, 0xB27E, 0x65DD, 0xB140, 0x64E8, 0xB004, 0x63EF, 0xAECC, 0x62F2, 0xAD96, 0x61F1,
    0xAC64, 0x60EC, 0xAB35, 0x5FE3, 0xAA0A, 0x5ED7, 0xA8E2, 0x5DC7, 0xA7BD, 0x5CB4, 0xA69B, 0x5B9D,
    0xA57D, 0x5A82, 0xA462, 0x5964, 0xA34B, 0x5842, 0xA238, 0x571D, 0xA128, 0x55F5, 0xA01C, 0x54CA,
    0x9F13, 0x539B, 0x9E0E, 0x5269, 0x9D0D, 0x5133, 0x9C10, 0x4FFB, 0x9B17, 0x4EBF, 0x9A22, 0x4D81,
    0x9930, 0x4C3F, 0x9842, 0x4AFB, 0x9759, 0x49B4, 0x9673, 0x4869, 0x9592, 0x471C, 0x94B5, 0x45CD,
    0x93DB, 0x447A, 0x9306, 0x4325, 0x9235, 0x41CE, 0x9169, 0x4073, 0x90A0, 0x3F17, 0x8FDC, 0x3DB8,
    0x8F1D, 0x3C56, 0x8E61, 0x3AF2, 0x8DAA, 0x398C, 0x8CF8, 0x3824, 0x8C4A, 0x36BA, 0x8BA0, 0x354D,
    0x8AFB, 0x33DE, 0x8A5A, 0x326E, 0x89BE, 0x30FB, 0x8926, 0x2F87, 0x8893, 0x2E11, 0x8805, 0x2C98,
    0x877B, 0x2B1F, 0x86F6, 0x29A3, 0x8675, 0x2826, 0x85FA, 0x26A8, 0x8582, 0x2528, 0x8510, 0x23A6,
    0x84A2, 0x2223, 0x843A, 0x209F, 0x83D6, 0x1F19, 0x8376, 0x1D93, 0x831C, 0x1C0B, 0x82C6, 0x1A82,
    0x8275, 0x18F8, 0x8229, 0x176D, 0x81E2, 0x15E2, 0x81A0, 0x1455, 0x8162, 0x12C8, 0x812A, 0x1139,
    0x80F6, 0x0FAB, 0x80C7, 0x0E1B, 0x809D, 0x0C8B, 0x8078, 0x0AFB, 0x8058, 0x096A, 0x803D, 0x07D9,
    0x8027, 0x0647, 0x8016, 0x04B6, 0x8009, 0x0324, 0x8002, 0x0192, 0x8000, 0x0000, 0x8002, 0xFE6D,
    0x8009, 0xFCDB, 0x8016, 0xFB49, 0x8027, 0xF9B8, 0x803D, 0xF826, 0x8058, 0xF695, 0x8078, 0xF504,
    0x809D, 0xF374, 0x80C7, 0xF1E4, 0x80F6, 0xF054, 0x812A, 0xEEC6, 0x8162, 0xED37, 0x81A0, 0xEBAA,
    0x81E2, 0xEA1D, 0x8229, 0xE892, 0x8275, 0xE707, 0x82C6, 0xE57D, 0x831C, 0xE3F4, 0x8376, 0xE26C,
    0x83D6, 0xE0E6, 0x843A, 0xDF60, 0x84A2, 0xDDDC, 0x8510, 0xDC59, 0x8582, 0xDAD7, 0x85FA, 0xD957,
    0x8675, 0xD7D9, 0x86F6, 0xD65C, 0x877B, 0xD4E0, 0x8805, 0xD367, 0x8893, 0xD1EE, 0x8926, 0xD078,
    0x89BE, 0xCF04, 0x8A5A, 0xCD91, 0x8AFB, 0xCC21, 0x8BA0, 0xCAB2, 0x8C4A, 0xC945, 0x8CF8, 0xC7DB,
    0x8DAA, 0xC673, 0x8E61, 0xC50D, 0x8F1D, 0xC3A9, 0x8FDC, 0xC247, 0x90A0, 0xC0E8, 0x9169, 0xBF8C,
    0x9235, 0xBE31, 0x9306, 0xBCDA, 0x93DB, 0xBB85, 0x94B5, 0xBA32, 0x9592, 0xB8E3, 0x9673, 0xB796,
    0x9759, 0xB64B, 0x9842, 0xB504, 0x9930, 0xB3C0, 0x9A22, 0xB27E, 0x9B17, 0xB140, 0x9C10, 0xB004,
    0x9D0D, 0xAECC, 0x9E0E, 0xAD96, 0x9F13, 0xAC64, 0xA01C, 0xAB35, 0xA128, 0xAA0A, 0xA238, 0xA8E2,
    0xA34B, 0xA7BD, 0xA462, 0xA69B, 0xA57D, 0xA57D, 0xA69B, 0xA462, 0xA7BD, 0xA34B, 0xA8E2, 0xA238,
    0xAA0A, 0xA128, 0xAB35, 0xA01C, 0xAC64, 0x9F13, 0xAD96, 0x9E0E, 0xAECC, 0x9D0D, 0xB004, 0x9C10,
    0xB140, 0x9B17, 0xB27E, 0x9A22, 0xB3C0, 0x9930, 0xB504, 0x9842, 0xB64B, 0x9759, 0xB796, 0x9673,
    0xB8E3, 0x9592, 0xBA32, 0x94B5, 0xBB85, 0x93DB, 0xBCDA, 0x9306, 0xBE31, 0x9235, 0xBF8C, 0x9169,
    0xC0E8, 0x90A0, 0xC247, 0x8FDC, 0xC3A9, 0x8F1D, 0xC50D, 0x8E61, 0xC673, 0x8DAA, 0xC7DB, 0x8CF8,
    0xC945, 0x8C4A, 0xCAB2, 0x8BA0, 0xCC21, 0x8AFB, 0xCD91, 0x8A5A, 0xCF04, 0x89BE, 0xD078, 0x8926,
    0xD1EE, 0x8893, 0xD367, 0x8805, 0xD4E0, 0x877B, 0xD65C, 0x86F6, 0xD7D9, 0x8675, 0xD957, 0x85FA,
    0xDAD7, 0x8582, 0xDC59, 0x8510, 0xDDDC, 0x84A2, 0xDF60, 0x843A, 0xE0E6, 0x83D6, 0xE26C, 0x8376,
    0xE3F4, 0x831C, 0xE57D, 0x82C6, 0xE707, 0x8275, 0xE892, 0x8229, 0xEA1D, 0x81E2, 0xEBAA, 0x81A0,
    0xED37, 0x8162, 0xEEC6, 0x812A, 0xF054, 0x80F6, 0xF1E4, 0x80C7, 0xF374, 0x809D, 0xF504, 0x8078,
    0xF695, 0x8058, 0xF826, 0x803D, 0xF9B8, 0x8027, 0xFB49, 0x8016, 0xFCDB, 0x8009, 0xFE6D, 0x8002,
];

/// Twiddle factors for 1024-point FFT, in Q15 format (1.15 fixed-point), with 1536 entries covering the range [0, 3N/4).
/// for i in 0..(3*1024/4)
///     TWIDDLE_TABLE_1024_U16[2*i] = round(cos(2 * π * i / 1024) * 32768)
///     TWIDDLE_TABLE_1024_U16[2*i + 1] = round(sin(2 * π * i / 1024) * 32768)
pub const TWIDDLE_TABLE_1024_U16: [u16; 1536] = [
    0x7FFF, 0x0000, 0x7FFF, 0x00C9, 0x7FFD, 0x0192, 0x7FFA, 0x025B, 0x7FF6, 0x0324, 0x7FF0, 0x03ED,
    0x7FE9, 0x04B6, 0x7FE1, 0x057F, 0x7FD8, 0x0647, 0x7FCE, 0x0710, 0x7FC2, 0x07D9, 0x7FB5, 0x08A2,
    0x7FA7, 0x096A, 0x7F97, 0x0A33, 0x7F87, 0x0AFB, 0x7F75, 0x0BC3, 0x7F62, 0x0C8B, 0x7F4D, 0x0D53,
    0x7F38, 0x0E1B, 0x7F21, 0x0EE3, 0x7F09, 0x0FAB, 0x7EF0, 0x1072, 0x7ED5, 0x1139, 0x7EBA, 0x1201,
    0x7E9D, 0x12C8, 0x7E7F, 0x138E, 0x7E5F, 0x1455, 0x7E3F, 0x151B, 0x7E1D, 0x15E2, 0x7DFA, 0x16A8,
    0x7DD6, 0x176D, 0x7DB0, 0x1833, 0x7D8A, 0x18F8, 0x7D62, 0x19BD, 0x7D39, 0x1A82, 0x7D0F, 0x1B47,
    0x7CE3, 0x1C0B, 0x7CB7, 0x1CCF, 0x7C89, 0x1D93, 0x7C5A, 0x1E56, 0x7C29, 0x1F19, 0x7BF8, 0x1FDC,
    0x7BC5, 0x209F, 0x7B92, 0x2161, 0x7B5D, 0x2223, 0x7B26, 0x22E5, 0x7AEF, 0x23A6, 0x7AB6, 0x2467,
    0x7A7D, 0x2528, 0x7A42, 0x25E8, 0x7A05, 0x26A8, 0x79C8, 0x2767, 0x798A, 0x2826, 0x794A, 0x28E5,
    0x7909, 0x29A3, 0x78C7, 0x2A61, 0x7884, 0x2B1F, 0x7840, 0x2BDC, 0x77FA, 0x2C98, 0x77B4, 0x2D55,
    0x776C, 0x2E11, 0x7723, 0x2ECC, 0x76D9, 0x2F87, 0x768E, 0x3041, 0x7641, 0x30FB, 0x75F4, 0x31B5,
    0x75A5, 0x326E, 0x7555, 0x3326, 0x7504, 0x33DE, 0x74B2, 0x3496, 0x745F, 0x354D, 0x740B, 0x3604,
    0x73B5, 0x36BA, 0x735F, 0x376F, 0x7307, 0x3824, 0x72AF, 0x38D8, 0x7255, 0x398C, 0x71FA, 0x3A40,
    0x719E, 0x3AF2, 0x7141, 0x3BA5, 0x70E2, 0x3C56, 0x7083, 0x3D07, 0x7023, 0x3DB8, 0x6FC1, 0x3E68,
    0x6F5F, 0x3F17, 0x6EFB, 0x3FC5, 0x6E96, 0x4073, 0x6E30, 0x4121, 0x6DCA, 0x41CE, 0x6D62, 0x427A,
    0x6CF9, 0x4325, 0x6C8F, 0x43D0, 0x6C24, 0x447A, 0x6BB8, 0x4524, 0x6B4A, 0x45CD, 0x6ADC, 0x4675,
    0x6A6D, 0x471C, 0x69FD, 0x47C3, 0x698C, 0x4869, 0x6919, 0x490F, 0x68A6, 0x49B4, 0x6832, 0x4A58,
    0x67BD, 0x4AFB, 0x6746, 0x4B9E, 0x66CF, 0x4C3F, 0x6657, 0x4CE1, 0x65DD, 0x4D81, 0x6563, 0x4E21,
    0x64E8, 0x4EBF, 0x646C, 0x4F5E, 0x63EF, 0x4FFB, 0x6371, 0x5097, 0x62F2, 0x5133, 0x6271, 0x51CE,
    0x61F1, 0x5269, 0x616F, 0x5302, 0x60EC, 0x539B, 0x6068, 0x5433, 0x5FE3, 0x54CA, 0x5F5E, 0x5560,
    0x5ED7, 0x55F5, 0x5E50, 0x568A, 0x5DC7, 0x571D, 0x5D3E, 0x57B0, 0x5CB4, 0x5842, 0x5C29, 0x58D4,
    0x5B9D, 0x5964, 0x5B10, 0x59F3, 0x5A82, 0x5A82, 0x59F3, 0x5B10, 0x5964, 0x5B9D, 0x58D4, 0x5C29,
    0x5842, 0x5CB4, 0x57B0, 0x5D3E, 0x571D, 0x5DC7, 0x568A, 0x5E50, 0x55F5, 0x5ED7, 0x5560, 0x5F5E,
    0x54CA, 0x5FE3, 0x5433, 0x6068, 0x539B, 0x60EC, 0x5302, 0x616F, 0x5269, 0x61F1, 0x51CE, 0x6271,
    0x5133, 0x62F2, 0x5097, 0x6371, 0x4FFB, 0x63EF, 0x4F5E, 0x646C, 0x4EBF, 0x64E8, 0x4E21, 0x6563,
    0x4D81, 0x65DD, 0x4CE1, 0x6657, 0x4C3F, 0x66CF, 0x4B9E, 0x6746, 0x4AFB, 0x67BD, 0x4A58, 0x6832,
    0x49B4, 0x68A6, 0x490F, 0x6919, 0x4869, 0x698C, 0x47C3, 0x69FD, 0x471C, 0x6A6D, 0x4675, 0x6ADC,
    0x45CD, 0x6B4A, 0x4524, 0x6BB8, 0x447A, 0x6C24, 0x43D0, 0x6C8F, 0x4325, 0x6CF9, 0x427A, 0x6D62,
    0x41CE, 0x6DCA, 0x4121, 0x6E30, 0x4073, 0x6E96, 0x3FC5, 0x6EFB, 0x3F17, 0x6F5F, 0x3E68, 0x6FC1,
    0x3DB8, 0x7023, 0x3D07, 0x7083, 0x3C56, 0x70E2, 0x3BA5, 0x7141, 0x3AF2, 0x719E, 0x3A40, 0x71FA,
    0x398C, 0x7255, 0x38D8, 0x72AF, 0x3824, 0x7307, 0x376F, 0x735F, 0x36BA, 0x73B5, 0x3604, 0x740B,
    0x354D, 0x745F, 0x3496, 0x74B2, 0x33DE, 0x7504, 0x3326, 0x7555, 0x326E, 0x75A5, 0x31B5, 0x75F4,
    0x30FB, 0x7641, 0x3041, 0x768E, 0x2F87, 0x76D9, 0x2ECC, 0x7723, 0x2E11, 0x776C, 0x2D55, 0x77B4,
    0x2C98, 0x77FA, 0x2BDC, 0x7840, 0x2B1F, 0x7884, 0x2A61, 0x78C7, 0x29A3, 0x7909, 0x28E5, 0x794A,
    0x2826, 0x798A, 0x2767, 0x79C8, 0x26A8, 0x7A05, 0x25E8, 0x7A42, 0x2528, 0x7A7D, 0x2467, 0x7AB6,
    0x23A6, 0x7AEF, 0x22E5, 0x7B26, 0x2223, 0x7B5D, 0x2161, 0x7B92, 0x209F, 0x7BC5, 0x1FDC, 0x7BF8,
    0x1F19, 0x7C29, 0x1E56, 0x7C5A, 0x1D93, 0x7C89, 0x1CCF, 0x7CB7, 0x1C0B, 0x7CE3, 0x1B47, 0x7D0F,
    0x1A82, 0x7D39, 0x19BD, 0x7D62, 0x18F8, 0x7D8A, 0x1833, 0x7DB0, 0x176D, 0x7DD6, 0x16A8, 0x7DFA,
    0x15E2, 0x7E1D, 0x151B, 0x7E3F, 0x1455, 0x7E5F, 0x138E, 0x7E7F, 0x12C8, 0x7E9D, 0x1201, 0x7EBA,
    0x1139, 0x7ED5, 0x1072, 0x7EF0, 0x0FAB, 0x7F09, 0x0EE3, 0x7F21, 0x0E1B, 0x7F38, 0x0D53, 0x7F4D,
    0x0C8B, 0x7F62, 0x0BC3, 0x7F75, 0x0AFB, 0x7F87, 0x0A33, 0x7F97, 0x096A, 0x7FA7, 0x08A2, 0x7FB5,
    0x07D9, 0x7FC2, 0x0710, 0x7FCE, 0x0647, 0x7FD8, 0x057F, 0x7FE1, 0x04B6, 0x7FE9, 0x03ED, 0x7FF0,
    0x0324, 0x7FF6, 0x025B, 0x7FFA, 0x0192, 0x7FFD, 0x00C9, 0x7FFF, 0x0000, 0x7FFF, 0xFF36, 0x7FFF,
    0xFE6D, 0x7FFD, 0xFDA4, 0x7FFA, 0xFCDB, 0x7FF6, 0xFC12, 0x7FF0, 0xFB49, 0x7FE9, 0xFA80, 0x7FE1,
    0xF9B8, 0x7FD8, 0xF8EF, 0x7FCE, 0xF826, 0x7FC2, 0xF75D, 0x7FB5, 0xF695, 0x7FA7, 0xF5CC, 0x7F97,
    0xF504, 0x7F87, 0xF43C, 0x7F75, 0xF374, 0x7F62, 0xF2AC, 0x7F4D, 0xF1E4, 0x7F38, 0xF11C, 0x7F21,
    0xF054, 0x7F09, 0xEF8D, 0x7EF0, 0xEEC6, 0x7ED5, 0xEDFE, 0x7EBA, 0xED37, 0x7E9D, 0xEC71, 0x7E7F,
    0xEBAA, 0x7E5F, 0xEAE4, 0x7E3F, 0xEA1D, 0x7E1D, 0xE957, 0x7DFA, 0xE892, 0x7DD6, 0xE7CC, 0x7DB0,
    0xE707, 0x7D8A, 0xE642, 0x7D62, 0xE57D, 0x7D39, 0xE4B8, 0x7D0F, 0xE3F4, 0x7CE3, 0xE330, 0x7CB7,
    0xE26C, 0x7C89, 0xE1A9, 0x7C5A, 0xE0E6, 0x7C29, 0xE023, 0x7BF8, 0xDF60, 0x7BC5, 0xDE9E, 0x7B92,
    0xDDDC, 0x7B5D, 0xDD1A, 0x7B26, 0xDC59, 0x7AEF, 0xDB98, 0x7AB6, 0xDAD7, 0x7A7D, 0xDA17, 0x7A42,
    0xD957, 0x7A05, 0xD898, 0x79C8, 0xD7D9, 0x798A, 0xD71A, 0x794A, 0xD65C, 0x7909, 0xD59E, 0x78C7,
    0xD4E0, 0x7884, 0xD423, 0x7840, 0xD367, 0x77FA, 0xD2AA, 0x77B4, 0xD1EE, 0x776C, 0xD133, 0x7723,
    0xD078, 0x76D9, 0xCFBE, 0x768E, 0xCF04, 0x7641, 0xCE4A, 0x75F4, 0xCD91, 0x75A5, 0xCCD9, 0x7555,
    0xCC21, 0x7504, 0xCB69, 0x74B2, 0xCAB2, 0x745F, 0xC9FB, 0x740B, 0xC945, 0x73B5, 0xC890, 0x735F,
    0xC7DB, 0x7307, 0xC727, 0x72AF, 0xC673, 0x7255, 0xC5BF, 0x71FA, 0xC50D, 0x719E, 0xC45A, 0x7141,
    0xC3A9, 0x70E2, 0xC2F8, 0x7083, 0xC247, 0x7023, 0xC197, 0x6FC1, 0xC0E8, 0x6F5F, 0xC03A, 0x6EFB,
    0xBF8C, 0x6E96, 0xBEDE, 0x6E30, 0xBE31, 0x6DCA, 0xBD85, 0x6D62, 0xBCDA, 0x6CF9, 0xBC2F, 0x6C8F,
    0xBB85, 0x6C24, 0xBADB, 0x6BB8, 0xBA32, 0x6B4A, 0xB98A, 0x6ADC, 0xB8E3, 0x6A6D, 0xB83C, 0x69FD,
    0xB796, 0x698C, 0xB6F0, 0x6919, 0xB64B, 0x68A6, 0xB5A7, 0x6832, 0xB504, 0x67BD, 0xB461, 0x6746,
    0xB3C0, 0x66CF, 0xB31E, 0x6657, 0xB27E, 0x65DD, 0xB1DE, 0x6563, 0xB140, 0x64E8, 0xB0A1, 0x646C,
    0xB004, 0x63EF, 0xAF68, 0x6371, 0xAECC, 0x62F2, 0xAE31, 0x6271, 0xAD96, 0x61F1, 0xACFD, 0x616F,
    0xAC64, 0x60EC, 0xABCC, 0x6068, 0xAB35, 0x5FE3, 0xAA9F, 0x5F5E, 0xAA0A, 0x5ED7, 0xA975, 0x5E50,
    0xA8E2, 0x5DC7, 0xA84F, 0x5D3E, 0xA7BD, 0x5CB4, 0xA72B, 0x5C29, 0xA69B, 0x5B9D, 0xA60C, 0x5B10,
    0xA57D, 0x5A82, 0xA4EF, 0x59F3, 0xA462, 0x5964, 0xA3D6, 0x58D4, 0xA34B, 0x5842, 0xA2C1, 0x57B0,
    0xA238, 0x571D, 0xA1AF, 0x568A, 0xA128, 0x55F5, 0xA0A1, 0x5560, 0xA01C, 0x54CA, 0x9F97, 0x5433,
    0x9F13, 0x539B, 0x9E90, 0x5302, 0x9E0E, 0x5269, 0x9D8E, 0x51CE, 0x9D0D, 0x5133, 0x9C8E, 0x5097,
    0x9C10, 0x4FFB, 0x9B93, 0x4F5E, 0x9B17, 0x4EBF, 0x9A9C, 0x4E21, 0x9A22, 0x4D81, 0x99A8, 0x4CE1,
    0x9930, 0x4C3F, 0x98B9, 0x4B9E, 0x9842, 0x4AFB, 0x97CD, 0x4A58, 0x9759, 0x49B4, 0x96E6, 0x490F,
    0x9673, 0x4869, 0x9602, 0x47C3, 0x9592, 0x471C, 0x9523, 0x4675, 0x94B5, 0x45CD, 0x9447, 0x4524,
    0x93DB, 0x447A, 0x9370, 0x43D0, 0x9306, 0x4325, 0x929D, 0x427A, 0x9235, 0x41CE, 0x91CF, 0x4121,
    0x9169, 0x4073, 0x9104, 0x3FC5, 0x90A0, 0x3F17, 0x903E, 0x3E68, 0x8FDC, 0x3DB8, 0x8F7C, 0x3D07,
    0x8F1D, 0x3C56, 0x8EBE, 0x3BA5, 0x8E61, 0x3AF2, 0x8E05, 0x3A40, 0x8DAA, 0x398C, 0x8D50, 0x38D8,
    0x8CF8, 0x3824, 0x8CA0, 0x376F, 0x8C4A, 0x36BA, 0x8BF4, 0x3604, 0x8BA0, 0x354D, 0x8B4D, 0x3496,
    0x8AFB, 0x33DE, 0x8AAA, 0x3326, 0x8A5A, 0x326E, 0x8A0B, 0x31B5, 0x89BE, 0x30FB, 0x8971, 0x3041,
    0x8926, 0x2F87, 0x88DC, 0x2ECC, 0x8893, 0x2E11, 0x884B, 0x2D55, 0x8805, 0x2C98, 0x87BF, 0x2BDC,
    0x877B, 0x2B1F, 0x8738, 0x2A61, 0x86F6, 0x29A3, 0x86B5, 0x28E5, 0x8675, 0x2826, 0x8637, 0x2767,
    0x85FA, 0x26A8, 0x85BD, 0x25E8, 0x8582, 0x2528, 0x8549, 0x2467, 0x8510, 0x23A6, 0x84D9, 0x22E5,
    0x84A2, 0x2223, 0x846D, 0x2161, 0x843A, 0x209F, 0x8407, 0x1FDC, 0x83D6, 0x1F19, 0x83A5, 0x1E56,
    0x8376, 0x1D93, 0x8348, 0x1CCF, 0x831C, 0x1C0B, 0x82F0, 0x1B47, 0x82C6, 0x1A82, 0x829D, 0x19BD,
    0x8275, 0x18F8, 0x824F, 0x1833, 0x8229, 0x176D, 0x8205, 0x16A8, 0x81E2, 0x15E2, 0x81C0, 0x151B,
    0x81A0, 0x1455, 0x8180, 0x138E, 0x8162, 0x12C8, 0x8145, 0x1201, 0x812A, 0x1139, 0x810F, 0x1072,
    0x80F6, 0x0FAB, 0x80DE, 0x0EE3, 0x80C7, 0x0E1B, 0x80B2, 0x0D53, 0x809D, 0x0C8B, 0x808A, 0x0BC3,
    0x8078, 0x0AFB, 0x8068, 0x0A33, 0x8058, 0x096A, 0x804A, 0x08A2, 0x803D, 0x07D9, 0x8031, 0x0710,
    0x8027, 0x0647, 0x801E, 0x057F, 0x8016, 0x04B6, 0x800F, 0x03ED, 0x8009, 0x0324, 0x8005, 0x025B,
    0x8002, 0x0192, 0x8000, 0x00C9, 0x8000, 0x0000, 0x8000, 0xFF36, 0x8002, 0xFE6D, 0x8005, 0xFDA4,
    0x8009, 0xFCDB, 0x800F, 0xFC12, 0x8016, 0xFB49, 0x801E, 0xFA80, 0x8027, 0xF9B8, 0x8031, 0xF8EF,
    0x803D, 0xF826, 0x804A, 0xF75D, 0x8058, 0xF695, 0x8068, 0xF5CC, 0x8078, 0xF504, 0x808A, 0xF43C,
    0x809D, 0xF374, 0x80B2, 0xF2AC, 0x80C7, 0xF1E4, 0x80DE, 0xF11C, 0x80F6, 0xF054, 0x810F, 0xEF8D,
    0x812A, 0xEEC6, 0x8145, 0xEDFE, 0x8162, 0xED37, 0x8180, 0xEC71, 0x81A0, 0xEBAA, 0x81C0, 0xEAE4,
    0x81E2, 0xEA1D, 0x8205, 0xE957, 0x8229, 0xE892, 0x824F, 0xE7CC, 0x8275, 0xE707, 0x829D, 0xE642,
    0x82C6, 0xE57D, 0x82F0, 0xE4B8, 0x831C, 0xE3F4, 0x8348, 0xE330, 0x8376, 0xE26C, 0x83A5, 0xE1A9,
    0x83D6, 0xE0E6, 0x8407, 0xE023, 0x843A, 0xDF60, 0x846D, 0xDE9E, 0x84A2, 0xDDDC, 0x84D9, 0xDD1A,
    0x8510, 0xDC59, 0x8549, 0xDB98, 0x8582, 0xDAD7, 0x85BD, 0xDA17, 0x85FA, 0xD957, 0x8637, 0xD898,
    0x8675, 0xD7D9, 0x86B5, 0xD71A, 0x86F6, 0xD65C, 0x8738, 0xD59E, 0x877B, 0xD4E0, 0x87BF, 0xD423,
    0x8805, 0xD367, 0x884B, 0xD2AA, 0x8893, 0xD1EE, 0x88DC, 0xD133, 0x8926, 0xD078, 0x8971, 0xCFBE,
    0x89BE, 0xCF04, 0x8A0B, 0xCE4A, 0x8A5A, 0xCD91, 0x8AAA, 0xCCD9, 0x8AFB, 0xCC21, 0x8B4D, 0xCB69,
    0x8BA0, 0xCAB2, 0x8BF4, 0xC9FB, 0x8C4A, 0xC945, 0x8CA0, 0xC890, 0x8CF8, 0xC7DB, 0x8D50, 0xC727,
    0x8DAA, 0xC673, 0x8E05, 0xC5BF, 0x8E61, 0xC50D, 0x8EBE, 0xC45A, 0x8F1D, 0xC3A9, 0x8F7C, 0xC2F8,
    0x8FDC, 0xC247, 0x903E, 0xC197, 0x90A0, 0xC0E8, 0x9104, 0xC03A, 0x9169, 0xBF8C, 0x91CF, 0xBEDE,
    0x9235, 0xBE31, 0x929D, 0xBD85, 0x9306, 0xBCDA, 0x9370, 0xBC2F, 0x93DB, 0xBB85, 0x9447, 0xBADB,
    0x94B5, 0xBA32, 0x9523, 0xB98A, 0x9592, 0xB8E3, 0x9602, 0xB83C, 0x9673, 0xB796, 0x96E6, 0xB6F0,
    0x9759, 0xB64B, 0x97CD, 0xB5A7, 0x9842, 0xB504, 0x98B9, 0xB461, 0x9930, 0xB3C0, 0x99A8, 0xB31E,
    0x9A22, 0xB27E, 0x9A9C, 0xB1DE, 0x9B17, 0xB140, 0x9B93, 0xB0A1, 0x9C10, 0xB004, 0x9C8E, 0xAF68,
    0x9D0D, 0xAECC, 0x9D8E, 0xAE31, 0x9E0E, 0xAD96, 0x9E90, 0xACFD, 0x9F13, 0xAC64, 0x9F97, 0xABCC,
    0xA01C, 0xAB35, 0xA0A1, 0xAA9F, 0xA128, 0xAA0A, 0xA1AF, 0xA975, 0xA238, 0xA8E2, 0xA2C1, 0xA84F,
    0xA34B, 0xA7BD, 0xA3D6, 0xA72B, 0xA462, 0xA69B, 0xA4EF, 0xA60C, 0xA57D, 0xA57D, 0xA60C, 0xA4EF,
    0xA69B, 0xA462, 0xA72B, 0xA3D6, 0xA7BD, 0xA34B, 0xA84F, 0xA2C1, 0xA8E2, 0xA238, 0xA975, 0xA1AF,
    0xAA0A, 0xA128, 0xAA9F, 0xA0A1, 0xAB35, 0xA01C, 0xABCC, 0x9F97, 0xAC64, 0x9F13, 0xACFD, 0x9E90,
    0xAD96, 0x9E0E, 0xAE31, 0x9D8E, 0xAECC, 0x9D0D, 0xAF68, 0x9C8E, 0xB004, 0x9C10, 0xB0A1, 0x9B93,
    0xB140, 0x9B17, 0xB1DE, 0x9A9C, 0xB27E, 0x9A22, 0xB31E, 0x99A8, 0xB3C0, 0x9930, 0xB461, 0x98B9,
    0xB504, 0x9842, 0xB5A7, 0x97CD, 0xB64B, 0x9759, 0xB6F0, 0x96E6, 0xB796, 0x9673, 0xB83C, 0x9602,
    0xB8E3, 0x9592, 0xB98A, 0x9523, 0xBA32, 0x94B5, 0xBADB, 0x9447, 0xBB85, 0x93DB, 0xBC2F, 0x9370,
    0xBCDA, 0x9306, 0xBD85, 0x929D, 0xBE31, 0x9235, 0xBEDE, 0x91CF, 0xBF8C, 0x9169, 0xC03A, 0x9104,
    0xC0E8, 0x90A0, 0xC197, 0x903E, 0xC247, 0x8FDC, 0xC2F8, 0x8F7C, 0xC3A9, 0x8F1D, 0xC45A, 0x8EBE,
    0xC50D, 0x8E61, 0xC5BF, 0x8E05, 0xC673, 0x8DAA, 0xC727, 0x8D50, 0xC7DB, 0x8CF8, 0xC890, 0x8CA0,
    0xC945, 0x8C4A, 0xC9FB, 0x8BF4, 0xCAB2, 0x8BA0, 0xCB69, 0x8B4D, 0xCC21, 0x8AFB, 0xCCD9, 0x8AAA,
    0xCD91, 0x8A5A, 0xCE4A, 0x8A0B, 0xCF04, 0x89BE, 0xCFBE, 0x8971, 0xD078, 0x8926, 0xD133, 0x88DC,
    0xD1EE, 0x8893, 0xD2AA, 0x884B, 0xD367, 0x8805, 0xD423, 0x87BF, 0xD4E0, 0x877B, 0xD59E, 0x8738,
    0xD65C, 0x86F6, 0xD71A, 0x86B5, 0xD7D9, 0x8675, 0xD898, 0x8637, 0xD957, 0x85FA, 0xDA17, 0x85BD,
    0xDAD7, 0x8582, 0xDB98, 0x8549, 0xDC59, 0x8510, 0xDD1A, 0x84D9, 0xDDDC, 0x84A2, 0xDE9E, 0x846D,
    0xDF60, 0x843A, 0xE023, 0x8407, 0xE0E6, 0x83D6, 0xE1A9, 0x83A5, 0xE26C, 0x8376, 0xE330, 0x8348,
    0xE3F4, 0x831C, 0xE4B8, 0x82F0, 0xE57D, 0x82C6, 0xE642, 0x829D, 0xE707, 0x8275, 0xE7CC, 0x824F,
    0xE892, 0x8229, 0xE957, 0x8205, 0xEA1D, 0x81E2, 0xEAE4, 0x81C0, 0xEBAA, 0x81A0, 0xEC71, 0x8180,
    0xED37, 0x8162, 0xEDFE, 0x8145, 0xEEC6, 0x812A, 0xEF8D, 0x810F, 0xF054, 0x80F6, 0xF11C, 0x80DE,
    0xF1E4, 0x80C7, 0xF2AC, 0x80B2, 0xF374, 0x809D, 0xF43C, 0x808A, 0xF504, 0x8078, 0xF5CC, 0x8068,
    0xF695, 0x8058, 0xF75D, 0x804A, 0xF826, 0x803D, 0xF8EF, 0x8031, 0xF9B8, 0x8027, 0xFA80, 0x801E,
    0xFB49, 0x8016, 0xFC12, 0x800F, 0xFCDB, 0x8009, 0xFDA4, 0x8005, 0xFE6D, 0x8002, 0xFF36, 0x8000,
];

/// Twiddle factors for 2048-point FFT, in Q15 format (1.15 fixed-point), with 3072 entries covering the range [0, 3N/4).
/// for i in 0..(3*2048/4)
///     TWIDDLE_TABLE_2048_U16[2*i] = round(cos(2 * π * i / 2048) * 32768)
///     TWIDDLE_TABLE_2048_U16[2*i + 1] = round(sin(2 * π * i / 2048) * 32768)
pub const TWIDDLE_TABLE_2024_U16: [u16; 3072] = [
    0x7FFF, 0x0000, 0x7FFF, 0x0064, 0x7FFF, 0x00C9, 0x7FFE, 0x012D, 0x7FFD, 0x0192, 0x7FFC, 0x01F6,
    0x7FFA, 0x025B, 0x7FF8, 0x02BF, 0x7FF6, 0x0324, 0x7FF3, 0x0388, 0x7FF0, 0x03ED, 0x7FED, 0x0451,
    0x7FE9, 0x04B6, 0x7FE5, 0x051A, 0x7FE1, 0x057F, 0x7FDD, 0x05E3, 0x7FD8, 0x0647, 0x7FD3, 0x06AC,
    0x7FCE, 0x0710, 0x7FC8, 0x0775, 0x7FC2, 0x07D9, 0x7FBC, 0x083D, 0x7FB5, 0x08A2, 0x7FAE, 0x0906,
    0x7FA7, 0x096A, 0x7F9F, 0x09CE, 0x7F97, 0x0A33, 0x7F8F, 0x0A97, 0x7F87, 0x0AFB, 0x7F7E, 0x0B5F,
    0x7F75, 0x0BC3, 0x7F6B, 0x0C27, 0x7F62, 0x0C8B, 0x7F58, 0x0CEF, 0x7F4D, 0x0D53, 0x7F43, 0x0DB7,
    0x7F38, 0x0E1B, 0x7F2D, 0x0E7F, 0x7F21, 0x0EE3, 0x7F15, 0x0F47, 0x7F09, 0x0FAB, 0x7EFD, 0x100E,
    0x7EF0, 0x1072, 0x7EE3, 0x10D6, 0x7ED5, 0x1139, 0x7EC8, 0x119D, 0x7EBA, 0x1201, 0x7EAB, 0x1264,
    0x7E9D, 0x12C8, 0x7E8E, 0x132B, 0x7E7F, 0x138E, 0x7E6F, 0x13F2, 0x7E5F, 0x1455, 0x7E4F, 0x14B8,
    0x7E3F, 0x151B, 0x7E2E, 0x157F, 0x7E1D, 0x15E2, 0x7E0C, 0x1645, 0x7DFA, 0x16A8, 0x7DE8, 0x170A,
    0x7DD6, 0x176D, 0x7DC3, 0x17D0, 0x7DB0, 0x1833, 0x7D9D, 0x1896, 0x7D8A, 0x18F8, 0x7D76, 0x195B,
    0x7D62, 0x19BD, 0x7D4E, 0x1A20, 0x7D39, 0x1A82, 0x7D24, 0x1AE4, 0x7D0F, 0x1B47, 0x7CF9, 0x1BA9,
    0x7CE3, 0x1C0B, 0x7CCD, 0x1C6D, 0x7CB7, 0x1CCF, 0x7CA0, 0x1D31, 0x7C89, 0x1D93, 0x7C71, 0x1DF5,
    0x7C5A, 0x1E56, 0x7C42, 0x1EB8, 0x7C29, 0x1F19, 0x7C11, 0x1F7B, 0x7BF8, 0x1FDC, 0x7BDF, 0x203E,
    0x7BC5, 0x209F, 0x7BAC, 0x2100, 0x7B92, 0x2161, 0x7B77, 0x21C2, 0x7B5D, 0x2223, 0x7B42, 0x2284,
    0x7B26, 0x22E5, 0x7B0B, 0x2345, 0x7AEF, 0x23A6, 0x7AD3, 0x2407, 0x7AB6, 0x2467, 0x7A9A, 0x24C7,
    0x7A7D, 0x2528, 0x7A5F, 0x2588, 0x7A42, 0x25E8, 0x7A24, 0x2648, 0x7A05, 0x26A8, 0x79E7, 0x2707,
    0x79C8, 0x2767, 0x79A9, 0x27C7, 0x798A, 0x2826, 0x796A, 0x2886, 0x794A, 0x28E5, 0x792A, 0x2944,
    0x7909, 0x29A3, 0x78E8, 0x2A02, 0x78C7, 0x2A61, 0x78A6, 0x2AC0, 0x7884, 0x2B1F, 0x7862, 0x2B7D,
    0x7840, 0x2BDC, 0x781D, 0x2C3A, 0x77FA, 0x2C98, 0x77D7, 0x2CF7, 0x77B4, 0x2D55, 0x7790, 0x2DB3,
    0x776C, 0x2E11, 0x7747, 0x2E6E, 0x7723, 0x2ECC, 0x76FE, 0x2F29, 0x76D9, 0x2F87, 0x76B3, 0x2FE4,
    0x768E, 0x3041, 0x7668, 0x309E, 0x7641, 0x30FB, 0x761B, 0x3158, 0x75F4, 0x31B5, 0x75CC, 0x3211,
    0x75A5, 0x326E, 0x757D, 0x32CA, 0x7555, 0x3326, 0x752D, 0x3382, 0x7504, 0x33DE, 0x74DB, 0x343A,
    0x74B2, 0x3496, 0x7489, 0x34F2, 0x745F, 0x354D, 0x7435, 0x35A8, 0x740B, 0x3604, 0x73E0, 0x365F,
    0x73B5, 0x36BA, 0x738A, 0x3714, 0x735F, 0x376F, 0x7333, 0x37CA, 0x7307, 0x3824, 0x72DB, 0x387E,
    0x72AF, 0x38D8, 0x7282, 0x3932, 0x7255, 0x398C, 0x7227, 0x39E6, 0x71FA, 0x3A40, 0x71CC, 0x3A99,
    0x719E, 0x3AF2, 0x716F, 0x3B4C, 0x7141, 0x3BA5, 0x7112, 0x3BFD, 0x70E2, 0x3C56, 0x70B3, 0x3CAF,
    0x7083, 0x3D07, 0x7053, 0x3D60, 0x7023, 0x3DB8, 0x6FF2, 0x3E10, 0x6FC1, 0x3E68, 0x6F90, 0x3EBF,
    0x6F5F, 0x3F17, 0x6F2D, 0x3F6E, 0x6EFB, 0x3FC5, 0x6EC9, 0x401D, 0x6E96, 0x4073, 0x6E63, 0x40CA,
    0x6E30, 0x4121, 0x6DFD, 0x4177, 0x6DCA, 0x41CE, 0x6D96, 0x4224, 0x6D62, 0x427A, 0x6D2D, 0x42D0,
    0x6CF9, 0x4325, 0x6CC4, 0x437B, 0x6C8F, 0x43D0, 0x6C59, 0x4425, 0x6C24, 0x447A, 0x6BEE, 0x44CF,
    0x6BB8, 0x4524, 0x6B81, 0x4578, 0x6B4A, 0x45CD, 0x6B13, 0x4621, 0x6ADC, 0x4675, 0x6AA5, 0x46C9,
    0x6A6D, 0x471C, 0x6A35, 0x4770, 0x69FD, 0x47C3, 0x69C4, 0x4816, 0x698C, 0x4869, 0x6953, 0x48BC,
    0x6919, 0x490F, 0x68E0, 0x4961, 0x68A6, 0x49B4, 0x686C, 0x4A06, 0x6832, 0x4A58, 0x67F7, 0x4AA9,
    0x67BD, 0x4AFB, 0x6782, 0x4B4C, 0x6746, 0x4B9E, 0x670B, 0x4BEF, 0x66CF, 0x4C3F, 0x6693, 0x4C90,
    0x6657, 0x4CE1, 0x661A, 0x4D31, 0x65DD, 0x4D81, 0x65A0, 0x4DD1, 0x6563, 0x4E21, 0x6526, 0x4E70,
    0x64E8, 0x4EBF, 0x64AA, 0x4F0F, 0x646C, 0x4F5E, 0x642D, 0x4FAC, 0x63EF, 0x4FFB, 0x63B0, 0x5049,
    0x6371, 0x5097, 0x6331, 0x50E5, 0x62F2, 0x5133, 0x62B2, 0x5181, 0x6271, 0x51CE, 0x6231, 0x521C,
    0x61F1, 0x5269, 0x61B0, 0x52B5, 0x616F, 0x5302, 0x612D, 0x534E, 0x60EC, 0x539B, 0x60AA, 0x53E7,
    0x6068, 0x5433, 0x6026, 0x547E, 0x5FE3, 0x54CA, 0x5FA0, 0x5515, 0x5F5E, 0x5560, 0x5F1A, 0x55AB,
    0x5ED7, 0x55F5, 0x5E93, 0x5640, 0x5E50, 0x568A, 0x5E0B, 0x56D4, 0x5DC7, 0x571D, 0x5D83, 0x5767,
    0x5D3E, 0x57B0, 0x5CF9, 0x57F9, 0x5CB4, 0x5842, 0x5C6E, 0x588B, 0x5C29, 0x58D4, 0x5BE3, 0x591C,
    0x5B9D, 0x5964, 0x5B56, 0x59AC, 0x5B10, 0x59F3, 0x5AC9, 0x5A3B, 0x5A82, 0x5A82, 0x5A3B, 0x5AC9,
    0x59F3, 0x5B10, 0x59AC, 0x5B56, 0x5964, 0x5B9D, 0x591C, 0x5BE3, 0x58D4, 0x5C29, 0x588B, 0x5C6E,
    0x5842, 0x5CB4, 0x57F9, 0x5CF9, 0x57B0, 0x5D3E, 0x5767, 0x5D83, 0x571D, 0x5DC7, 0x56D4, 0x5E0B,
    0x568A, 0x5E50, 0x5640, 0x5E93, 0x55F5, 0x5ED7, 0x55AB, 0x5F1A, 0x5560, 0x5F5E, 0x5515, 0x5FA0,
    0x54CA, 0x5FE3, 0x547E, 0x6026, 0x5433, 0x6068, 0x53E7, 0x60AA, 0x539B, 0x60EC, 0x534E, 0x612D,
    0x5302, 0x616F, 0x52B5, 0x61B0, 0x5269, 0x61F1, 0x521C, 0x6231, 0x51CE, 0x6271, 0x5181, 0x62B2,
    0x5133, 0x62F2, 0x50E5, 0x6331, 0x5097, 0x6371, 0x5049, 0x63B0, 0x4FFB, 0x63EF, 0x4FAC, 0x642D,
    0x4F5E, 0x646C, 0x4F0F, 0x64AA, 0x4EBF, 0x64E8, 0x4E70, 0x6526, 0x4E21, 0x6563, 0x4DD1, 0x65A0,
    0x4D81, 0x65DD, 0x4D31, 0x661A, 0x4CE1, 0x6657, 0x4C90, 0x6693, 0x4C3F, 0x66CF, 0x4BEF, 0x670B,
    0x4B9E, 0x6746, 0x4B4C, 0x6782, 0x4AFB, 0x67BD, 0x4AA9, 0x67F7, 0x4A58, 0x6832, 0x4A06, 0x686C,
    0x49B4, 0x68A6, 0x4961, 0x68E0, 0x490F, 0x6919, 0x48BC, 0x6953, 0x4869, 0x698C, 0x4816, 0x69C4,
    0x47C3, 0x69FD, 0x4770, 0x6A35, 0x471C, 0x6A6D, 0x46C9, 0x6AA5, 0x4675, 0x6ADC, 0x4621, 0x6B13,
    0x45CD, 0x6B4A, 0x4578, 0x6B81, 0x4524, 0x6BB8, 0x44CF, 0x6BEE, 0x447A, 0x6C24, 0x4425, 0x6C59,
    0x43D0, 0x6C8F, 0x437B, 0x6CC4, 0x4325, 0x6CF9, 0x42D0, 0x6D2D, 0x427A, 0x6D62, 0x4224, 0x6D96,
    0x41CE, 0x6DCA, 0x4177, 0x6DFD, 0x4121, 0x6E30, 0x40CA, 0x6E63, 0x4073, 0x6E96, 0x401D, 0x6EC9,
    0x3FC5, 0x6EFB, 0x3F6E, 0x6F2D, 0x3F17, 0x6F5F, 0x3EBF, 0x6F90, 0x3E68, 0x6FC1, 0x3E10, 0x6FF2,
    0x3DB8, 0x7023, 0x3D60, 0x7053, 0x3D07, 0x7083, 0x3CAF, 0x70B3, 0x3C56, 0x70E2, 0x3BFD, 0x7112,
    0x3BA5, 0x7141, 0x3B4C, 0x716F, 0x3AF2, 0x719E, 0x3A99, 0x71CC, 0x3A40, 0x71FA, 0x39E6, 0x7227,
    0x398C, 0x7255, 0x3932, 0x7282, 0x38D8, 0x72AF, 0x387E, 0x72DB, 0x3824, 0x7307, 0x37CA, 0x7333,
    0x376F, 0x735F, 0x3714, 0x738A, 0x36BA, 0x73B5, 0x365F, 0x73E0, 0x3604, 0x740B, 0x35A8, 0x7435,
    0x354D, 0x745F, 0x34F2, 0x7489, 0x3496, 0x74B2, 0x343A, 0x74DB, 0x33DE, 0x7504, 0x3382, 0x752D,
    0x3326, 0x7555, 0x32CA, 0x757D, 0x326E, 0x75A5, 0x3211, 0x75CC, 0x31B5, 0x75F4, 0x3158, 0x761B,
    0x30FB, 0x7641, 0x309E, 0x7668, 0x3041, 0x768E, 0x2FE4, 0x76B3, 0x2F87, 0x76D9, 0x2F29, 0x76FE,
    0x2ECC, 0x7723, 0x2E6E, 0x7747, 0x2E11, 0x776C, 0x2DB3, 0x7790, 0x2D55, 0x77B4, 0x2CF7, 0x77D7,
    0x2C98, 0x77FA, 0x2C3A, 0x781D, 0x2BDC, 0x7840, 0x2B7D, 0x7862, 0x2B1F, 0x7884, 0x2AC0, 0x78A6,
    0x2A61, 0x78C7, 0x2A02, 0x78E8, 0x29A3, 0x7909, 0x2944, 0x792A, 0x28E5, 0x794A, 0x2886, 0x796A,
    0x2826, 0x798A, 0x27C7, 0x79A9, 0x2767, 0x79C8, 0x2707, 0x79E7, 0x26A8, 0x7A05, 0x2648, 0x7A24,
    0x25E8, 0x7A42, 0x2588, 0x7A5F, 0x2528, 0x7A7D, 0x24C7, 0x7A9A, 0x2467, 0x7AB6, 0x2407, 0x7AD3,
    0x23A6, 0x7AEF, 0x2345, 0x7B0B, 0x22E5, 0x7B26, 0x2284, 0x7B42, 0x2223, 0x7B5D, 0x21C2, 0x7B77,
    0x2161, 0x7B92, 0x2100, 0x7BAC, 0x209F, 0x7BC5, 0x203E, 0x7BDF, 0x1FDC, 0x7BF8, 0x1F7B, 0x7C11,
    0x1F19, 0x7C29, 0x1EB8, 0x7C42, 0x1E56, 0x7C5A, 0x1DF5, 0x7C71, 0x1D93, 0x7C89, 0x1D31, 0x7CA0,
    0x1CCF, 0x7CB7, 0x1C6D, 0x7CCD, 0x1C0B, 0x7CE3, 0x1BA9, 0x7CF9, 0x1B47, 0x7D0F, 0x1AE4, 0x7D24,
    0x1A82, 0x7D39, 0x1A20, 0x7D4E, 0x19BD, 0x7D62, 0x195B, 0x7D76, 0x18F8, 0x7D8A, 0x1896, 0x7D9D,
    0x1833, 0x7DB0, 0x17D0, 0x7DC3, 0x176D, 0x7DD6, 0x170A, 0x7DE8, 0x16A8, 0x7DFA, 0x1645, 0x7E0C,
    0x15E2, 0x7E1D, 0x157F, 0x7E2E, 0x151B, 0x7E3F, 0x14B8, 0x7E4F, 0x1455, 0x7E5F, 0x13F2, 0x7E6F,
    0x138E, 0x7E7F, 0x132B, 0x7E8E, 0x12C8, 0x7E9D, 0x1264, 0x7EAB, 0x1201, 0x7EBA, 0x119D, 0x7EC8,
    0x1139, 0x7ED5, 0x10D6, 0x7EE3, 0x1072, 0x7EF0, 0x100E, 0x7EFD, 0x0FAB, 0x7F09, 0x0F47, 0x7F15,
    0x0EE3, 0x7F21, 0x0E7F, 0x7F2D, 0x0E1B, 0x7F38, 0x0DB7, 0x7F43, 0x0D53, 0x7F4D, 0x0CEF, 0x7F58,
    0x0C8B, 0x7F62, 0x0C27, 0x7F6B, 0x0BC3, 0x7F75, 0x0B5F, 0x7F7E, 0x0AFB, 0x7F87, 0x0A97, 0x7F8F,
    0x0A33, 0x7F97, 0x09CE, 0x7F9F, 0x096A, 0x7FA7, 0x0906, 0x7FAE, 0x08A2, 0x7FB5, 0x083D, 0x7FBC,
    0x07D9, 0x7FC2, 0x0775, 0x7FC8, 0x0710, 0x7FCE, 0x06AC, 0x7FD3, 0x0647, 0x7FD8, 0x05E3, 0x7FDD,
    0x057F, 0x7FE1, 0x051A, 0x7FE5, 0x04B6, 0x7FE9, 0x0451, 0x7FED, 0x03ED, 0x7FF0, 0x0388, 0x7FF3,
    0x0324, 0x7FF6, 0x02BF, 0x7FF8, 0x025B, 0x7FFA, 0x01F6, 0x7FFC, 0x0192, 0x7FFD, 0x012D, 0x7FFE,
    0x00C9, 0x7FFF, 0x0064, 0x7FFF, 0x0000, 0x7FFF, 0xFF9B, 0x7FFF, 0xFF36, 0x7FFF, 0xFED2, 0x7FFE,
    0xFE6D, 0x7FFD, 0xFE09, 0x7FFC, 0xFDA4, 0x7FFA, 0xFD40, 0x7FF8, 0xFCDB, 0x7FF6, 0xFC77, 0x7FF3,
    0xFC12, 0x7FF0, 0xFBAE, 0x7FED, 0xFB49, 0x7FE9, 0xFAE5, 0x7FE5, 0xFA80, 0x7FE1, 0xFA1C, 0x7FDD,
    0xF9B8, 0x7FD8, 0xF953, 0x7FD3, 0xF8EF, 0x7FCE, 0xF88A, 0x7FC8, 0xF826, 0x7FC2, 0xF7C2, 0x7FBC,
    0xF75D, 0x7FB5, 0xF6F9, 0x7FAE, 0xF695, 0x7FA7, 0xF631, 0x7F9F, 0xF5CC, 0x7F97, 0xF568, 0x7F8F,
    0xF504, 0x7F87, 0xF4A0, 0x7F7E, 0xF43C, 0x7F75, 0xF3D8, 0x7F6B, 0xF374, 0x7F62, 0xF310, 0x7F58,
    0xF2AC, 0x7F4D, 0xF248, 0x7F43, 0xF1E4, 0x7F38, 0xF180, 0x7F2D, 0xF11C, 0x7F21, 0xF0B8, 0x7F15,
    0xF054, 0x7F09, 0xEFF1, 0x7EFD, 0xEF8D, 0x7EF0, 0xEF29, 0x7EE3, 0xEEC6, 0x7ED5, 0xEE62, 0x7EC8,
    0xEDFE, 0x7EBA, 0xED9B, 0x7EAB, 0xED37, 0x7E9D, 0xECD4, 0x7E8E, 0xEC71, 0x7E7F, 0xEC0D, 0x7E6F,
    0xEBAA, 0x7E5F, 0xEB47, 0x7E4F, 0xEAE4, 0x7E3F, 0xEA80, 0x7E2E, 0xEA1D, 0x7E1D, 0xE9BA, 0x7E0C,
    0xE957, 0x7DFA, 0xE8F5, 0x7DE8, 0xE892, 0x7DD6, 0xE82F, 0x7DC3, 0xE7CC, 0x7DB0, 0xE769, 0x7D9D,
    0xE707, 0x7D8A, 0xE6A4, 0x7D76, 0xE642, 0x7D62, 0xE5DF, 0x7D4E, 0xE57D, 0x7D39, 0xE51B, 0x7D24,
    0xE4B8, 0x7D0F, 0xE456, 0x7CF9, 0xE3F4, 0x7CE3, 0xE392, 0x7CCD, 0xE330, 0x7CB7, 0xE2CE, 0x7CA0,
    0xE26C, 0x7C89, 0xE20A, 0x7C71, 0xE1A9, 0x7C5A, 0xE147, 0x7C42, 0xE0E6, 0x7C29, 0xE084, 0x7C11,
    0xE023, 0x7BF8, 0xDFC1, 0x7BDF, 0xDF60, 0x7BC5, 0xDEFF, 0x7BAC, 0xDE9E, 0x7B92, 0xDE3D, 0x7B77,
    0xDDDC, 0x7B5D, 0xDD7B, 0x7B42, 0xDD1A, 0x7B26, 0xDCBA, 0x7B0B, 0xDC59, 0x7AEF, 0xDBF8, 0x7AD3,
    0xDB98, 0x7AB6, 0xDB38, 0x7A9A, 0xDAD7, 0x7A7D, 0xDA77, 0x7A5F, 0xDA17, 0x7A42, 0xD9B7, 0x7A24,
    0xD957, 0x7A05, 0xD8F8, 0x79E7, 0xD898, 0x79C8, 0xD838, 0x79A9, 0xD7D9, 0x798A, 0xD779, 0x796A,
    0xD71A, 0x794A, 0xD6BB, 0x792A, 0xD65C, 0x7909, 0xD5FD, 0x78E8, 0xD59E, 0x78C7, 0xD53F, 0x78A6,
    0xD4E0, 0x7884, 0xD482, 0x7862, 0xD423, 0x7840, 0xD3C5, 0x781D, 0xD367, 0x77FA, 0xD308, 0x77D7,
    0xD2AA, 0x77B4, 0xD24C, 0x7790, 0xD1EE, 0x776C, 0xD191, 0x7747, 0xD133, 0x7723, 0xD0D6, 0x76FE,
    0xD078, 0x76D9, 0xD01B, 0x76B3, 0xCFBE, 0x768E, 0xCF61, 0x7668, 0xCF04, 0x7641, 0xCEA7, 0x761B,
    0xCE4A, 0x75F4, 0xCDEE, 0x75CC, 0xCD91, 0x75A5, 0xCD35, 0x757D, 0xCCD9, 0x7555, 0xCC7D, 0x752D,
    0xCC21, 0x7504, 0xCBC5, 0x74DB, 0xCB69, 0x74B2, 0xCB0D, 0x7489, 0xCAB2, 0x745F, 0xCA57, 0x7435,
    0xC9FB, 0x740B, 0xC9A0, 0x73E0, 0xC945, 0x73B5, 0xC8EB, 0x738A, 0xC890, 0x735F, 0xC835, 0x7333,
    0xC7DB, 0x7307, 0xC781, 0x72DB, 0xC727, 0x72AF, 0xC6CD, 0x7282, 0xC673, 0x7255, 0xC619, 0x7227,
    0xC5BF, 0x71FA, 0xC566, 0x71CC, 0xC50D, 0x719E, 0xC4B3, 0x716F, 0xC45A, 0x7141, 0xC402, 0x7112,
    0xC3A9, 0x70E2, 0xC350, 0x70B3, 0xC2F8, 0x7083, 0xC29F, 0x7053, 0xC247, 0x7023, 0xC1EF, 0x6FF2,
    0xC197, 0x6FC1, 0xC140, 0x6F90, 0xC0E8, 0x6F5F, 0xC091, 0x6F2D, 0xC03A, 0x6EFB, 0xBFE2, 0x6EC9,
    0xBF8C, 0x6E96, 0xBF35, 0x6E63, 0xBEDE, 0x6E30, 0xBE88, 0x6DFD, 0xBE31, 0x6DCA, 0xBDDB, 0x6D96,
    0xBD85, 0x6D62, 0xBD2F, 0x6D2D, 0xBCDA, 0x6CF9, 0xBC84, 0x6CC4, 0xBC2F, 0x6C8F, 0xBBDA, 0x6C59,
    0xBB85, 0x6C24, 0xBB30, 0x6BEE, 0xBADB, 0x6BB8, 0xBA87, 0x6B81, 0xBA32, 0x6B4A, 0xB9DE, 0x6B13,
    0xB98A, 0x6ADC, 0xB936, 0x6AA5, 0xB8E3, 0x6A6D, 0xB88F, 0x6A35, 0xB83C, 0x69FD, 0xB7E9, 0x69C4,
    0xB796, 0x698C, 0xB743, 0x6953, 0xB6F0, 0x6919, 0xB69E, 0x68E0, 0xB64B, 0x68A6, 0xB5F9, 0x686C,
    0xB5A7, 0x6832, 0xB556, 0x67F7, 0xB504, 0x67BD, 0xB4B3, 0x6782, 0xB461, 0x6746, 0xB410, 0x670B,
    0xB3C0, 0x66CF, 0xB36F, 0x6693, 0xB31E, 0x6657, 0xB2CE, 0x661A, 0xB27E, 0x65DD, 0xB22E, 0x65A0,
    0xB1DE, 0x6563, 0xB18F, 0x6526, 0xB140, 0x64E8, 0xB0F0, 0x64AA, 0xB0A1, 0x646C, 0xB053, 0x642D,
    0xB004, 0x63EF, 0xAFB6, 0x63B0, 0xAF68, 0x6371, 0xAF1A, 0x6331, 0xAECC, 0x62F2, 0xAE7E, 0x62B2,
    0xAE31, 0x6271, 0xADE3, 0x6231, 0xAD96, 0x61F1, 0xAD4A, 0x61B0, 0xACFD, 0x616F, 0xACB1, 0x612D,
    0xAC64, 0x60EC, 0xAC18, 0x60AA, 0xABCC, 0x6068, 0xAB81, 0x6026, 0xAB35, 0x5FE3, 0xAAEA, 0x5FA0,
    0xAA9F, 0x5F5E, 0xAA54, 0x5F1A, 0xAA0A, 0x5ED7, 0xA9BF, 0x5E93, 0xA975, 0x5E50, 0xA92B, 0x5E0B,
    0xA8E2, 0x5DC7, 0xA898, 0x5D83, 0xA84F, 0x5D3E, 0xA806, 0x5CF9, 0xA7BD, 0x5CB4, 0xA774, 0x5C6E,
    0xA72B, 0x5C29, 0xA6E3, 0x5BE3, 0xA69B, 0x5B9D, 0xA653, 0x5B56, 0xA60C, 0x5B10, 0xA5C4, 0x5AC9,
    0xA57D, 0x5A82, 0xA536, 0x5A3B, 0xA4EF, 0x59F3, 0xA4A9, 0x59AC, 0xA462, 0x5964, 0xA41C, 0x591C,
    0xA3D6, 0x58D4, 0xA391, 0x588B, 0xA34B, 0x5842, 0xA306, 0x57F9, 0xA2C1, 0x57B0, 0xA27C, 0x5767,
    0xA238, 0x571D, 0xA1F4, 0x56D4, 0xA1AF, 0x568A, 0xA16C, 0x5640, 0xA128, 0x55F5, 0xA0E5, 0x55AB,
    0xA0A1, 0x5560, 0xA05F, 0x5515, 0xA01C, 0x54CA, 0x9FD9, 0x547E, 0x9F97, 0x5433, 0x9F55, 0x53E7,
    0x9F13, 0x539B, 0x9ED2, 0x534E, 0x9E90, 0x5302, 0x9E4F, 0x52B5, 0x9E0E, 0x5269, 0x9DCE, 0x521C,
    0x9D8E, 0x51CE, 0x9D4D, 0x5181, 0x9D0D, 0x5133, 0x9CCE, 0x50E5, 0x9C8E, 0x5097, 0x9C4F, 0x5049,
    0x9C10, 0x4FFB, 0x9BD2, 0x4FAC, 0x9B93, 0x4F5E, 0x9B55, 0x4F0F, 0x9B17, 0x4EBF, 0x9AD9, 0x4E70,
    0x9A9C, 0x4E21, 0x9A5F, 0x4DD1, 0x9A22, 0x4D81, 0x99E5, 0x4D31, 0x99A8, 0x4CE1, 0x996C, 0x4C90,
    0x9930, 0x4C3F, 0x98F4, 0x4BEF, 0x98B9, 0x4B9E, 0x987D, 0x4B4C, 0x9842, 0x4AFB, 0x9808, 0x4AA9,
    0x97CD, 0x4A58, 0x9793, 0x4A06, 0x9759, 0x49B4, 0x971F, 0x4961, 0x96E6, 0x490F, 0x96AC, 0x48BC,
    0x9673, 0x4869, 0x963B, 0x4816, 0x9602, 0x47C3, 0x95CA, 0x4770, 0x9592, 0x471C, 0x955A, 0x46C9,
    0x9523, 0x4675, 0x94EC, 0x4621, 0x94B5, 0x45CD, 0x947E, 0x4578, 0x9447, 0x4524, 0x9411, 0x44CF,
    0x93DB, 0x447A, 0x93A6, 0x4425, 0x9370, 0x43D0, 0x933B, 0x437B, 0x9306, 0x4325, 0x92D2, 0x42D0,
    0x929D, 0x427A, 0x9269, 0x4224, 0x9235, 0x41CE, 0x9202, 0x4177, 0x91CF, 0x4121, 0x919C, 0x40CA,
    0x9169, 0x4073, 0x9136, 0x401D, 0x9104, 0x3FC5, 0x90D2, 0x3F6E, 0x90A0, 0x3F17, 0x906F, 0x3EBF,
    0x903E, 0x3E68, 0x900D, 0x3E10, 0x8FDC, 0x3DB8, 0x8FAC, 0x3D60, 0x8F7C, 0x3D07, 0x8F4C, 0x3CAF,
    0x8F1D, 0x3C56, 0x8EED, 0x3BFD, 0x8EBE, 0x3BA5, 0x8E90, 0x3B4C, 0x8E61, 0x3AF2, 0x8E33, 0x3A99,
    0x8E05, 0x3A40, 0x8DD8, 0x39E6, 0x8DAA, 0x398C, 0x8D7D, 0x3932, 0x8D50, 0x38D8, 0x8D24, 0x387E,
    0x8CF8, 0x3824, 0x8CCC, 0x37CA, 0x8CA0, 0x376F, 0x8C75, 0x3714, 0x8C4A, 0x36BA, 0x8C1F, 0x365F,
    0x8BF4, 0x3604, 0x8BCA, 0x35A8, 0x8BA0, 0x354D, 0x8B76, 0x34F2, 0x8B4D, 0x3496, 0x8B24, 0x343A,
    0x8AFB, 0x33DE, 0x8AD2, 0x3382, 0x8AAA, 0x3326, 0x8A82, 0x32CA, 0x8A5A, 0x326E, 0x8A33, 0x3211,
    0x8A0B, 0x31B5, 0x89E4, 0x3158, 0x89BE, 0x30FB, 0x8997, 0x309E, 0x8971, 0x3041, 0x894C, 0x2FE4,
    0x8926, 0x2F87, 0x8901, 0x2F29, 0x88DC, 0x2ECC, 0x88B8, 0x2E6E, 0x8893, 0x2E11, 0x886F, 0x2DB3,
    0x884B, 0x2D55, 0x8828, 0x2CF7, 0x8805, 0x2C98, 0x87E2, 0x2C3A, 0x87BF, 0x2BDC, 0x879D, 0x2B7D,
    0x877B, 0x2B1F, 0x8759, 0x2AC0, 0x8738, 0x2A61, 0x8717, 0x2A02, 0x86F6, 0x29A3, 0x86D5, 0x2944,
    0x86B5, 0x28E5, 0x8695, 0x2886, 0x8675, 0x2826, 0x8656, 0x27C7, 0x8637, 0x2767, 0x8618, 0x2707,
    0x85FA, 0x26A8, 0x85DB, 0x2648, 0x85BD, 0x25E8, 0x85A0, 0x2588, 0x8582, 0x2528, 0x8565, 0x24C7,
    0x8549, 0x2467, 0x852C, 0x2407, 0x8510, 0x23A6, 0x84F4, 0x2345, 0x84D9, 0x22E5, 0x84BD, 0x2284,
    0x84A2, 0x2223, 0x8488, 0x21C2, 0x846D, 0x2161, 0x8453, 0x2100, 0x843A, 0x209F, 0x8420, 0x203E,
    0x8407, 0x1FDC, 0x83EE, 0x1F7B, 0x83D6, 0x1F19, 0x83BD, 0x1EB8, 0x83A5, 0x1E56, 0x838E, 0x1DF5,
    0x8376, 0x1D93, 0x835F, 0x1D31, 0x8348, 0x1CCF, 0x8332, 0x1C6D, 0x831C, 0x1C0B, 0x8306, 0x1BA9,
    0x82F0, 0x1B47, 0x82DB, 0x1AE4, 0x82C6, 0x1A82, 0x82B1, 0x1A20, 0x829D, 0x19BD, 0x8289, 0x195B,
    0x8275, 0x18F8, 0x8262, 0x1896, 0x824F, 0x1833, 0x823C, 0x17D0, 0x8229, 0x176D, 0x8217, 0x170A,
    0x8205, 0x16A8, 0x81F3, 0x1645, 0x81E2, 0x15E2, 0x81D1, 0x157F, 0x81C0, 0x151B, 0x81B0, 0x14B8,
    0x81A0, 0x1455, 0x8190, 0x13F2, 0x8180, 0x138E, 0x8171, 0x132B, 0x8162, 0x12C8, 0x8154, 0x1264,
    0x8145, 0x1201, 0x8137, 0x119D, 0x812A, 0x1139, 0x811C, 0x10D6, 0x810F, 0x1072, 0x8102, 0x100E,
    0x80F6, 0x0FAB, 0x80EA, 0x0F47, 0x80DE, 0x0EE3, 0x80D2, 0x0E7F, 0x80C7, 0x0E1B, 0x80BC, 0x0DB7,
    0x80B2, 0x0D53, 0x80A7, 0x0CEF, 0x809D, 0x0C8B, 0x8094, 0x0C27, 0x808A, 0x0BC3, 0x8081, 0x0B5F,
    0x8078, 0x0AFB, 0x8070, 0x0A97, 0x8068, 0x0A33, 0x8060, 0x09CE, 0x8058, 0x096A, 0x8051, 0x0906,
    0x804A, 0x08A2, 0x8043, 0x083D, 0x803D, 0x07D9, 0x8037, 0x0775, 0x8031, 0x0710, 0x802C, 0x06AC,
    0x8027, 0x0647, 0x8022, 0x05E3, 0x801E, 0x057F, 0x801A, 0x051A, 0x8016, 0x04B6, 0x8012, 0x0451,
    0x800F, 0x03ED, 0x800C, 0x0388, 0x8009, 0x0324, 0x8007, 0x02BF, 0x8005, 0x025B, 0x8003, 0x01F6,
    0x8002, 0x0192, 0x8001, 0x012D, 0x8000, 0x00C9, 0x8000, 0x0064, 0x8000, 0x0000, 0x8000, 0xFF9B,
    0x8000, 0xFF36, 0x8001, 0xFED2, 0x8002, 0xFE6D, 0x8003, 0xFE09, 0x8005, 0xFDA4, 0x8007, 0xFD40,
    0x8009, 0xFCDB, 0x800C, 0xFC77, 0x800F, 0xFC12, 0x8012, 0xFBAE, 0x8016, 0xFB49, 0x801A, 0xFAE5,
    0x801E, 0xFA80, 0x8022, 0xFA1C, 0x8027, 0xF9B8, 0x802C, 0xF953, 0x8031, 0xF8EF, 0x8037, 0xF88A,
    0x803D, 0xF826, 0x8043, 0xF7C2, 0x804A, 0xF75D, 0x8051, 0xF6F9, 0x8058, 0xF695, 0x8060, 0xF631,
    0x8068, 0xF5CC, 0x8070, 0xF568, 0x8078, 0xF504, 0x8081, 0xF4A0, 0x808A, 0xF43C, 0x8094, 0xF3D8,
    0x809D, 0xF374, 0x80A7, 0xF310, 0x80B2, 0xF2AC, 0x80BC, 0xF248, 0x80C7, 0xF1E4, 0x80D2, 0xF180,
    0x80DE, 0xF11C, 0x80EA, 0xF0B8, 0x80F6, 0xF054, 0x8102, 0xEFF1, 0x810F, 0xEF8D, 0x811C, 0xEF29,
    0x812A, 0xEEC6, 0x8137, 0xEE62, 0x8145, 0xEDFE, 0x8154, 0xED9B, 0x8162, 0xED37, 0x8171, 0xECD4,
    0x8180, 0xEC71, 0x8190, 0xEC0D, 0x81A0, 0xEBAA, 0x81B0, 0xEB47, 0x81C0, 0xEAE4, 0x81D1, 0xEA80,
    0x81E2, 0xEA1D, 0x81F3, 0xE9BA, 0x8205, 0xE957, 0x8217, 0xE8F5, 0x8229, 0xE892, 0x823C, 0xE82F,
    0x824F, 0xE7CC, 0x8262, 0xE769, 0x8275, 0xE707, 0x8289, 0xE6A4, 0x829D, 0xE642, 0x82B1, 0xE5DF,
    0x82C6, 0xE57D, 0x82DB, 0xE51B, 0x82F0, 0xE4B8, 0x8306, 0xE456, 0x831C, 0xE3F4, 0x8332, 0xE392,
    0x8348, 0xE330, 0x835F, 0xE2CE, 0x8376, 0xE26C, 0x838E, 0xE20A, 0x83A5, 0xE1A9, 0x83BD, 0xE147,
    0x83D6, 0xE0E6, 0x83EE, 0xE084, 0x8407, 0xE023, 0x8420, 0xDFC1, 0x843A, 0xDF60, 0x8453, 0xDEFF,
    0x846D, 0xDE9E, 0x8488, 0xDE3D, 0x84A2, 0xDDDC, 0x84BD, 0xDD7B, 0x84D9, 0xDD1A, 0x84F4, 0xDCBA,
    0x8510, 0xDC59, 0x852C, 0xDBF8, 0x8549, 0xDB98, 0x8565, 0xDB38, 0x8582, 0xDAD7, 0x85A0, 0xDA77,
    0x85BD, 0xDA17, 0x85DB, 0xD9B7, 0x85FA, 0xD957, 0x8618, 0xD8F8, 0x8637, 0xD898, 0x8656, 0xD838,
    0x8675, 0xD7D9, 0x8695, 0xD779, 0x86B5, 0xD71A, 0x86D5, 0xD6BB, 0x86F6, 0xD65C, 0x8717, 0xD5FD,
    0x8738, 0xD59E, 0x8759, 0xD53F, 0x877B, 0xD4E0, 0x879D, 0xD482, 0x87BF, 0xD423, 0x87E2, 0xD3C5,
    0x8805, 0xD367, 0x8828, 0xD308, 0x884B, 0xD2AA, 0x886F, 0xD24C, 0x8893, 0xD1EE, 0x88B8, 0xD191,
    0x88DC, 0xD133, 0x8901, 0xD0D6, 0x8926, 0xD078, 0x894C, 0xD01B, 0x8971, 0xCFBE, 0x8997, 0xCF61,
    0x89BE, 0xCF04, 0x89E4, 0xCEA7, 0x8A0B, 0xCE4A, 0x8A33, 0xCDEE, 0x8A5A, 0xCD91, 0x8A82, 0xCD35,
    0x8AAA, 0xCCD9, 0x8AD2, 0xCC7D, 0x8AFB, 0xCC21, 0x8B24, 0xCBC5, 0x8B4D, 0xCB69, 0x8B76, 0xCB0D,
    0x8BA0, 0xCAB2, 0x8BCA, 0xCA57, 0x8BF4, 0xC9FB, 0x8C1F, 0xC9A0, 0x8C4A, 0xC945, 0x8C75, 0xC8EB,
    0x8CA0, 0xC890, 0x8CCC, 0xC835, 0x8CF8, 0xC7DB, 0x8D24, 0xC781, 0x8D50, 0xC727, 0x8D7D, 0xC6CD,
    0x8DAA, 0xC673, 0x8DD8, 0xC619, 0x8E05, 0xC5BF, 0x8E33, 0xC566, 0x8E61, 0xC50D, 0x8E90, 0xC4B3,
    0x8EBE, 0xC45A, 0x8EED, 0xC402, 0x8F1D, 0xC3A9, 0x8F4C, 0xC350, 0x8F7C, 0xC2F8, 0x8FAC, 0xC29F,
    0x8FDC, 0xC247, 0x900D, 0xC1EF, 0x903E, 0xC197, 0x906F, 0xC140, 0x90A0, 0xC0E8, 0x90D2, 0xC091,
    0x9104, 0xC03A, 0x9136, 0xBFE2, 0x9169, 0xBF8C, 0x919C, 0xBF35, 0x91CF, 0xBEDE, 0x9202, 0xBE88,
    0x9235, 0xBE31, 0x9269, 0xBDDB, 0x929D, 0xBD85, 0x92D2, 0xBD2F, 0x9306, 0xBCDA, 0x933B, 0xBC84,
    0x9370, 0xBC2F, 0x93A6, 0xBBDA, 0x93DB, 0xBB85, 0x9411, 0xBB30, 0x9447, 0xBADB, 0x947E, 0xBA87,
    0x94B5, 0xBA32, 0x94EC, 0xB9DE, 0x9523, 0xB98A, 0x955A, 0xB936, 0x9592, 0xB8E3, 0x95CA, 0xB88F,
    0x9602, 0xB83C, 0x963B, 0xB7E9, 0x9673, 0xB796, 0x96AC, 0xB743, 0x96E6, 0xB6F0, 0x971F, 0xB69E,
    0x9759, 0xB64B, 0x9793, 0xB5F9, 0x97CD, 0xB5A7, 0x9808, 0xB556, 0x9842, 0xB504, 0x987D, 0xB4B3,
    0x98B9, 0xB461, 0x98F4, 0xB410, 0x9930, 0xB3C0, 0x996C, 0xB36F, 0x99A8, 0xB31E, 0x99E5, 0xB2CE,
    0x9A22, 0xB27E, 0x9A5F, 0xB22E, 0x9A9C, 0xB1DE, 0x9AD9, 0xB18F, 0x9B17, 0xB140, 0x9B55, 0xB0F0,
    0x9B93, 0xB0A1, 0x9BD2, 0xB053, 0x9C10, 0xB004, 0x9C4F, 0xAFB6, 0x9C8E, 0xAF68, 0x9CCE, 0xAF1A,
    0x9D0D, 0xAECC, 0x9D4D, 0xAE7E, 0x9D8E, 0xAE31, 0x9DCE, 0xADE3, 0x9E0E, 0xAD96, 0x9E4F, 0xAD4A,
    0x9E90, 0xACFD, 0x9ED2, 0xACB1, 0x9F13, 0xAC64, 0x9F55, 0xAC18, 0x9F97, 0xABCC, 0x9FD9, 0xAB81,
    0xA01C, 0xAB35, 0xA05F, 0xAAEA, 0xA0A1, 0xAA9F, 0xA0E5, 0xAA54, 0xA128, 0xAA0A, 0xA16C, 0xA9BF,
    0xA1AF, 0xA975, 0xA1F4, 0xA92B, 0xA238, 0xA8E2, 0xA27C, 0xA898, 0xA2C1, 0xA84F, 0xA306, 0xA806,
    0xA34B, 0xA7BD, 0xA391, 0xA774, 0xA3D6, 0xA72B, 0xA41C, 0xA6E3, 0xA462, 0xA69B, 0xA4A9, 0xA653,
    0xA4EF, 0xA60C, 0xA536, 0xA5C4, 0xA57D, 0xA57D, 0xA5C4, 0xA536, 0xA60C, 0xA4EF, 0xA653, 0xA4A9,
    0xA69B, 0xA462, 0xA6E3, 0xA41C, 0xA72B, 0xA3D6, 0xA774, 0xA391, 0xA7BD, 0xA34B, 0xA806, 0xA306,
    0xA84F, 0xA2C1, 0xA898, 0xA27C, 0xA8E2, 0xA238, 0xA92B, 0xA1F4, 0xA975, 0xA1AF, 0xA9BF, 0xA16C,
    0xAA0A, 0xA128, 0xAA54, 0xA0E5, 0xAA9F, 0xA0A1, 0xAAEA, 0xA05F, 0xAB35, 0xA01C, 0xAB81, 0x9FD9,
    0xABCC, 0x9F97, 0xAC18, 0x9F55, 0xAC64, 0x9F13, 0xACB1, 0x9ED2, 0xACFD, 0x9E90, 0xAD4A, 0x9E4F,
    0xAD96, 0x9E0E, 0xADE3, 0x9DCE, 0xAE31, 0x9D8E, 0xAE7E, 0x9D4D, 0xAECC, 0x9D0D, 0xAF1A, 0x9CCE,
    0xAF68, 0x9C8E, 0xAFB6, 0x9C4F, 0xB004, 0x9C10, 0xB053, 0x9BD2, 0xB0A1, 0x9B93, 0xB0F0, 0x9B55,
    0xB140, 0x9B17, 0xB18F, 0x9AD9, 0xB1DE, 0x9A9C, 0xB22E, 0x9A5F, 0xB27E, 0x9A22, 0xB2CE, 0x99E5,
    0xB31E, 0x99A8, 0xB36F, 0x996C, 0xB3C0, 0x9930, 0xB410, 0x98F4, 0xB461, 0x98B9, 0xB4B3, 0x987D,
    0xB504, 0x9842, 0xB556, 0x9808, 0xB5A7, 0x97CD, 0xB5F9, 0x9793, 0xB64B, 0x9759, 0xB69E, 0x971F,
    0xB6F0, 0x96E6, 0xB743, 0x96AC, 0xB796, 0x9673, 0xB7E9, 0x963B, 0xB83C, 0x9602, 0xB88F, 0x95CA,
    0xB8E3, 0x9592, 0xB936, 0x955A, 0xB98A, 0x9523, 0xB9DE, 0x94EC, 0xBA32, 0x94B5, 0xBA87, 0x947E,
    0xBADB, 0x9447, 0xBB30, 0x9411, 0xBB85, 0x93DB, 0xBBDA, 0x93A6, 0xBC2F, 0x9370, 0xBC84, 0x933B,
    0xBCDA, 0x9306, 0xBD2F, 0x92D2, 0xBD85, 0x929D, 0xBDDB, 0x9269, 0xBE31, 0x9235, 0xBE88, 0x9202,
    0xBEDE, 0x91CF, 0xBF35, 0x919C, 0xBF8C, 0x9169, 0xBFE2, 0x9136, 0xC03A, 0x9104, 0xC091, 0x90D2,
    0xC0E8, 0x90A0, 0xC140, 0x906F, 0xC197, 0x903E, 0xC1EF, 0x900D, 0xC247, 0x8FDC, 0xC29F, 0x8FAC,
    0xC2F8, 0x8F7C, 0xC350, 0x8F4C, 0xC3A9, 0x8F1D, 0xC402, 0x8EED, 0xC45A, 0x8EBE, 0xC4B3, 0x8E90,
    0xC50D, 0x8E61, 0xC566, 0x8E33, 0xC5BF, 0x8E05, 0xC619, 0x8DD8, 0xC673, 0x8DAA, 0xC6CD, 0x8D7D,
    0xC727, 0x8D50, 0xC781, 0x8D24, 0xC7DB, 0x8CF8, 0xC835, 0x8CCC, 0xC890, 0x8CA0, 0xC8EB, 0x8C75,
    0xC945, 0x8C4A, 0xC9A0, 0x8C1F, 0xC9FB, 0x8BF4, 0xCA57, 0x8BCA, 0xCAB2, 0x8BA0, 0xCB0D, 0x8B76,
    0xCB69, 0x8B4D, 0xCBC5, 0x8B24, 0xCC21, 0x8AFB, 0xCC7D, 0x8AD2, 0xCCD9, 0x8AAA, 0xCD35, 0x8A82,
    0xCD91, 0x8A5A, 0xCDEE, 0x8A33, 0xCE4A, 0x8A0B, 0xCEA7, 0x89E4, 0xCF04, 0x89BE, 0xCF61, 0x8997,
    0xCFBE, 0x8971, 0xD01B, 0x894C, 0xD078, 0x8926, 0xD0D6, 0x8901, 0xD133, 0x88DC, 0xD191, 0x88B8,
    0xD1EE, 0x8893, 0xD24C, 0x886F, 0xD2AA, 0x884B, 0xD308, 0x8828, 0xD367, 0x8805, 0xD3C5, 0x87E2,
    0xD423, 0x87BF, 0xD482, 0x879D, 0xD4E0, 0x877B, 0xD53F, 0x8759, 0xD59E, 0x8738, 0xD5FD, 0x8717,
    0xD65C, 0x86F6, 0xD6BB, 0x86D5, 0xD71A, 0x86B5, 0xD779, 0x8695, 0xD7D9, 0x8675, 0xD838, 0x8656,
    0xD898, 0x8637, 0xD8F8, 0x8618, 0xD957, 0x85FA, 0xD9B7, 0x85DB, 0xDA17, 0x85BD, 0xDA77, 0x85A0,
    0xDAD7, 0x8582, 0xDB38, 0x8565, 0xDB98, 0x8549, 0xDBF8, 0x852C, 0xDC59, 0x8510, 0xDCBA, 0x84F4,
    0xDD1A, 0x84D9, 0xDD7B, 0x84BD, 0xDDDC, 0x84A2, 0xDE3D, 0x8488, 0xDE9E, 0x846D, 0xDEFF, 0x8453,
    0xDF60, 0x843A, 0xDFC1, 0x8420, 0xE023, 0x8407, 0xE084, 0x83EE, 0xE0E6, 0x83D6, 0xE147, 0x83BD,
    0xE1A9, 0x83A5, 0xE20A, 0x838E, 0xE26C, 0x8376, 0xE2CE, 0x835F, 0xE330, 0x8348, 0xE392, 0x8332,
    0xE3F4, 0x831C, 0xE456, 0x8306, 0xE4B8, 0x82F0, 0xE51B, 0x82DB, 0xE57D, 0x82C6, 0xE5DF, 0x82B1,
    0xE642, 0x829D, 0xE6A4, 0x8289, 0xE707, 0x8275, 0xE769, 0x8262, 0xE7CC, 0x824F, 0xE82F, 0x823C,
    0xE892, 0x8229, 0xE8F5, 0x8217, 0xE957, 0x8205, 0xE9BA, 0x81F3, 0xEA1D, 0x81E2, 0xEA80, 0x81D1,
    0xEAE4, 0x81C0, 0xEB47, 0x81B0, 0xEBAA, 0x81A0, 0xEC0D, 0x8190, 0xEC71, 0x8180, 0xECD4, 0x8171,
    0xED37, 0x8162, 0xED9B, 0x8154, 0xEDFE, 0x8145, 0xEE62, 0x8137, 0xEEC6, 0x812A, 0xEF29, 0x811C,
    0xEF8D, 0x810F, 0xEFF1, 0x8102, 0xF054, 0x80F6, 0xF0B8, 0x80EA, 0xF11C, 0x80DE, 0xF180, 0x80D2,
    0xF1E4, 0x80C7, 0xF248, 0x80BC, 0xF2AC, 0x80B2, 0xF310, 0x80A7, 0xF374, 0x809D, 0xF3D8, 0x8094,
    0xF43C, 0x808A, 0xF4A0, 0x8081, 0xF504, 0x8078, 0xF568, 0x8070, 0xF5CC, 0x8068, 0xF631, 0x8060,
    0xF695, 0x8058, 0xF6F9, 0x8051, 0xF75D, 0x804A, 0xF7C2, 0x8043, 0xF826, 0x803D, 0xF88A, 0x8037,
    0xF8EF, 0x8031, 0xF953, 0x802C, 0xF9B8, 0x8027, 0xFA1C, 0x8022, 0xFA80, 0x801E, 0xFAE5, 0x801A,
    0xFB49, 0x8016, 0xFBAE, 0x8012, 0xFC12, 0x800F, 0xFC77, 0x800C, 0xFCDB, 0x8009, 0xFD40, 0x8007,
    0xFDA4, 0x8005, 0xFE09, 0x8003, 0xFE6D, 0x8002, 0xFED2, 0x8001, 0xFF36, 0x8000, 0xFF9B, 0x8000,
];

/// Twiddle factors for 4096-point FFT, in Q15 format (1.15 fixed-point), with 6144 entries covering the range [0, 3N/4).
/// for i in 0..(3*4096/4)
///     TWIDDLE_TABLE_4096_U16[2*i] = round(cos(2 * π * i / 4096) * 32768)
///     TWIDDLE_TABLE_4096_U16[2*i + 1] = round(sin(2 * π * i / 4096) * 32768)
pub const TWIDDLE_TABLE_4096_U16: [u16; 6144] = [
    0x7FFF, 0x0000, 0x7FFF, 0x0032, 0x7FFF, 0x0064, 0x7FFF, 0x0096, 0x7FFF, 0x00C9, 0x7FFF, 0x00FB,
    0x7FFE, 0x012D, 0x7FFE, 0x015F, 0x7FFD, 0x0192, 0x7FFC, 0x01C4, 0x7FFC, 0x01F6, 0x7FFB, 0x0228,
    0x7FFA, 0x025B, 0x7FF9, 0x028D, 0x7FF8, 0x02BF, 0x7FF7, 0x02F1, 0x7FF6, 0x0324, 0x7FF4, 0x0356,
    0x7FF3, 0x0388, 0x7FF2, 0x03BA, 0x7FF0, 0x03ED, 0x7FEE, 0x041F, 0x7FED, 0x0451, 0x7FEB, 0x0483,
    0x7FE9, 0x04B6, 0x7FE7, 0x04E8, 0x7FE5, 0x051A, 0x7FE3, 0x054C, 0x7FE1, 0x057F, 0x7FDF, 0x05B1,
    0x7FDD, 0x05E3, 0x7FDA, 0x0615, 0x7FD8, 0x0647, 0x7FD6, 0x067A, 0x7FD3, 0x06AC, 0x7FD0, 0x06DE,
    0x7FCE, 0x0710, 0x7FCB, 0x0742, 0x7FC8, 0x0775, 0x7FC5, 0x07A7, 0x7FC2, 0x07D9, 0x7FBF, 0x080B,
    0x7FBC, 0x083D, 0x7FB8, 0x086F, 0x7FB5, 0x08A2, 0x7FB1, 0x08D4, 0x7FAE, 0x0906, 0x7FAA, 0x0938,
    0x7FA7, 0x096A, 0x7FA3, 0x099C, 0x7F9F, 0x09CE, 0x7F9B, 0x0A00, 0x7F97, 0x0A33, 0x7F93, 0x0A65,
    0x7F8F, 0x0A97, 0x7F8B, 0x0AC9, 0x7F87, 0x0AFB, 0x7F82, 0x0B2D, 0x7F7E, 0x0B5F, 0x7F79, 0x0B91,
    0x7F75, 0x0BC3, 0x7F70, 0x0BF5, 0x7F6B, 0x0C27, 0x7F67, 0x0C59, 0x7F62, 0x0C8B, 0x7F5D, 0x0CBD,
    0x7F58, 0x0CEF, 0x7F53, 0x0D21, 0x7F4D, 0x0D53, 0x7F48, 0x0D85, 0x7F43, 0x0DB7, 0x7F3D, 0x0DE9,
    0x7F38, 0x0E1B, 0x7F32, 0x0E4D, 0x7F2D, 0x0E7F, 0x7F27, 0x0EB1, 0x7F21, 0x0EE3, 0x7F1B, 0x0F15,
    0x7F15, 0x0F47, 0x7F0F, 0x0F79, 0x7F09, 0x0FAB, 0x7F03, 0x0FDD, 0x7EFD, 0x100E, 0x7EF6, 0x1040,
    0x7EF0, 0x1072, 0x7EE9, 0x10A4, 0x7EE3, 0x10D6, 0x7EDC, 0x1108, 0x7ED5, 0x1139, 0x7ECF, 0x116B,
    0x7EC8, 0x119D, 0x7EC1, 0x11CF, 0x7EBA, 0x1201, 0x7EB3, 0x1232, 0x7EAB, 0x1264, 0x7EA4, 0x1296,
    0x7E9D, 0x12C8, 0x7E95, 0x12F9, 0x7E8E, 0x132B, 0x7E86, 0x135D, 0x7E7F, 0x138E, 0x7E77, 0x13C0,
    0x7E6F, 0x13F2, 0x7E67, 0x1423, 0x7E5F, 0x1455, 0x7E57, 0x1487, 0x7E4F, 0x14B8, 0x7E47, 0x14EA,
    0x7E3F, 0x151B, 0x7E37, 0x154D, 0x7E2E, 0x157F, 0x7E26, 0x15B0, 0x7E1D, 0x15E2, 0x7E14, 0x1613,
    0x7E0C, 0x1645, 0x7E03, 0x1676, 0x7DFA, 0x16A8, 0x7DF1, 0x16D9, 0x7DE8, 0x170A, 0x7DDF, 0x173C,
    0x7DD6, 0x176D, 0x7DCD, 0x179F, 0x7DC3, 0x17D0, 0x7DBA, 0x1802, 0x7DB0, 0x1833, 0x7DA7, 0x1864,
    0x7D9D, 0x1896, 0x7D94, 0x18C7, 0x7D8A, 0x18F8, 0x7D80, 0x192A, 0x7D76, 0x195B, 0x7D6C, 0x198C,
    0x7D62, 0x19BD, 0x7D58, 0x19EF, 0x7D4E, 0x1A20, 0x7D43, 0x1A51, 0x7D39, 0x1A82, 0x7D2F, 0x1AB3,
    0x7D24, 0x1AE4, 0x7D19, 0x1B16, 0x7D0F, 0x1B47, 0x7D04, 0x1B78, 0x7CF9, 0x1BA9, 0x7CEE, 0x1BDA,
    0x7CE3, 0x1C0B, 0x7CD8, 0x1C3C, 0x7CCD, 0x1C6D, 0x7CC2, 0x1C9E, 0x7CB7, 0x1CCF, 0x7CAB, 0x1D00,
    0x7CA0, 0x1D31, 0x7C94, 0x1D62, 0x7C89, 0x1D93, 0x7C7D, 0x1DC4, 0x7C71, 0x1DF5, 0x7C66, 0x1E25,
    0x7C5A, 0x1E56, 0x7C4E, 0x1E87, 0x7C42, 0x1EB8, 0x7C36, 0x1EE9, 0x7C29, 0x1F19, 0x7C1D, 0x1F4A,
    0x7C11, 0x1F7B, 0x7C05, 0x1FAC, 0x7BF8, 0x1FDC, 0x7BEB, 0x200D, 0x7BDF, 0x203E, 0x7BD2, 0x206E,
    0x7BC5, 0x209F, 0x7BB9, 0x20D0, 0x7BAC, 0x2100, 0x7B9F, 0x2131, 0x7B92, 0x2161, 0x7B84, 0x2192,
    0x7B77, 0x21C2, 0x7B6A, 0x21F3, 0x7B5D, 0x2223, 0x7B4F, 0x2254, 0x7B42, 0x2284, 0x7B34, 0x22B4,
    0x7B26, 0x22E5, 0x7B19, 0x2315, 0x7B0B, 0x2345, 0x7AFD, 0x2376, 0x7AEF, 0x23A6, 0x7AE1, 0x23D6,
    0x7AD3, 0x2407, 0x7AC5, 0x2437, 0x7AB6, 0x2467, 0x7AA8, 0x2497, 0x7A9A, 0x24C7, 0x7A8B, 0x24F7,
    0x7A7D, 0x2528, 0x7A6E, 0x2558, 0x7A5F, 0x2588, 0x7A50, 0x25B8, 0x7A42, 0x25E8, 0x7A33, 0x2618,
    0x7A24, 0x2648, 0x7A15, 0x2678, 0x7A05, 0x26A8, 0x79F6, 0x26D8, 0x79E7, 0x2707, 0x79D8, 0x2737,
    0x79C8, 0x2767, 0x79B9, 0x2797, 0x79A9, 0x27C7, 0x7999, 0x27F6, 0x798A, 0x2826, 0x797A, 0x2856,
    0x796A, 0x2886, 0x795A, 0x28B5, 0x794A, 0x28E5, 0x793A, 0x2915, 0x792A, 0x2944, 0x7919, 0x2974,
    0x7909, 0x29A3, 0x78F9, 0x29D3, 0x78E8, 0x2A02, 0x78D8, 0x2A32, 0x78C7, 0x2A61, 0x78B6, 0x2A91,
    0x78A6, 0x2AC0, 0x7895, 0x2AEF, 0x7884, 0x2B1F, 0x7873, 0x2B4E, 0x7862, 0x2B7D, 0x7851, 0x2BAD,
    0x7840, 0x2BDC, 0x782E, 0x2C0B, 0x781D, 0x2C3A, 0x780C, 0x2C69, 0x77FA, 0x2C98, 0x77E9, 0x2CC8,
    0x77D7, 0x2CF7, 0x77C5, 0x2D26, 0x77B4, 0x2D55, 0x77A2, 0x2D84, 0x7790, 0x2DB3, 0x777E, 0x2DE2,
    0x776C, 0x2E11, 0x775A, 0x2E3F, 0x7747, 0x2E6E, 0x7735, 0x2E9D, 0x7723, 0x2ECC, 0x7710, 0x2EFB,
    0x76FE, 0x2F29, 0x76EB, 0x2F58, 0x76D9, 0x2F87, 0x76C6, 0x2FB5, 0x76B3, 0x2FE4, 0x76A0, 0x3013,
    0x768E, 0x3041, 0x767B, 0x3070, 0x7668, 0x309E, 0x7654, 0x30CD, 0x7641, 0x30FB, 0x762E, 0x312A,
    0x761B, 0x3158, 0x7607, 0x3186, 0x75F4, 0x31B5, 0x75E0, 0x31E3, 0x75CC, 0x3211, 0x75B9, 0x3240,
    0x75A5, 0x326E, 0x7591, 0x329C, 0x757D, 0x32CA, 0x7569, 0x32F8, 0x7555, 0x3326, 0x7541, 0x3354,
    0x752D, 0x3382, 0x7519, 0x33B0, 0x7504, 0x33DE, 0x74F0, 0x340C, 0x74DB, 0x343A, 0x74C7, 0x3468,
    0x74B2, 0x3496, 0x749E, 0x34C4, 0x7489, 0x34F2, 0x7474, 0x351F, 0x745F, 0x354D, 0x744A, 0x357B,
    0x7435, 0x35A8, 0x7420, 0x35D6, 0x740B, 0x3604, 0x73F6, 0x3631, 0x73E0, 0x365F, 0x73CB, 0x368C,
    0x73B5, 0x36BA, 0x73A0, 0x36E7, 0x738A, 0x3714, 0x7375, 0x3742, 0x735F, 0x376F, 0x7349, 0x379C,
    0x7333, 0x37CA, 0x731D, 0x37F7, 0x7307, 0x3824, 0x72F1, 0x3851, 0x72DB, 0x387E, 0x72C5, 0x38AB,
    0x72AF, 0x38D8, 0x7298, 0x3906, 0x7282, 0x3932, 0x726B, 0x395F, 0x7255, 0x398C, 0x723E, 0x39B9,
    0x7227, 0x39E6, 0x7211, 0x3A13, 0x71FA, 0x3A40, 0x71E3, 0x3A6C, 0x71CC, 0x3A99, 0x71B5, 0x3AC6,
    0x719E, 0x3AF2, 0x7186, 0x3B1F, 0x716F, 0x3B4C, 0x7158, 0x3B78, 0x7141, 0x3BA5, 0x7129, 0x3BD1,
    0x7112, 0x3BFD, 0x70FA, 0x3C2A, 0x70E2, 0x3C56, 0x70CB, 0x3C83, 0x70B3, 0x3CAF, 0x709B, 0x3CDB,
    0x7083, 0x3D07, 0x706B, 0x3D33, 0x7053, 0x3D60, 0x703B, 0x3D8C, 0x7023, 0x3DB8, 0x700A, 0x3DE4,
    0x6FF2, 0x3E10, 0x6FDA, 0x3E3C, 0x6FC1, 0x3E68, 0x6FA9, 0x3E93, 0x6F90, 0x3EBF, 0x6F77, 0x3EEB,
    0x6F5F, 0x3F17, 0x6F46, 0x3F43, 0x6F2D, 0x3F6E, 0x6F14, 0x3F9A, 0x6EFB, 0x3FC5, 0x6EE2, 0x3FF1,
    0x6EC9, 0x401D, 0x6EAF, 0x4048, 0x6E96, 0x4073, 0x6E7D, 0x409F, 0x6E63, 0x40CA, 0x6E4A, 0x40F6,
    0x6E30, 0x4121, 0x6E17, 0x414C, 0x6DFD, 0x4177, 0x6DE3, 0x41A2, 0x6DCA, 0x41CE, 0x6DB0, 0x41F9,
    0x6D96, 0x4224, 0x6D7C, 0x424F, 0x6D62, 0x427A, 0x6D48, 0x42A5, 0x6D2D, 0x42D0, 0x6D13, 0x42FA,
    0x6CF9, 0x4325, 0x6CDE, 0x4350, 0x6CC4, 0x437B, 0x6CA9, 0x43A5, 0x6C8F, 0x43D0, 0x6C74, 0x43FB,
    0x6C59, 0x4425, 0x6C3F, 0x4450, 0x6C24, 0x447A, 0x6C09, 0x44A5, 0x6BEE, 0x44CF, 0x6BD3, 0x44FA,
    0x6BB8, 0x4524, 0x6B9C, 0x454E, 0x6B81, 0x4578, 0x6B66, 0x45A3, 0x6B4A, 0x45CD, 0x6B2F, 0x45F7,
    0x6B13, 0x4621, 0x6AF8, 0x464B, 0x6ADC, 0x4675, 0x6AC1, 0x469F, 0x6AA5, 0x46C9, 0x6A89, 0x46F3,
    0x6A6D, 0x471C, 0x6A51, 0x4746, 0x6A35, 0x4770, 0x6A19, 0x479A, 0x69FD, 0x47C3, 0x69E1, 0x47ED,
    0x69C4, 0x4816, 0x69A8, 0x4840, 0x698C, 0x4869, 0x696F, 0x4893, 0x6953, 0x48BC, 0x6936, 0x48E6,
    0x6919, 0x490F, 0x68FD, 0x4938, 0x68E0, 0x4961, 0x68C3, 0x498A, 0x68A6, 0x49B4, 0x6889, 0x49DD,
    0x686C, 0x4A06, 0x684F, 0x4A2F, 0x6832, 0x4A58, 0x6815, 0x4A81, 0x67F7, 0x4AA9, 0x67DA, 0x4AD2,
    0x67BD, 0x4AFB, 0x679F, 0x4B24, 0x6782, 0x4B4C, 0x6764, 0x4B75, 0x6746, 0x4B9E, 0x6729, 0x4BC6,
    0x670B, 0x4BEF, 0x66ED, 0x4C17, 0x66CF, 0x4C3F, 0x66B1, 0x4C68, 0x6693, 0x4C90, 0x6675, 0x4CB8,
    0x6657, 0x4CE1, 0x6639, 0x4D09, 0x661A, 0x4D31, 0x65FC, 0x4D59, 0x65DD, 0x4D81, 0x65BF, 0x4DA9,
    0x65A0, 0x4DD1, 0x6582, 0x4DF9, 0x6563, 0x4E21, 0x6545, 0x4E48, 0x6526, 0x4E70, 0x6507, 0x4E98,
    0x64E8, 0x4EBF, 0x64C9, 0x4EE7, 0x64AA, 0x4F0F, 0x648B, 0x4F36, 0x646C, 0x4F5E, 0x644D, 0x4F85,
    0x642D, 0x4FAC, 0x640E, 0x4FD4, 0x63EF, 0x4FFB, 0x63CF, 0x5022, 0x63B0, 0x5049, 0x6390, 0x5070,
    0x6371, 0x5097, 0x6351, 0x50BF, 0x6331, 0x50E5, 0x6311, 0x510C, 0x62F2, 0x5133, 0x62D2, 0x515A,
    0x62B2, 0x5181, 0x6292, 0x51A8, 0x6271, 0x51CE, 0x6251, 0x51F5, 0x6231, 0x521C, 0x6211, 0x5242,
    0x61F1, 0x5269, 0x61D0, 0x528F, 0x61B0, 0x52B5, 0x618F, 0x52DC, 0x616F, 0x5302, 0x614E, 0x5328,
    0x612D, 0x534E, 0x610D, 0x5375, 0x60EC, 0x539B, 0x60CB, 0x53C1, 0x60AA, 0x53E7, 0x6089, 0x540D,
    0x6068, 0x5433, 0x6047, 0x5458, 0x6026, 0x547E, 0x6004, 0x54A4, 0x5FE3, 0x54CA, 0x5FC2, 0x54EF,
    0x5FA0, 0x5515, 0x5F7F, 0x553A, 0x5F5E, 0x5560, 0x5F3C, 0x5585, 0x5F1A, 0x55AB, 0x5EF9, 0x55D0,
    0x5ED7, 0x55F5, 0x5EB5, 0x561A, 0x5E93, 0x5640, 0x5E71, 0x5665, 0x5E50, 0x568A, 0x5E2D, 0x56AF,
    0x5E0B, 0x56D4, 0x5DE9, 0x56F9, 0x5DC7, 0x571D, 0x5DA5, 0x5742, 0x5D83, 0x5767, 0x5D60, 0x578C,
    0x5D3E, 0x57B0, 0x5D1B, 0x57D5, 0x5CF9, 0x57F9, 0x5CD6, 0x581E, 0x5CB4, 0x5842, 0x5C91, 0x5867,
    0x5C6E, 0x588B, 0x5C4B, 0x58AF, 0x5C29, 0x58D4, 0x5C06, 0x58F8, 0x5BE3, 0x591C, 0x5BC0, 0x5940,
    0x5B9D, 0x5964, 0x5B79, 0x5988, 0x5B56, 0x59AC, 0x5B33, 0x59D0, 0x5B10, 0x59F3, 0x5AEC, 0x5A17,
    0x5AC9, 0x5A3B, 0x5AA5, 0x5A5E, 0x5A82, 0x5A82, 0x5A5E, 0x5AA5, 0x5A3B, 0x5AC9, 0x5A17, 0x5AEC,
    0x59F3, 0x5B10, 0x59D0, 0x5B33, 0x59AC, 0x5B56, 0x5988, 0x5B79, 0x5964, 0x5B9D, 0x5940, 0x5BC0,
    0x591C, 0x5BE3, 0x58F8, 0x5C06, 0x58D4, 0x5C29, 0x58AF, 0x5C4B, 0x588B, 0x5C6E, 0x5867, 0x5C91,
    0x5842, 0x5CB4, 0x581E, 0x5CD6, 0x57F9, 0x5CF9, 0x57D5, 0x5D1B, 0x57B0, 0x5D3E, 0x578C, 0x5D60,
    0x5767, 0x5D83, 0x5742, 0x5DA5, 0x571D, 0x5DC7, 0x56F9, 0x5DE9, 0x56D4, 0x5E0B, 0x56AF, 0x5E2D,
    0x568A, 0x5E50, 0x5665, 0x5E71, 0x5640, 0x5E93, 0x561A, 0x5EB5, 0x55F5, 0x5ED7, 0x55D0, 0x5EF9,
    0x55AB, 0x5F1A, 0x5585, 0x5F3C, 0x5560, 0x5F5E, 0x553A, 0x5F7F, 0x5515, 0x5FA0, 0x54EF, 0x5FC2,
    0x54CA, 0x5FE3, 0x54A4, 0x6004, 0x547E, 0x6026, 0x5458, 0x6047, 0x5433, 0x6068, 0x540D, 0x6089,
    0x53E7, 0x60AA, 0x53C1, 0x60CB, 0x539B, 0x60EC, 0x5375, 0x610D, 0x534E, 0x612D, 0x5328, 0x614E,
    0x5302, 0x616F, 0x52DC, 0x618F, 0x52B5, 0x61B0, 0x528F, 0x61D0, 0x5269, 0x61F1, 0x5242, 0x6211,
    0x521C, 0x6231, 0x51F5, 0x6251, 0x51CE, 0x6271, 0x51A8, 0x6292, 0x5181, 0x62B2, 0x515A, 0x62D2,
    0x5133, 0x62F2, 0x510C, 0x6311, 0x50E5, 0x6331, 0x50BF, 0x6351, 0x5097, 0x6371, 0x5070, 0x6390,
    0x5049, 0x63B0, 0x5022, 0x63CF, 0x4FFB, 0x63EF, 0x4FD4, 0x640E, 0x4FAC, 0x642D, 0x4F85, 0x644D,
    0x4F5E, 0x646C, 0x4F36, 0x648B, 0x4F0F, 0x64AA, 0x4EE7, 0x64C9, 0x4EBF, 0x64E8, 0x4E98, 0x6507,
    0x4E70, 0x6526, 0x4E48, 0x6545, 0x4E21, 0x6563, 0x4DF9, 0x6582, 0x4DD1, 0x65A0, 0x4DA9, 0x65BF,
    0x4D81, 0x65DD, 0x4D59, 0x65FC, 0x4D31, 0x661A, 0x4D09, 0x6639, 0x4CE1, 0x6657, 0x4CB8, 0x6675,
    0x4C90, 0x6693, 0x4C68, 0x66B1, 0x4C3F, 0x66CF, 0x4C17, 0x66ED, 0x4BEF, 0x670B, 0x4BC6, 0x6729,
    0x4B9E, 0x6746, 0x4B75, 0x6764, 0x4B4C, 0x6782, 0x4B24, 0x679F, 0x4AFB, 0x67BD, 0x4AD2, 0x67DA,
    0x4AA9, 0x67F7, 0x4A81, 0x6815, 0x4A58, 0x6832, 0x4A2F, 0x684F, 0x4A06, 0x686C, 0x49DD, 0x6889,
    0x49B4, 0x68A6, 0x498A, 0x68C3, 0x4961, 0x68E0, 0x4938, 0x68FD, 0x490F, 0x6919, 0x48E6, 0x6936,
    0x48BC, 0x6953, 0x4893, 0x696F, 0x4869, 0x698C, 0x4840, 0x69A8, 0x4816, 0x69C4, 0x47ED, 0x69E1,
    0x47C3, 0x69FD, 0x479A, 0x6A19, 0x4770, 0x6A35, 0x4746, 0x6A51, 0x471C, 0x6A6D, 0x46F3, 0x6A89,
    0x46C9, 0x6AA5, 0x469F, 0x6AC1, 0x4675, 0x6ADC, 0x464B, 0x6AF8, 0x4621, 0x6B13, 0x45F7, 0x6B2F,
    0x45CD, 0x6B4A, 0x45A3, 0x6B66, 0x4578, 0x6B81, 0x454E, 0x6B9C, 0x4524, 0x6BB8, 0x44FA, 0x6BD3,
    0x44CF, 0x6BEE, 0x44A5, 0x6C09, 0x447A, 0x6C24, 0x4450, 0x6C3F, 0x4425, 0x6C59, 0x43FB, 0x6C74,
    0x43D0, 0x6C8F, 0x43A5, 0x6CA9, 0x437B, 0x6CC4, 0x4350, 0x6CDE, 0x4325, 0x6CF9, 0x42FA, 0x6D13,
    0x42D0, 0x6D2D, 0x42A5, 0x6D48, 0x427A, 0x6D62, 0x424F, 0x6D7C, 0x4224, 0x6D96, 0x41F9, 0x6DB0,
    0x41CE, 0x6DCA, 0x41A2, 0x6DE3, 0x4177, 0x6DFD, 0x414C, 0x6E17, 0x4121, 0x6E30, 0x40F6, 0x6E4A,
    0x40CA, 0x6E63, 0x409F, 0x6E7D, 0x4073, 0x6E96, 0x4048, 0x6EAF, 0x401D, 0x6EC9, 0x3FF1, 0x6EE2,
    0x3FC5, 0x6EFB, 0x3F9A, 0x6F14, 0x3F6E, 0x6F2D, 0x3F43, 0x6F46, 0x3F17, 0x6F5F, 0x3EEB, 0x6F77,
    0x3EBF, 0x6F90, 0x3E93, 0x6FA9, 0x3E68, 0x6FC1, 0x3E3C, 0x6FDA, 0x3E10, 0x6FF2, 0x3DE4, 0x700A,
    0x3DB8, 0x7023, 0x3D8C, 0x703B, 0x3D60, 0x7053, 0x3D33, 0x706B, 0x3D07, 0x7083, 0x3CDB, 0x709B,
    0x3CAF, 0x70B3, 0x3C83, 0x70CB, 0x3C56, 0x70E2, 0x3C2A, 0x70FA, 0x3BFD, 0x7112, 0x3BD1, 0x7129,
    0x3BA5, 0x7141, 0x3B78, 0x7158, 0x3B4C, 0x716F, 0x3B1F, 0x7186, 0x3AF2, 0x719E, 0x3AC6, 0x71B5,
    0x3A99, 0x71CC, 0x3A6C, 0x71E3, 0x3A40, 0x71FA, 0x3A13, 0x7211, 0x39E6, 0x7227, 0x39B9, 0x723E,
    0x398C, 0x7255, 0x395F, 0x726B, 0x3932, 0x7282, 0x3906, 0x7298, 0x38D8, 0x72AF, 0x38AB, 0x72C5,
    0x387E, 0x72DB, 0x3851, 0x72F1, 0x3824, 0x7307, 0x37F7, 0x731D, 0x37CA, 0x7333, 0x379C, 0x7349,
    0x376F, 0x735F, 0x3742, 0x7375, 0x3714, 0x738A, 0x36E7, 0x73A0, 0x36BA, 0x73B5, 0x368C, 0x73CB,
    0x365F, 0x73E0, 0x3631, 0x73F6, 0x3604, 0x740B, 0x35D6, 0x7420, 0x35A8, 0x7435, 0x357B, 0x744A,
    0x354D, 0x745F, 0x351F, 0x7474, 0x34F2, 0x7489, 0x34C4, 0x749E, 0x3496, 0x74B2, 0x3468, 0x74C7,
    0x343A, 0x74DB, 0x340C, 0x74F0, 0x33DE, 0x7504, 0x33B0, 0x7519, 0x3382, 0x752D, 0x3354, 0x7541,
    0x3326, 0x7555, 0x32F8, 0x7569, 0x32CA, 0x757D, 0x329C, 0x7591, 0x326E, 0x75A5, 0x3240, 0x75B9,
    0x3211, 0x75CC, 0x31E3, 0x75E0, 0x31B5, 0x75F4, 0x3186, 0x7607, 0x3158, 0x761B, 0x312A, 0x762E,
    0x30FB, 0x7641, 0x30CD, 0x7654, 0x309E, 0x7668, 0x3070, 0x767B, 0x3041, 0x768E, 0x3013, 0x76A0,
    0x2FE4, 0x76B3, 0x2FB5, 0x76C6, 0x2F87, 0x76D9, 0x2F58, 0x76EB, 0x2F29, 0x76FE, 0x2EFB, 0x7710,
    0x2ECC, 0x7723, 0x2E9D, 0x7735, 0x2E6E, 0x7747, 0x2E3F, 0x775A, 0x2E11, 0x776C, 0x2DE2, 0x777E,
    0x2DB3, 0x7790, 0x2D84, 0x77A2, 0x2D55, 0x77B4, 0x2D26, 0x77C5, 0x2CF7, 0x77D7, 0x2CC8, 0x77E9,
    0x2C98, 0x77FA, 0x2C69, 0x780C, 0x2C3A, 0x781D, 0x2C0B, 0x782E, 0x2BDC, 0x7840, 0x2BAD, 0x7851,
    0x2B7D, 0x7862, 0x2B4E, 0x7873, 0x2B1F, 0x7884, 0x2AEF, 0x7895, 0x2AC0, 0x78A6, 0x2A91, 0x78B6,
    0x2A61, 0x78C7, 0x2A32, 0x78D8, 0x2A02, 0x78E8, 0x29D3, 0x78F9, 0x29A3, 0x7909, 0x2974, 0x7919,
    0x2944, 0x792A, 0x2915, 0x793A, 0x28E5, 0x794A, 0x28B5, 0x795A, 0x2886, 0x796A, 0x2856, 0x797A,
    0x2826, 0x798A, 0x27F6, 0x7999, 0x27C7, 0x79A9, 0x2797, 0x79B9, 0x2767, 0x79C8, 0x2737, 0x79D8,
    0x2707, 0x79E7, 0x26D8, 0x79F6, 0x26A8, 0x7A05, 0x2678, 0x7A15, 0x2648, 0x7A24, 0x2618, 0x7A33,
    0x25E8, 0x7A42, 0x25B8, 0x7A50, 0x2588, 0x7A5F, 0x2558, 0x7A6E, 0x2528, 0x7A7D, 0x24F7, 0x7A8B,
    0x24C7, 0x7A9A, 0x2497, 0x7AA8, 0x2467, 0x7AB6, 0x2437, 0x7AC5, 0x2407, 0x7AD3, 0x23D6, 0x7AE1,
    0x23A6, 0x7AEF, 0x2376, 0x7AFD, 0x2345, 0x7B0B, 0x2315, 0x7B19, 0x22E5, 0x7B26, 0x22B4, 0x7B34,
    0x2284, 0x7B42, 0x2254, 0x7B4F, 0x2223, 0x7B5D, 0x21F3, 0x7B6A, 0x21C2, 0x7B77, 0x2192, 0x7B84,
    0x2161, 0x7B92, 0x2131, 0x7B9F, 0x2100, 0x7BAC, 0x20D0, 0x7BB9, 0x209F, 0x7BC5, 0x206E, 0x7BD2,
    0x203E, 0x7BDF, 0x200D, 0x7BEB, 0x1FDC, 0x7BF8, 0x1FAC, 0x7C05, 0x1F7B, 0x7C11, 0x1F4A, 0x7C1D,
    0x1F19, 0x7C29, 0x1EE9, 0x7C36, 0x1EB8, 0x7C42, 0x1E87, 0x7C4E, 0x1E56, 0x7C5A, 0x1E25, 0x7C66,
    0x1DF5, 0x7C71, 0x1DC4, 0x7C7D, 0x1D93, 0x7C89, 0x1D62, 0x7C94, 0x1D31, 0x7CA0, 0x1D00, 0x7CAB,
    0x1CCF, 0x7CB7, 0x1C9E, 0x7CC2, 0x1C6D, 0x7CCD, 0x1C3C, 0x7CD8, 0x1C0B, 0x7CE3, 0x1BDA, 0x7CEE,
    0x1BA9, 0x7CF9, 0x1B78, 0x7D04, 0x1B47, 0x7D0F, 0x1B16, 0x7D19, 0x1AE4, 0x7D24, 0x1AB3, 0x7D2F,
    0x1A82, 0x7D39, 0x1A51, 0x7D43, 0x1A20, 0x7D4E, 0x19EF, 0x7D58, 0x19BD, 0x7D62, 0x198C, 0x7D6C,
    0x195B, 0x7D76, 0x192A, 0x7D80, 0x18F8, 0x7D8A, 0x18C7, 0x7D94, 0x1896, 0x7D9D, 0x1864, 0x7DA7,
    0x1833, 0x7DB0, 0x1802, 0x7DBA, 0x17D0, 0x7DC3, 0x179F, 0x7DCD, 0x176D, 0x7DD6, 0x173C, 0x7DDF,
    0x170A, 0x7DE8, 0x16D9, 0x7DF1, 0x16A8, 0x7DFA, 0x1676, 0x7E03, 0x1645, 0x7E0C, 0x1613, 0x7E14,
    0x15E2, 0x7E1D, 0x15B0, 0x7E26, 0x157F, 0x7E2E, 0x154D, 0x7E37, 0x151B, 0x7E3F, 0x14EA, 0x7E47,
    0x14B8, 0x7E4F, 0x1487, 0x7E57, 0x1455, 0x7E5F, 0x1423, 0x7E67, 0x13F2, 0x7E6F, 0x13C0, 0x7E77,
    0x138E, 0x7E7F, 0x135D, 0x7E86, 0x132B, 0x7E8E, 0x12F9, 0x7E95, 0x12C8, 0x7E9D, 0x1296, 0x7EA4,
    0x1264, 0x7EAB, 0x1232, 0x7EB3, 0x1201, 0x7EBA, 0x11CF, 0x7EC1, 0x119D, 0x7EC8, 0x116B, 0x7ECF,
    0x1139, 0x7ED5, 0x1108, 0x7EDC, 0x10D6, 0x7EE3, 0x10A4, 0x7EE9, 0x1072, 0x7EF0, 0x1040, 0x7EF6,
    0x100E, 0x7EFD, 0x0FDD, 0x7F03, 0x0FAB, 0x7F09, 0x0F79, 0x7F0F, 0x0F47, 0x7F15, 0x0F15, 0x7F1B,
    0x0EE3, 0x7F21, 0x0EB1, 0x7F27, 0x0E7F, 0x7F2D, 0x0E4D, 0x7F32, 0x0E1B, 0x7F38, 0x0DE9, 0x7F3D,
    0x0DB7, 0x7F43, 0x0D85, 0x7F48, 0x0D53, 0x7F4D, 0x0D21, 0x7F53, 0x0CEF, 0x7F58, 0x0CBD, 0x7F5D,
    0x0C8B, 0x7F62, 0x0C59, 0x7F67, 0x0C27, 0x7F6B, 0x0BF5, 0x7F70, 0x0BC3, 0x7F75, 0x0B91, 0x7F79,
    0x0B5F, 0x7F7E, 0x0B2D, 0x7F82, 0x0AFB, 0x7F87, 0x0AC9, 0x7F8B, 0x0A97, 0x7F8F, 0x0A65, 0x7F93,
    0x0A33, 0x7F97, 0x0A00, 0x7F9B, 0x09CE, 0x7F9F, 0x099C, 0x7FA3, 0x096A, 0x7FA7, 0x0938, 0x7FAA,
    0x0906, 0x7FAE, 0x08D4, 0x7FB1, 0x08A2, 0x7FB5, 0x086F, 0x7FB8, 0x083D, 0x7FBC, 0x080B, 0x7FBF,
    0x07D9, 0x7FC2, 0x07A7, 0x7FC5, 0x0775, 0x7FC8, 0x0742, 0x7FCB, 0x0710, 0x7FCE, 0x06DE, 0x7FD0,
    0x06AC, 0x7FD3, 0x067A, 0x7FD6, 0x0647, 0x7FD8, 0x0615, 0x7FDA, 0x05E3, 0x7FDD, 0x05B1, 0x7FDF,
    0x057F, 0x7FE1, 0x054C, 0x7FE3, 0x051A, 0x7FE5, 0x04E8, 0x7FE7, 0x04B6, 0x7FE9, 0x0483, 0x7FEB,
    0x0451, 0x7FED, 0x041F, 0x7FEE, 0x03ED, 0x7FF0, 0x03BA, 0x7FF2, 0x0388, 0x7FF3, 0x0356, 0x7FF4,
    0x0324, 0x7FF6, 0x02F1, 0x7FF7, 0x02BF, 0x7FF8, 0x028D, 0x7FF9, 0x025B, 0x7FFA, 0x0228, 0x7FFB,
    0x01F6, 0x7FFC, 0x01C4, 0x7FFC, 0x0192, 0x7FFD, 0x015F, 0x7FFE, 0x012D, 0x7FFE, 0x00FB, 0x7FFF,
    0x00C9, 0x7FFF, 0x0096, 0x7FFF, 0x0064, 0x7FFF, 0x0032, 0x7FFF, 0x0000, 0x7FFF, 0xFFCD, 0x7FFF,
    0xFF9B, 0x7FFF, 0xFF69, 0x7FFF, 0xFF36, 0x7FFF, 0xFF04, 0x7FFF, 0xFED2, 0x7FFE, 0xFEA0, 0x7FFE,
    0xFE6D, 0x7FFD, 0xFE3B, 0x7FFC, 0xFE09, 0x7FFC, 0xFDD7, 0x7FFB, 0xFDA4, 0x7FFA, 0xFD72, 0x7FF9,
    0xFD40, 0x7FF8, 0xFD0E, 0x7FF7, 0xFCDB, 0x7FF6, 0xFCA9, 0x7FF4, 0xFC77, 0x7FF3, 0xFC45, 0x7FF2,
    0xFC12, 0x7FF0, 0xFBE0, 0x7FEE, 0xFBAE, 0x7FED, 0xFB7C, 0x7FEB, 0xFB49, 0x7FE9, 0xFB17, 0x7FE7,
    0xFAE5, 0x7FE5, 0xFAB3, 0x7FE3, 0xFA80, 0x7FE1, 0xFA4E, 0x7FDF, 0xFA1C, 0x7FDD, 0xF9EA, 0x7FDA,
    0xF9B8, 0x7FD8, 0xF985, 0x7FD6, 0xF953, 0x7FD3, 0xF921, 0x7FD0, 0xF8EF, 0x7FCE, 0xF8BD, 0x7FCB,
    0xF88A, 0x7FC8, 0xF858, 0x7FC5, 0xF826, 0x7FC2, 0xF7F4, 0x7FBF, 0xF7C2, 0x7FBC, 0xF790, 0x7FB8,
    0xF75D, 0x7FB5, 0xF72B, 0x7FB1, 0xF6F9, 0x7FAE, 0xF6C7, 0x7FAA, 0xF695, 0x7FA7, 0xF663, 0x7FA3,
    0xF631, 0x7F9F, 0xF5FF, 0x7F9B, 0xF5CC, 0x7F97, 0xF59A, 0x7F93, 0xF568, 0x7F8F, 0xF536, 0x7F8B,
    0xF504, 0x7F87, 0xF4D2, 0x7F82, 0xF4A0, 0x7F7E, 0xF46E, 0x7F79, 0xF43C, 0x7F75, 0xF40A, 0x7F70,
    0xF3D8, 0x7F6B, 0xF3A6, 0x7F67, 0xF374, 0x7F62, 0xF342, 0x7F5D, 0xF310, 0x7F58, 0xF2DE, 0x7F53,
    0xF2AC, 0x7F4D, 0xF27A, 0x7F48, 0xF248, 0x7F43, 0xF216, 0x7F3D, 0xF1E4, 0x7F38, 0xF1B2, 0x7F32,
    0xF180, 0x7F2D, 0xF14E, 0x7F27, 0xF11C, 0x7F21, 0xF0EA, 0x7F1B, 0xF0B8, 0x7F15, 0xF086, 0x7F0F,
    0xF054, 0x7F09, 0xF022, 0x7F03, 0xEFF1, 0x7EFD, 0xEFBF, 0x7EF6, 0xEF8D, 0x7EF0, 0xEF5B, 0x7EE9,
    0xEF29, 0x7EE3, 0xEEF7, 0x7EDC, 0xEEC6, 0x7ED5, 0xEE94, 0x7ECF, 0xEE62, 0x7EC8, 0xEE30, 0x7EC1,
    0xEDFE, 0x7EBA, 0xEDCD, 0x7EB3, 0xED9B, 0x7EAB, 0xED69, 0x7EA4, 0xED37, 0x7E9D, 0xED06, 0x7E95,
    0xECD4, 0x7E8E, 0xECA2, 0x7E86, 0xEC71, 0x7E7F, 0xEC3F, 0x7E77, 0xEC0D, 0x7E6F, 0xEBDC, 0x7E67,
    0xEBAA, 0x7E5F, 0xEB78, 0x7E57, 0xEB47, 0x7E4F, 0xEB15, 0x7E47, 0xEAE4, 0x7E3F, 0xEAB2, 0x7E37,
    0xEA80, 0x7E2E, 0xEA4F, 0x7E26, 0xEA1D, 0x7E1D, 0xE9EC, 0x7E14, 0xE9BA, 0x7E0C, 0xE989, 0x7E03,
    0xE957, 0x7DFA, 0xE926, 0x7DF1, 0xE8F5, 0x7DE8, 0xE8C3, 0x7DDF, 0xE892, 0x7DD6, 0xE860, 0x7DCD,
    0xE82F, 0x7DC3, 0xE7FD, 0x7DBA, 0xE7CC, 0x7DB0, 0xE79B, 0x7DA7, 0xE769, 0x7D9D, 0xE738, 0x7D94,
    0xE707, 0x7D8A, 0xE6D5, 0x7D80, 0xE6A4, 0x7D76, 0xE673, 0x7D6C, 0xE642, 0x7D62, 0xE610, 0x7D58,
    0xE5DF, 0x7D4E, 0xE5AE, 0x7D43, 0xE57D, 0x7D39, 0xE54C, 0x7D2F, 0xE51B, 0x7D24, 0xE4E9, 0x7D19,
    0xE4B8, 0x7D0F, 0xE487, 0x7D04, 0xE456, 0x7CF9, 0xE425, 0x7CEE, 0xE3F4, 0x7CE3, 0xE3C3, 0x7CD8,
    0xE392, 0x7CCD, 0xE361, 0x7CC2, 0xE330, 0x7CB7, 0xE2FF, 0x7CAB, 0xE2CE, 0x7CA0, 0xE29D, 0x7C94,
    0xE26C, 0x7C89, 0xE23B, 0x7C7D, 0xE20A, 0x7C71, 0xE1DA, 0x7C66, 0xE1A9, 0x7C5A, 0xE178, 0x7C4E,
    0xE147, 0x7C42, 0xE116, 0x7C36, 0xE0E6, 0x7C29, 0xE0B5, 0x7C1D, 0xE084, 0x7C11, 0xE053, 0x7C05,
    0xE023, 0x7BF8, 0xDFF2, 0x7BEB, 0xDFC1, 0x7BDF, 0xDF91, 0x7BD2, 0xDF60, 0x7BC5, 0xDF2F, 0x7BB9,
    0xDEFF, 0x7BAC, 0xDECE, 0x7B9F, 0xDE9E, 0x7B92, 0xDE6D, 0x7B84, 0xDE3D, 0x7B77, 0xDE0C, 0x7B6A,
    0xDDDC, 0x7B5D, 0xDDAB, 0x7B4F, 0xDD7B, 0x7B42, 0xDD4B, 0x7B34, 0xDD1A, 0x7B26, 0xDCEA, 0x7B19,
    0xDCBA, 0x7B0B, 0xDC89, 0x7AFD, 0xDC59, 0x7AEF, 0xDC29, 0x7AE1, 0xDBF8, 0x7AD3, 0xDBC8, 0x7AC5,
    0xDB98, 0x7AB6, 0xDB68, 0x7AA8, 0xDB38, 0x7A9A, 0xDB08, 0x7A8B, 0xDAD7, 0x7A7D, 0xDAA7, 0x7A6E,
    0xDA77, 0x7A5F, 0xDA47, 0x7A50, 0xDA17, 0x7A42, 0xD9E7, 0x7A33, 0xD9B7, 0x7A24, 0xD987, 0x7A15,
    0xD957, 0x7A05, 0xD927, 0x79F6, 0xD8F8, 0x79E7, 0xD8C8, 0x79D8, 0xD898, 0x79C8, 0xD868, 0x79B9,
    0xD838, 0x79A9, 0xD809, 0x7999, 0xD7D9, 0x798A, 0xD7A9, 0x797A, 0xD779, 0x796A, 0xD74A, 0x795A,
    0xD71A, 0x794A, 0xD6EA, 0x793A, 0xD6BB, 0x792A, 0xD68B, 0x7919, 0xD65C, 0x7909, 0xD62C, 0x78F9,
    0xD5FD, 0x78E8, 0xD5CD, 0x78D8, 0xD59E, 0x78C7, 0xD56E, 0x78B6, 0xD53F, 0x78A6, 0xD510, 0x7895,
    0xD4E0, 0x7884, 0xD4B1, 0x7873, 0xD482, 0x7862, 0xD452, 0x7851, 0xD423, 0x7840, 0xD3F4, 0x782E,
    0xD3C5, 0x781D, 0xD396, 0x780C, 0xD367, 0x77FA, 0xD337, 0x77E9, 0xD308, 0x77D7, 0xD2D9, 0x77C5,
    0xD2AA, 0x77B4, 0xD27B, 0x77A2, 0xD24C, 0x7790, 0xD21D, 0x777E, 0xD1EE, 0x776C, 0xD1C0, 0x775A,
    0xD191, 0x7747, 0xD162, 0x7735, 0xD133, 0x7723, 0xD104, 0x7710, 0xD0D6, 0x76FE, 0xD0A7, 0x76EB,
    0xD078, 0x76D9, 0xD04A, 0x76C6, 0xD01B, 0x76B3, 0xCFEC, 0x76A0, 0xCFBE, 0x768E, 0xCF8F, 0x767B,
    0xCF61, 0x7668, 0xCF32, 0x7654, 0xCF04, 0x7641, 0xCED5, 0x762E, 0xCEA7, 0x761B, 0xCE79, 0x7607,
    0xCE4A, 0x75F4, 0xCE1C, 0x75E0, 0xCDEE, 0x75CC, 0xCDBF, 0x75B9, 0xCD91, 0x75A5, 0xCD63, 0x7591,
    0xCD35, 0x757D, 0xCD07, 0x7569, 0xCCD9, 0x7555, 0xCCAB, 0x7541, 0xCC7D, 0x752D, 0xCC4F, 0x7519,
    0xCC21, 0x7504, 0xCBF3, 0x74F0, 0xCBC5, 0x74DB, 0xCB97, 0x74C7, 0xCB69, 0x74B2, 0xCB3B, 0x749E,
    0xCB0D, 0x7489, 0xCAE0, 0x7474, 0xCAB2, 0x745F, 0xCA84, 0x744A, 0xCA57, 0x7435, 0xCA29, 0x7420,
    0xC9FB, 0x740B, 0xC9CE, 0x73F6, 0xC9A0, 0x73E0, 0xC973, 0x73CB, 0xC945, 0x73B5, 0xC918, 0x73A0,
    0xC8EB, 0x738A, 0xC8BD, 0x7375, 0xC890, 0x735F, 0xC863, 0x7349, 0xC835, 0x7333, 0xC808, 0x731D,
    0xC7DB, 0x7307, 0xC7AE, 0x72F1, 0xC781, 0x72DB, 0xC754, 0x72C5, 0xC727, 0x72AF, 0xC6F9, 0x7298,
    0xC6CD, 0x7282, 0xC6A0, 0x726B, 0xC673, 0x7255, 0xC646, 0x723E, 0xC619, 0x7227, 0xC5EC, 0x7211,
    0xC5BF, 0x71FA, 0xC593, 0x71E3, 0xC566, 0x71CC, 0xC539, 0x71B5, 0xC50D, 0x719E, 0xC4E0, 0x7186,
    0xC4B3, 0x716F, 0xC487, 0x7158, 0xC45A, 0x7141, 0xC42E, 0x7129, 0xC402, 0x7112, 0xC3D5, 0x70FA,
    0xC3A9, 0x70E2, 0xC37C, 0x70CB, 0xC350, 0x70B3, 0xC324, 0x709B, 0xC2F8, 0x7083, 0xC2CC, 0x706B,
    0xC29F, 0x7053, 0xC273, 0x703B, 0xC247, 0x7023, 0xC21B, 0x700A, 0xC1EF, 0x6FF2, 0xC1C3, 0x6FDA,
    0xC197, 0x6FC1, 0xC16C, 0x6FA9, 0xC140, 0x6F90, 0xC114, 0x6F77, 0xC0E8, 0x6F5F, 0xC0BC, 0x6F46,
    0xC091, 0x6F2D, 0xC065, 0x6F14, 0xC03A, 0x6EFB, 0xC00E, 0x6EE2, 0xBFE2, 0x6EC9, 0xBFB7, 0x6EAF,
    0xBF8C, 0x6E96, 0xBF60, 0x6E7D, 0xBF35, 0x6E63, 0xBF09, 0x6E4A, 0xBEDE, 0x6E30, 0xBEB3, 0x6E17,
    0xBE88, 0x6DFD, 0xBE5D, 0x6DE3, 0xBE31, 0x6DCA, 0xBE06, 0x6DB0, 0xBDDB, 0x6D96, 0xBDB0, 0x6D7C,
    0xBD85, 0x6D62, 0xBD5A, 0x6D48, 0xBD2F, 0x6D2D, 0xBD05, 0x6D13, 0xBCDA, 0x6CF9, 0xBCAF, 0x6CDE,
    0xBC84, 0x6CC4, 0xBC5A, 0x6CA9, 0xBC2F, 0x6C8F, 0xBC04, 0x6C74, 0xBBDA, 0x6C59, 0xBBAF, 0x6C3F,
    0xBB85, 0x6C24, 0xBB5A, 0x6C09, 0xBB30, 0x6BEE, 0xBB05, 0x6BD3, 0xBADB, 0x6BB8, 0xBAB1, 0x6B9C,
    0xBA87, 0x6B81, 0xBA5C, 0x6B66, 0xBA32, 0x6B4A, 0xBA08, 0x6B2F, 0xB9DE, 0x6B13, 0xB9B4, 0x6AF8,
    0xB98A, 0x6ADC, 0xB960, 0x6AC1, 0xB936, 0x6AA5, 0xB90C, 0x6A89, 0xB8E3, 0x6A6D, 0xB8B9, 0x6A51,
    0xB88F, 0x6A35, 0xB865, 0x6A19, 0xB83C, 0x69FD, 0xB812, 0x69E1, 0xB7E9, 0x69C4, 0xB7BF, 0x69A8,
    0xB796, 0x698C, 0xB76C, 0x696F, 0xB743, 0x6953, 0xB719, 0x6936, 0xB6F0, 0x6919, 0xB6C7, 0x68FD,
    0xB69E, 0x68E0, 0xB675, 0x68C3, 0xB64B, 0x68A6, 0xB622, 0x6889, 0xB5F9, 0x686C, 0xB5D0, 0x684F,
    0xB5A7, 0x6832, 0xB57E, 0x6815, 0xB556, 0x67F7, 0xB52D, 0x67DA, 0xB504, 0x67BD, 0xB4DB, 0x679F,
    0xB4B3, 0x6782, 0xB48A, 0x6764, 0xB461, 0x6746, 0xB439, 0x6729, 0xB410, 0x670B, 0xB3E8, 0x66ED,
    0xB3C0, 0x66CF, 0xB397, 0x66B1, 0xB36F, 0x6693, 0xB347, 0x6675, 0xB31E, 0x6657, 0xB2F6, 0x6639,
    0xB2CE, 0x661A, 0xB2A6, 0x65FC, 0xB27E, 0x65DD, 0xB256, 0x65BF, 0xB22E, 0x65A0, 0xB206, 0x6582,
    0xB1DE, 0x6563, 0xB1B7, 0x6545, 0xB18F, 0x6526, 0xB167, 0x6507, 0xB140, 0x64E8, 0xB118, 0x64C9,
    0xB0F0, 0x64AA, 0xB0C9, 0x648B, 0xB0A1, 0x646C, 0xB07A, 0x644D, 0xB053, 0x642D, 0xB02B, 0x640E,
    0xB004, 0x63EF, 0xAFDD, 0x63CF, 0xAFB6, 0x63B0, 0xAF8F, 0x6390, 0xAF68, 0x6371, 0xAF40, 0x6351,
    0xAF1A, 0x6331, 0xAEF3, 0x6311, 0xAECC, 0x62F2, 0xAEA5, 0x62D2, 0xAE7E, 0x62B2, 0xAE57, 0x6292,
    0xAE31, 0x6271, 0xAE0A, 0x6251, 0xADE3, 0x6231, 0xADBD, 0x6211, 0xAD96, 0x61F1, 0xAD70, 0x61D0,
    0xAD4A, 0x61B0, 0xAD23, 0x618F, 0xACFD, 0x616F, 0xACD7, 0x614E, 0xACB1, 0x612D, 0xAC8A, 0x610D,
    0xAC64, 0x60EC, 0xAC3E, 0x60CB, 0xAC18, 0x60AA, 0xABF2, 0x6089, 0xABCC, 0x6068, 0xABA7, 0x6047,
    0xAB81, 0x6026, 0xAB5B, 0x6004, 0xAB35, 0x5FE3, 0xAB10, 0x5FC2, 0xAAEA, 0x5FA0, 0xAAC5, 0x5F7F,
    0xAA9F, 0x5F5E, 0xAA7A, 0x5F3C, 0xAA54, 0x5F1A, 0xAA2F, 0x5EF9, 0xAA0A, 0x5ED7, 0xA9E5, 0x5EB5,
    0xA9BF, 0x5E93, 0xA99A, 0x5E71, 0xA975, 0x5E50, 0xA950, 0x5E2D, 0xA92B, 0x5E0B, 0xA906, 0x5DE9,
    0xA8E2, 0x5DC7, 0xA8BD, 0x5DA5, 0xA898, 0x5D83, 0xA873, 0x5D60, 0xA84F, 0x5D3E, 0xA82A, 0x5D1B,
    0xA806, 0x5CF9, 0xA7E1, 0x5CD6, 0xA7BD, 0x5CB4, 0xA798, 0x5C91, 0xA774, 0x5C6E, 0xA750, 0x5C4B,
    0xA72B, 0x5C29, 0xA707, 0x5C06, 0xA6E3, 0x5BE3, 0xA6BF, 0x5BC0, 0xA69B, 0x5B9D, 0xA677, 0x5B79,
    0xA653, 0x5B56, 0xA62F, 0x5B33, 0xA60C, 0x5B10, 0xA5E8, 0x5AEC, 0xA5C4, 0x5AC9, 0xA5A1, 0x5AA5,
    0xA57D, 0x5A82, 0xA55A, 0x5A5E, 0xA536, 0x5A3B, 0xA513, 0x5A17, 0xA4EF, 0x59F3, 0xA4CC, 0x59D0,
    0xA4A9, 0x59AC, 0xA486, 0x5988, 0xA462, 0x5964, 0xA43F, 0x5940, 0xA41C, 0x591C, 0xA3F9, 0x58F8,
    0xA3D6, 0x58D4, 0xA3B4, 0x58AF, 0xA391, 0x588B, 0xA36E, 0x5867, 0xA34B, 0x5842, 0xA329, 0x581E,
    0xA306, 0x57F9, 0xA2E4, 0x57D5, 0xA2C1, 0x57B0, 0xA29F, 0x578C, 0xA27C, 0x5767, 0xA25A, 0x5742,
    0xA238, 0x571D, 0xA216, 0x56F9, 0xA1F4, 0x56D4, 0xA1D2, 0x56AF, 0xA1AF, 0x568A, 0xA18E, 0x5665,
    0xA16C, 0x5640, 0xA14A, 0x561A, 0xA128, 0x55F5, 0xA106, 0x55D0, 0xA0E5, 0x55AB, 0xA0C3, 0x5585,
    0xA0A1, 0x5560, 0xA080, 0x553A, 0xA05F, 0x5515, 0xA03D, 0x54EF, 0xA01C, 0x54CA, 0x9FFB, 0x54A4,
    0x9FD9, 0x547E, 0x9FB8, 0x5458, 0x9F97, 0x5433, 0x9F76, 0x540D, 0x9F55, 0x53E7, 0x9F34, 0x53C1,
    0x9F13, 0x539B, 0x9EF2, 0x5375, 0x9ED2, 0x534E, 0x9EB1, 0x5328, 0x9E90, 0x5302, 0x9E70, 0x52DC,
    0x9E4F, 0x52B5, 0x9E2F, 0x528F, 0x9E0E, 0x5269, 0x9DEE, 0x5242, 0x9DCE, 0x521C, 0x9DAE, 0x51F5,
    0x9D8E, 0x51CE, 0x9D6D, 0x51A8, 0x9D4D, 0x5181, 0x9D2D, 0x515A, 0x9D0D, 0x5133, 0x9CEE, 0x510C,
    0x9CCE, 0x50E5, 0x9CAE, 0x50BF, 0x9C8E, 0x5097, 0x9C6F, 0x5070, 0x9C4F, 0x5049, 0x9C30, 0x5022,
    0x9C10, 0x4FFB, 0x9BF1, 0x4FD4, 0x9BD2, 0x4FAC, 0x9BB2, 0x4F85, 0x9B93, 0x4F5E, 0x9B74, 0x4F36,
    0x9B55, 0x4F0F, 0x9B36, 0x4EE7, 0x9B17, 0x4EBF, 0x9AF8, 0x4E98, 0x9AD9, 0x4E70, 0x9ABA, 0x4E48,
    0x9A9C, 0x4E21, 0x9A7D, 0x4DF9, 0x9A5F, 0x4DD1, 0x9A40, 0x4DA9, 0x9A22, 0x4D81, 0x9A03, 0x4D59,
    0x99E5, 0x4D31, 0x99C6, 0x4D09, 0x99A8, 0x4CE1, 0x998A, 0x4CB8, 0x996C, 0x4C90, 0x994E, 0x4C68,
    0x9930, 0x4C3F, 0x9912, 0x4C17, 0x98F4, 0x4BEF, 0x98D6, 0x4BC6, 0x98B9, 0x4B9E, 0x989B, 0x4B75,
    0x987D, 0x4B4C, 0x9860, 0x4B24, 0x9842, 0x4AFB, 0x9825, 0x4AD2, 0x9808, 0x4AA9, 0x97EA, 0x4A81,
    0x97CD, 0x4A58, 0x97B0, 0x4A2F, 0x9793, 0x4A06, 0x9776, 0x49DD, 0x9759, 0x49B4, 0x973C, 0x498A,
    0x971F, 0x4961, 0x9702, 0x4938, 0x96E6, 0x490F, 0x96C9, 0x48E6, 0x96AC, 0x48BC, 0x9690, 0x4893,
    0x9673, 0x4869, 0x9657, 0x4840, 0x963B, 0x4816, 0x961E, 0x47ED, 0x9602, 0x47C3, 0x95E6, 0x479A,
    0x95CA, 0x4770, 0x95AE, 0x4746, 0x9592, 0x471C, 0x9576, 0x46F3, 0x955A, 0x46C9, 0x953E, 0x469F,
    0x9523, 0x4675, 0x9507, 0x464B, 0x94EC, 0x4621, 0x94D0, 0x45F7, 0x94B5, 0x45CD, 0x9499, 0x45A3,
    0x947E, 0x4578, 0x9463, 0x454E, 0x9447, 0x4524, 0x942C, 0x44FA, 0x9411, 0x44CF, 0x93F6, 0x44A5,
    0x93DB, 0x447A, 0x93C0, 0x4450, 0x93A6, 0x4425, 0x938B, 0x43FB, 0x9370, 0x43D0, 0x9356, 0x43A5,
    0x933B, 0x437B, 0x9321, 0x4350, 0x9306, 0x4325, 0x92EC, 0x42FA, 0x92D2, 0x42D0, 0x92B7, 0x42A5,
    0x929D, 0x427A, 0x9283, 0x424F, 0x9269, 0x4224, 0x924F, 0x41F9, 0x9235, 0x41CE, 0x921C, 0x41A2,
    0x9202, 0x4177, 0x91E8, 0x414C, 0x91CF, 0x4121, 0x91B5, 0x40F6, 0x919C, 0x40CA, 0x9182, 0x409F,
    0x9169, 0x4073, 0x9150, 0x4048, 0x9136, 0x401D, 0x911D, 0x3FF1, 0x9104, 0x3FC5, 0x90EB, 0x3F9A,
    0x90D2, 0x3F6E, 0x90B9, 0x3F43, 0x90A0, 0x3F17, 0x9088, 0x3EEB, 0x906F, 0x3EBF, 0x9056, 0x3E93,
    0x903E, 0x3E68, 0x9025, 0x3E3C, 0x900D, 0x3E10, 0x8FF5, 0x3DE4, 0x8FDC, 0x3DB8, 0x8FC4, 0x3D8C,
    0x8FAC, 0x3D60, 0x8F94, 0x3D33, 0x8F7C, 0x3D07, 0x8F64, 0x3CDB, 0x8F4C, 0x3CAF, 0x8F34, 0x3C83,
    0x8F1D, 0x3C56, 0x8F05, 0x3C2A, 0x8EED, 0x3BFD, 0x8ED6, 0x3BD1, 0x8EBE, 0x3BA5, 0x8EA7, 0x3B78,
    0x8E90, 0x3B4C, 0x8E79, 0x3B1F, 0x8E61, 0x3AF2, 0x8E4A, 0x3AC6, 0x8E33, 0x3A99, 0x8E1C, 0x3A6C,
    0x8E05, 0x3A40, 0x8DEE, 0x3A13, 0x8DD8, 0x39E6, 0x8DC1, 0x39B9, 0x8DAA, 0x398C, 0x8D94, 0x395F,
    0x8D7D, 0x3932, 0x8D67, 0x3906, 0x8D50, 0x38D8, 0x8D3A, 0x38AB, 0x8D24, 0x387E, 0x8D0E, 0x3851,
    0x8CF8, 0x3824, 0x8CE2, 0x37F7, 0x8CCC, 0x37CA, 0x8CB6, 0x379C, 0x8CA0, 0x376F, 0x8C8A, 0x3742,
    0x8C75, 0x3714, 0x8C5F, 0x36E7, 0x8C4A, 0x36BA, 0x8C34, 0x368C, 0x8C1F, 0x365F, 0x8C09, 0x3631,
    0x8BF4, 0x3604, 0x8BDF, 0x35D6, 0x8BCA, 0x35A8, 0x8BB5, 0x357B, 0x8BA0, 0x354D, 0x8B8B, 0x351F,
    0x8B76, 0x34F2, 0x8B61, 0x34C4, 0x8B4D, 0x3496, 0x8B38, 0x3468, 0x8B24, 0x343A, 0x8B0F, 0x340C,
    0x8AFB, 0x33DE, 0x8AE6, 0x33B0, 0x8AD2, 0x3382, 0x8ABE, 0x3354, 0x8AAA, 0x3326, 0x8A96, 0x32F8,
    0x8A82, 0x32CA, 0x8A6E, 0x329C, 0x8A5A, 0x326E, 0x8A46, 0x3240, 0x8A33, 0x3211, 0x8A1F, 0x31E3,
    0x8A0B, 0x31B5, 0x89F8, 0x3186, 0x89E4, 0x3158, 0x89D1, 0x312A, 0x89BE, 0x30FB, 0x89AB, 0x30CD,
    0x8997, 0x309E, 0x8984, 0x3070, 0x8971, 0x3041, 0x895F, 0x3013, 0x894C, 0x2FE4, 0x8939, 0x2FB5,
    0x8926, 0x2F87, 0x8914, 0x2F58, 0x8901, 0x2F29, 0x88EF, 0x2EFB, 0x88DC, 0x2ECC, 0x88CA, 0x2E9D,
    0x88B8, 0x2E6E, 0x88A5, 0x2E3F, 0x8893, 0x2E11, 0x8881, 0x2DE2, 0x886F, 0x2DB3, 0x885D, 0x2D84,
    0x884B, 0x2D55, 0x883A, 0x2D26, 0x8828, 0x2CF7, 0x8816, 0x2CC8, 0x8805, 0x2C98, 0x87F3, 0x2C69,
    0x87E2, 0x2C3A, 0x87D1, 0x2C0B, 0x87BF, 0x2BDC, 0x87AE, 0x2BAD, 0x879D, 0x2B7D, 0x878C, 0x2B4E,
    0x877B, 0x2B1F, 0x876A, 0x2AEF, 0x8759, 0x2AC0, 0x8749, 0x2A91, 0x8738, 0x2A61, 0x8727, 0x2A32,
    0x8717, 0x2A02, 0x8706, 0x29D3, 0x86F6, 0x29A3, 0x86E6, 0x2974, 0x86D5, 0x2944, 0x86C5, 0x2915,
    0x86B5, 0x28E5, 0x86A5, 0x28B5, 0x8695, 0x2886, 0x8685, 0x2856, 0x8675, 0x2826, 0x8666, 0x27F6,
    0x8656, 0x27C7, 0x8646, 0x2797, 0x8637, 0x2767, 0x8627, 0x2737, 0x8618, 0x2707, 0x8609, 0x26D8,
    0x85FA, 0x26A8, 0x85EA, 0x2678, 0x85DB, 0x2648, 0x85CC, 0x2618, 0x85BD, 0x25E8, 0x85AF, 0x25B8,
    0x85A0, 0x2588, 0x8591, 0x2558, 0x8582, 0x2528, 0x8574, 0x24F7, 0x8565, 0x24C7, 0x8557, 0x2497,
    0x8549, 0x2467, 0x853A, 0x2437, 0x852C, 0x2407, 0x851E, 0x23D6, 0x8510, 0x23A6, 0x8502, 0x2376,
    0x84F4, 0x2345, 0x84E6, 0x2315, 0x84D9, 0x22E5, 0x84CB, 0x22B4, 0x84BD, 0x2284, 0x84B0, 0x2254,
    0x84A2, 0x2223, 0x8495, 0x21F3, 0x8488, 0x21C2, 0x847B, 0x2192, 0x846D, 0x2161, 0x8460, 0x2131,
    0x8453, 0x2100, 0x8446, 0x20D0, 0x843A, 0x209F, 0x842D, 0x206E, 0x8420, 0x203E, 0x8414, 0x200D,
    0x8407, 0x1FDC, 0x83FA, 0x1FAC, 0x83EE, 0x1F7B, 0x83E2, 0x1F4A, 0x83D6, 0x1F19, 0x83C9, 0x1EE9,
    0x83BD, 0x1EB8, 0x83B1, 0x1E87, 0x83A5, 0x1E56, 0x8399, 0x1E25, 0x838E, 0x1DF5, 0x8382, 0x1DC4,
    0x8376, 0x1D93, 0x836B, 0x1D62, 0x835F, 0x1D31, 0x8354, 0x1D00, 0x8348, 0x1CCF, 0x833D, 0x1C9E,
    0x8332, 0x1C6D, 0x8327, 0x1C3C, 0x831C, 0x1C0B, 0x8311, 0x1BDA, 0x8306, 0x1BA9, 0x82FB, 0x1B78,
    0x82F0, 0x1B47, 0x82E6, 0x1B16, 0x82DB, 0x1AE4, 0x82D0, 0x1AB3, 0x82C6, 0x1A82, 0x82BC, 0x1A51,
    0x82B1, 0x1A20, 0x82A7, 0x19EF, 0x829D, 0x19BD, 0x8293, 0x198C, 0x8289, 0x195B, 0x827F, 0x192A,
    0x8275, 0x18F8, 0x826B, 0x18C7, 0x8262, 0x1896, 0x8258, 0x1864, 0x824F, 0x1833, 0x8245, 0x1802,
    0x823C, 0x17D0, 0x8232, 0x179F, 0x8229, 0x176D, 0x8220, 0x173C, 0x8217, 0x170A, 0x820E, 0x16D9,
    0x8205, 0x16A8, 0x81FC, 0x1676, 0x81F3, 0x1645, 0x81EB, 0x1613, 0x81E2, 0x15E2, 0x81D9, 0x15B0,
    0x81D1, 0x157F, 0x81C8, 0x154D, 0x81C0, 0x151B, 0x81B8, 0x14EA, 0x81B0, 0x14B8, 0x81A8, 0x1487,
    0x81A0, 0x1455, 0x8198, 0x1423, 0x8190, 0x13F2, 0x8188, 0x13C0, 0x8180, 0x138E, 0x8179, 0x135D,
    0x8171, 0x132B, 0x816A, 0x12F9, 0x8162, 0x12C8, 0x815B, 0x1296, 0x8154, 0x1264, 0x814C, 0x1232,
    0x8145, 0x1201, 0x813E, 0x11CF, 0x8137, 0x119D, 0x8130, 0x116B, 0x812A, 0x1139, 0x8123, 0x1108,
    0x811C, 0x10D6, 0x8116, 0x10A4, 0x810F, 0x1072, 0x8109, 0x1040, 0x8102, 0x100E, 0x80FC, 0x0FDD,
    0x80F6, 0x0FAB, 0x80F0, 0x0F79, 0x80EA, 0x0F47, 0x80E4, 0x0F15, 0x80DE, 0x0EE3, 0x80D8, 0x0EB1,
    0x80D2, 0x0E7F, 0x80CD, 0x0E4D, 0x80C7, 0x0E1B, 0x80C2, 0x0DE9, 0x80BC, 0x0DB7, 0x80B7, 0x0D85,
    0x80B2, 0x0D53, 0x80AC, 0x0D21, 0x80A7, 0x0CEF, 0x80A2, 0x0CBD, 0x809D, 0x0C8B, 0x8098, 0x0C59,
    0x8094, 0x0C27, 0x808F, 0x0BF5, 0x808A, 0x0BC3, 0x8086, 0x0B91, 0x8081, 0x0B5F, 0x807D, 0x0B2D,
    0x8078, 0x0AFB, 0x8074, 0x0AC9, 0x8070, 0x0A97, 0x806C, 0x0A65, 0x8068, 0x0A33, 0x8064, 0x0A00,
    0x8060, 0x09CE, 0x805C, 0x099C, 0x8058, 0x096A, 0x8055, 0x0938, 0x8051, 0x0906, 0x804E, 0x08D4,
    0x804A, 0x08A2, 0x8047, 0x086F, 0x8043, 0x083D, 0x8040, 0x080B, 0x803D, 0x07D9, 0x803A, 0x07A7,
    0x8037, 0x0775, 0x8034, 0x0742, 0x8031, 0x0710, 0x802F, 0x06DE, 0x802C, 0x06AC, 0x8029, 0x067A,
    0x8027, 0x0647, 0x8025, 0x0615, 0x8022, 0x05E3, 0x8020, 0x05B1, 0x801E, 0x057F, 0x801C, 0x054C,
    0x801A, 0x051A, 0x8018, 0x04E8, 0x8016, 0x04B6, 0x8014, 0x0483, 0x8012, 0x0451, 0x8011, 0x041F,
    0x800F, 0x03ED, 0x800D, 0x03BA, 0x800C, 0x0388, 0x800B, 0x0356, 0x8009, 0x0324, 0x8008, 0x02F1,
    0x8007, 0x02BF, 0x8006, 0x028D, 0x8005, 0x025B, 0x8004, 0x0228, 0x8003, 0x01F6, 0x8003, 0x01C4,
    0x8002, 0x0192, 0x8001, 0x015F, 0x8001, 0x012D, 0x8000, 0x00FB, 0x8000, 0x00C9, 0x8000, 0x0096,
    0x8000, 0x0064, 0x8000, 0x0032, 0x8000, 0x0000, 0x8000, 0xFFCD, 0x8000, 0xFF9B, 0x8000, 0xFF69,
    0x8000, 0xFF36, 0x8000, 0xFF04, 0x8001, 0xFED2, 0x8001, 0xFEA0, 0x8002, 0xFE6D, 0x8003, 0xFE3B,
    0x8003, 0xFE09, 0x8004, 0xFDD7, 0x8005, 0xFDA4, 0x8006, 0xFD72, 0x8007, 0xFD40, 0x8008, 0xFD0E,
    0x8009, 0xFCDB, 0x800B, 0xFCA9, 0x800C, 0xFC77, 0x800D, 0xFC45, 0x800F, 0xFC12, 0x8011, 0xFBE0,
    0x8012, 0xFBAE, 0x8014, 0xFB7C, 0x8016, 0xFB49, 0x8018, 0xFB17, 0x801A, 0xFAE5, 0x801C, 0xFAB3,
    0x801E, 0xFA80, 0x8020, 0xFA4E, 0x8022, 0xFA1C, 0x8025, 0xF9EA, 0x8027, 0xF9B8, 0x8029, 0xF985,
    0x802C, 0xF953, 0x802F, 0xF921, 0x8031, 0xF8EF, 0x8034, 0xF8BD, 0x8037, 0xF88A, 0x803A, 0xF858,
    0x803D, 0xF826, 0x8040, 0xF7F4, 0x8043, 0xF7C2, 0x8047, 0xF790, 0x804A, 0xF75D, 0x804E, 0xF72B,
    0x8051, 0xF6F9, 0x8055, 0xF6C7, 0x8058, 0xF695, 0x805C, 0xF663, 0x8060, 0xF631, 0x8064, 0xF5FF,
    0x8068, 0xF5CC, 0x806C, 0xF59A, 0x8070, 0xF568, 0x8074, 0xF536, 0x8078, 0xF504, 0x807D, 0xF4D2,
    0x8081, 0xF4A0, 0x8086, 0xF46E, 0x808A, 0xF43C, 0x808F, 0xF40A, 0x8094, 0xF3D8, 0x8098, 0xF3A6,
    0x809D, 0xF374, 0x80A2, 0xF342, 0x80A7, 0xF310, 0x80AC, 0xF2DE, 0x80B2, 0xF2AC, 0x80B7, 0xF27A,
    0x80BC, 0xF248, 0x80C2, 0xF216, 0x80C7, 0xF1E4, 0x80CD, 0xF1B2, 0x80D2, 0xF180, 0x80D8, 0xF14E,
    0x80DE, 0xF11C, 0x80E4, 0xF0EA, 0x80EA, 0xF0B8, 0x80F0, 0xF086, 0x80F6, 0xF054, 0x80FC, 0xF022,
    0x8102, 0xEFF1, 0x8109, 0xEFBF, 0x810F, 0xEF8D, 0x8116, 0xEF5B, 0x811C, 0xEF29, 0x8123, 0xEEF7,
    0x812A, 0xEEC6, 0x8130, 0xEE94, 0x8137, 0xEE62, 0x813E, 0xEE30, 0x8145, 0xEDFE, 0x814C, 0xEDCD,
    0x8154, 0xED9B, 0x815B, 0xED69, 0x8162, 0xED37, 0x816A, 0xED06, 0x8171, 0xECD4, 0x8179, 0xECA2,
    0x8180, 0xEC71, 0x8188, 0xEC3F, 0x8190, 0xEC0D, 0x8198, 0xEBDC, 0x81A0, 0xEBAA, 0x81A8, 0xEB78,
    0x81B0, 0xEB47, 0x81B8, 0xEB15, 0x81C0, 0xEAE4, 0x81C8, 0xEAB2, 0x81D1, 0xEA80, 0x81D9, 0xEA4F,
    0x81E2, 0xEA1D, 0x81EB, 0xE9EC, 0x81F3, 0xE9BA, 0x81FC, 0xE989, 0x8205, 0xE957, 0x820E, 0xE926,
    0x8217, 0xE8F5, 0x8220, 0xE8C3, 0x8229, 0xE892, 0x8232, 0xE860, 0x823C, 0xE82F, 0x8245, 0xE7FD,
    0x824F, 0xE7CC, 0x8258, 0xE79B, 0x8262, 0xE769, 0x826B, 0xE738, 0x8275, 0xE707, 0x827F, 0xE6D5,
    0x8289, 0xE6A4, 0x8293, 0xE673, 0x829D, 0xE642, 0x82A7, 0xE610, 0x82B1, 0xE5DF, 0x82BC, 0xE5AE,
    0x82C6, 0xE57D, 0x82D0, 0xE54C, 0x82DB, 0xE51B, 0x82E6, 0xE4E9, 0x82F0, 0xE4B8, 0x82FB, 0xE487,
    0x8306, 0xE456, 0x8311, 0xE425, 0x831C, 0xE3F4, 0x8327, 0xE3C3, 0x8332, 0xE392, 0x833D, 0xE361,
    0x8348, 0xE330, 0x8354, 0xE2FF, 0x835F, 0xE2CE, 0x836B, 0xE29D, 0x8376, 0xE26C, 0x8382, 0xE23B,
    0x838E, 0xE20A, 0x8399, 0xE1DA, 0x83A5, 0xE1A9, 0x83B1, 0xE178, 0x83BD, 0xE147, 0x83C9, 0xE116,
    0x83D6, 0xE0E6, 0x83E2, 0xE0B5, 0x83EE, 0xE084, 0x83FA, 0xE053, 0x8407, 0xE023, 0x8414, 0xDFF2,
    0x8420, 0xDFC1, 0x842D, 0xDF91, 0x843A, 0xDF60, 0x8446, 0xDF2F, 0x8453, 0xDEFF, 0x8460, 0xDECE,
    0x846D, 0xDE9E, 0x847B, 0xDE6D, 0x8488, 0xDE3D, 0x8495, 0xDE0C, 0x84A2, 0xDDDC, 0x84B0, 0xDDAB,
    0x84BD, 0xDD7B, 0x84CB, 0xDD4B, 0x84D9, 0xDD1A, 0x84E6, 0xDCEA, 0x84F4, 0xDCBA, 0x8502, 0xDC89,
    0x8510, 0xDC59, 0x851E, 0xDC29, 0x852C, 0xDBF8, 0x853A, 0xDBC8, 0x8549, 0xDB98, 0x8557, 0xDB68,
    0x8565, 0xDB38, 0x8574, 0xDB08, 0x8582, 0xDAD7, 0x8591, 0xDAA7, 0x85A0, 0xDA77, 0x85AF, 0xDA47,
    0x85BD, 0xDA17, 0x85CC, 0xD9E7, 0x85DB, 0xD9B7, 0x85EA, 0xD987, 0x85FA, 0xD957, 0x8609, 0xD927,
    0x8618, 0xD8F8, 0x8627, 0xD8C8, 0x8637, 0xD898, 0x8646, 0xD868, 0x8656, 0xD838, 0x8666, 0xD809,
    0x8675, 0xD7D9, 0x8685, 0xD7A9, 0x8695, 0xD779, 0x86A5, 0xD74A, 0x86B5, 0xD71A, 0x86C5, 0xD6EA,
    0x86D5, 0xD6BB, 0x86E6, 0xD68B, 0x86F6, 0xD65C, 0x8706, 0xD62C, 0x8717, 0xD5FD, 0x8727, 0xD5CD,
    0x8738, 0xD59E, 0x8749, 0xD56E, 0x8759, 0xD53F, 0x876A, 0xD510, 0x877B, 0xD4E0, 0x878C, 0xD4B1,
    0x879D, 0xD482, 0x87AE, 0xD452, 0x87BF, 0xD423, 0x87D1, 0xD3F4, 0x87E2, 0xD3C5, 0x87F3, 0xD396,
    0x8805, 0xD367, 0x8816, 0xD337, 0x8828, 0xD308, 0x883A, 0xD2D9, 0x884B, 0xD2AA, 0x885D, 0xD27B,
    0x886F, 0xD24C, 0x8881, 0xD21D, 0x8893, 0xD1EE, 0x88A5, 0xD1C0, 0x88B8, 0xD191, 0x88CA, 0xD162,
    0x88DC, 0xD133, 0x88EF, 0xD104, 0x8901, 0xD0D6, 0x8914, 0xD0A7, 0x8926, 0xD078, 0x8939, 0xD04A,
    0x894C, 0xD01B, 0x895F, 0xCFEC, 0x8971, 0xCFBE, 0x8984, 0xCF8F, 0x8997, 0xCF61, 0x89AB, 0xCF32,
    0x89BE, 0xCF04, 0x89D1, 0xCED5, 0x89E4, 0xCEA7, 0x89F8, 0xCE79, 0x8A0B, 0xCE4A, 0x8A1F, 0xCE1C,
    0x8A33, 0xCDEE, 0x8A46, 0xCDBF, 0x8A5A, 0xCD91, 0x8A6E, 0xCD63, 0x8A82, 0xCD35, 0x8A96, 0xCD07,
    0x8AAA, 0xCCD9, 0x8ABE, 0xCCAB, 0x8AD2, 0xCC7D, 0x8AE6, 0xCC4F, 0x8AFB, 0xCC21, 0x8B0F, 0xCBF3,
    0x8B24, 0xCBC5, 0x8B38, 0xCB97, 0x8B4D, 0xCB69, 0x8B61, 0xCB3B, 0x8B76, 0xCB0D, 0x8B8B, 0xCAE0,
    0x8BA0, 0xCAB2, 0x8BB5, 0xCA84, 0x8BCA, 0xCA57, 0x8BDF, 0xCA29, 0x8BF4, 0xC9FB, 0x8C09, 0xC9CE,
    0x8C1F, 0xC9A0, 0x8C34, 0xC973, 0x8C4A, 0xC945, 0x8C5F, 0xC918, 0x8C75, 0xC8EB, 0x8C8A, 0xC8BD,
    0x8CA0, 0xC890, 0x8CB6, 0xC863, 0x8CCC, 0xC835, 0x8CE2, 0xC808, 0x8CF8, 0xC7DB, 0x8D0E, 0xC7AE,
    0x8D24, 0xC781, 0x8D3A, 0xC754, 0x8D50, 0xC727, 0x8D67, 0xC6F9, 0x8D7D, 0xC6CD, 0x8D94, 0xC6A0,
    0x8DAA, 0xC673, 0x8DC1, 0xC646, 0x8DD8, 0xC619, 0x8DEE, 0xC5EC, 0x8E05, 0xC5BF, 0x8E1C, 0xC593,
    0x8E33, 0xC566, 0x8E4A, 0xC539, 0x8E61, 0xC50D, 0x8E79, 0xC4E0, 0x8E90, 0xC4B3, 0x8EA7, 0xC487,
    0x8EBE, 0xC45A, 0x8ED6, 0xC42E, 0x8EED, 0xC402, 0x8F05, 0xC3D5, 0x8F1D, 0xC3A9, 0x8F34, 0xC37C,
    0x8F4C, 0xC350, 0x8F64, 0xC324, 0x8F7C, 0xC2F8, 0x8F94, 0xC2CC, 0x8FAC, 0xC29F, 0x8FC4, 0xC273,
    0x8FDC, 0xC247, 0x8FF5, 0xC21B, 0x900D, 0xC1EF, 0x9025, 0xC1C3, 0x903E, 0xC197, 0x9056, 0xC16C,
    0x906F, 0xC140, 0x9088, 0xC114, 0x90A0, 0xC0E8, 0x90B9, 0xC0BC, 0x90D2, 0xC091, 0x90EB, 0xC065,
    0x9104, 0xC03A, 0x911D, 0xC00E, 0x9136, 0xBFE2, 0x9150, 0xBFB7, 0x9169, 0xBF8C, 0x9182, 0xBF60,
    0x919C, 0xBF35, 0x91B5, 0xBF09, 0x91CF, 0xBEDE, 0x91E8, 0xBEB3, 0x9202, 0xBE88, 0x921C, 0xBE5D,
    0x9235, 0xBE31, 0x924F, 0xBE06, 0x9269, 0xBDDB, 0x9283, 0xBDB0, 0x929D, 0xBD85, 0x92B7, 0xBD5A,
    0x92D2, 0xBD2F, 0x92EC, 0xBD05, 0x9306, 0xBCDA, 0x9321, 0xBCAF, 0x933B, 0xBC84, 0x9356, 0xBC5A,
    0x9370, 0xBC2F, 0x938B, 0xBC04, 0x93A6, 0xBBDA, 0x93C0, 0xBBAF, 0x93DB, 0xBB85, 0x93F6, 0xBB5A,
    0x9411, 0xBB30, 0x942C, 0xBB05, 0x9447, 0xBADB, 0x9463, 0xBAB1, 0x947E, 0xBA87, 0x9499, 0xBA5C,
    0x94B5, 0xBA32, 0x94D0, 0xBA08, 0x94EC, 0xB9DE, 0x9507, 0xB9B4, 0x9523, 0xB98A, 0x953E, 0xB960,
    0x955A, 0xB936, 0x9576, 0xB90C, 0x9592, 0xB8E3, 0x95AE, 0xB8B9, 0x95CA, 0xB88F, 0x95E6, 0xB865,
    0x9602, 0xB83C, 0x961E, 0xB812, 0x963B, 0xB7E9, 0x9657, 0xB7BF, 0x9673, 0xB796, 0x9690, 0xB76C,
    0x96AC, 0xB743, 0x96C9, 0xB719, 0x96E6, 0xB6F0, 0x9702, 0xB6C7, 0x971F, 0xB69E, 0x973C, 0xB675,
    0x9759, 0xB64B, 0x9776, 0xB622, 0x9793, 0xB5F9, 0x97B0, 0xB5D0, 0x97CD, 0xB5A7, 0x97EA, 0xB57E,
    0x9808, 0xB556, 0x9825, 0xB52D, 0x9842, 0xB504, 0x9860, 0xB4DB, 0x987D, 0xB4B3, 0x989B, 0xB48A,
    0x98B9, 0xB461, 0x98D6, 0xB439, 0x98F4, 0xB410, 0x9912, 0xB3E8, 0x9930, 0xB3C0, 0x994E, 0xB397,
    0x996C, 0xB36F, 0x998A, 0xB347, 0x99A8, 0xB31E, 0x99C6, 0xB2F6, 0x99E5, 0xB2CE, 0x9A03, 0xB2A6,
    0x9A22, 0xB27E, 0x9A40, 0xB256, 0x9A5F, 0xB22E, 0x9A7D, 0xB206, 0x9A9C, 0xB1DE, 0x9ABA, 0xB1B7,
    0x9AD9, 0xB18F, 0x9AF8, 0xB167, 0x9B17, 0xB140, 0x9B36, 0xB118, 0x9B55, 0xB0F0, 0x9B74, 0xB0C9,
    0x9B93, 0xB0A1, 0x9BB2, 0xB07A, 0x9BD2, 0xB053, 0x9BF1, 0xB02B, 0x9C10, 0xB004, 0x9C30, 0xAFDD,
    0x9C4F, 0xAFB6, 0x9C6F, 0xAF8F, 0x9C8E, 0xAF68, 0x9CAE, 0xAF40, 0x9CCE, 0xAF1A, 0x9CEE, 0xAEF3,
    0x9D0D, 0xAECC, 0x9D2D, 0xAEA5, 0x9D4D, 0xAE7E, 0x9D6D, 0xAE57, 0x9D8E, 0xAE31, 0x9DAE, 0xAE0A,
    0x9DCE, 0xADE3, 0x9DEE, 0xADBD, 0x9E0E, 0xAD96, 0x9E2F, 0xAD70, 0x9E4F, 0xAD4A, 0x9E70, 0xAD23,
    0x9E90, 0xACFD, 0x9EB1, 0xACD7, 0x9ED2, 0xACB1, 0x9EF2, 0xAC8A, 0x9F13, 0xAC64, 0x9F34, 0xAC3E,
    0x9F55, 0xAC18, 0x9F76, 0xABF2, 0x9F97, 0xABCC, 0x9FB8, 0xABA7, 0x9FD9, 0xAB81, 0x9FFB, 0xAB5B,
    0xA01C, 0xAB35, 0xA03D, 0xAB10, 0xA05F, 0xAAEA, 0xA080, 0xAAC5, 0xA0A1, 0xAA9F, 0xA0C3, 0xAA7A,
    0xA0E5, 0xAA54, 0xA106, 0xAA2F, 0xA128, 0xAA0A, 0xA14A, 0xA9E5, 0xA16C, 0xA9BF, 0xA18E, 0xA99A,
    0xA1AF, 0xA975, 0xA1D2, 0xA950, 0xA1F4, 0xA92B, 0xA216, 0xA906, 0xA238, 0xA8E2, 0xA25A, 0xA8BD,
    0xA27C, 0xA898, 0xA29F, 0xA873, 0xA2C1, 0xA84F, 0xA2E4, 0xA82A, 0xA306, 0xA806, 0xA329, 0xA7E1,
    0xA34B, 0xA7BD, 0xA36E, 0xA798, 0xA391, 0xA774, 0xA3B4, 0xA750, 0xA3D6, 0xA72B, 0xA3F9, 0xA707,
    0xA41C, 0xA6E3, 0xA43F, 0xA6BF, 0xA462, 0xA69B, 0xA486, 0xA677, 0xA4A9, 0xA653, 0xA4CC, 0xA62F,
    0xA4EF, 0xA60C, 0xA513, 0xA5E8, 0xA536, 0xA5C4, 0xA55A, 0xA5A1, 0xA57D, 0xA57D, 0xA5A1, 0xA55A,
    0xA5C4, 0xA536, 0xA5E8, 0xA513, 0xA60C, 0xA4EF, 0xA62F, 0xA4CC, 0xA653, 0xA4A9, 0xA677, 0xA486,
    0xA69B, 0xA462, 0xA6BF, 0xA43F, 0xA6E3, 0xA41C, 0xA707, 0xA3F9, 0xA72B, 0xA3D6, 0xA750, 0xA3B4,
    0xA774, 0xA391, 0xA798, 0xA36E, 0xA7BD, 0xA34B, 0xA7E1, 0xA329, 0xA806, 0xA306, 0xA82A, 0xA2E4,
    0xA84F, 0xA2C1, 0xA873, 0xA29F, 0xA898, 0xA27C, 0xA8BD, 0xA25A, 0xA8E2, 0xA238, 0xA906, 0xA216,
    0xA92B, 0xA1F4, 0xA950, 0xA1D2, 0xA975, 0xA1AF, 0xA99A, 0xA18E, 0xA9BF, 0xA16C, 0xA9E5, 0xA14A,
    0xAA0A, 0xA128, 0xAA2F, 0xA106, 0xAA54, 0xA0E5, 0xAA7A, 0xA0C3, 0xAA9F, 0xA0A1, 0xAAC5, 0xA080,
    0xAAEA, 0xA05F, 0xAB10, 0xA03D, 0xAB35, 0xA01C, 0xAB5B, 0x9FFB, 0xAB81, 0x9FD9, 0xABA7, 0x9FB8,
    0xABCC, 0x9F97, 0xABF2, 0x9F76, 0xAC18, 0x9F55, 0xAC3E, 0x9F34, 0xAC64, 0x9F13, 0xAC8A, 0x9EF2,
    0xACB1, 0x9ED2, 0xACD7, 0x9EB1, 0xACFD, 0x9E90, 0xAD23, 0x9E70, 0xAD4A, 0x9E4F, 0xAD70, 0x9E2F,
    0xAD96, 0x9E0E, 0xADBD, 0x9DEE, 0xADE3, 0x9DCE, 0xAE0A, 0x9DAE, 0xAE31, 0x9D8E, 0xAE57, 0x9D6D,
    0xAE7E, 0x9D4D, 0xAEA5, 0x9D2D, 0xAECC, 0x9D0D, 0xAEF3, 0x9CEE, 0xAF1A, 0x9CCE, 0xAF40, 0x9CAE,
    0xAF68, 0x9C8E, 0xAF8F, 0x9C6F, 0xAFB6, 0x9C4F, 0xAFDD, 0x9C30, 0xB004, 0x9C10, 0xB02B, 0x9BF1,
    0xB053, 0x9BD2, 0xB07A, 0x9BB2, 0xB0A1, 0x9B93, 0xB0C9, 0x9B74, 0xB0F0, 0x9B55, 0xB118, 0x9B36,
    0xB140, 0x9B17, 0xB167, 0x9AF8, 0xB18F, 0x9AD9, 0xB1B7, 0x9ABA, 0xB1DE, 0x9A9C, 0xB206, 0x9A7D,
    0xB22E, 0x9A5F, 0xB256, 0x9A40, 0xB27E, 0x9A22, 0xB2A6, 0x9A03, 0xB2CE, 0x99E5, 0xB2F6, 0x99C6,
    0xB31E, 0x99A8, 0xB347, 0x998A, 0xB36F, 0x996C, 0xB397, 0x994E, 0xB3C0, 0x9930, 0xB3E8, 0x9912,
    0xB410, 0x98F4, 0xB439, 0x98D6, 0xB461, 0x98B9, 0xB48A, 0x989B, 0xB4B3, 0x987D, 0xB4DB, 0x9860,
    0xB504, 0x9842, 0xB52D, 0x9825, 0xB556, 0x9808, 0xB57E, 0x97EA, 0xB5A7, 0x97CD, 0xB5D0, 0x97B0,
    0xB5F9, 0x9793, 0xB622, 0x9776, 0xB64B, 0x9759, 0xB675, 0x973C, 0xB69E, 0x971F, 0xB6C7, 0x9702,
    0xB6F0, 0x96E6, 0xB719, 0x96C9, 0xB743, 0x96AC, 0xB76C, 0x9690, 0xB796, 0x9673, 0xB7BF, 0x9657,
    0xB7E9, 0x963B, 0xB812, 0x961E, 0xB83C, 0x9602, 0xB865, 0x95E6, 0xB88F, 0x95CA, 0xB8B9, 0x95AE,
    0xB8E3, 0x9592, 0xB90C, 0x9576, 0xB936, 0x955A, 0xB960, 0x953E, 0xB98A, 0x9523, 0xB9B4, 0x9507,
    0xB9DE, 0x94EC, 0xBA08, 0x94D0, 0xBA32, 0x94B5, 0xBA5C, 0x9499, 0xBA87, 0x947E, 0xBAB1, 0x9463,
    0xBADB, 0x9447, 0xBB05, 0x942C, 0xBB30, 0x9411, 0xBB5A, 0x93F6, 0xBB85, 0x93DB, 0xBBAF, 0x93C0,
    0xBBDA, 0x93A6, 0xBC04, 0x938B, 0xBC2F, 0x9370, 0xBC5A, 0x9356, 0xBC84, 0x933B, 0xBCAF, 0x9321,
    0xBCDA, 0x9306, 0xBD05, 0x92EC, 0xBD2F, 0x92D2, 0xBD5A, 0x92B7, 0xBD85, 0x929D, 0xBDB0, 0x9283,
    0xBDDB, 0x9269, 0xBE06, 0x924F, 0xBE31, 0x9235, 0xBE5D, 0x921C, 0xBE88, 0x9202, 0xBEB3, 0x91E8,
    0xBEDE, 0x91CF, 0xBF09, 0x91B5, 0xBF35, 0x919C, 0xBF60, 0x9182, 0xBF8C, 0x9169, 0xBFB7, 0x9150,
    0xBFE2, 0x9136, 0xC00E, 0x911D, 0xC03A, 0x9104, 0xC065, 0x90EB, 0xC091, 0x90D2, 0xC0BC, 0x90B9,
    0xC0E8, 0x90A0, 0xC114, 0x9088, 0xC140, 0x906F, 0xC16C, 0x9056, 0xC197, 0x903E, 0xC1C3, 0x9025,
    0xC1EF, 0x900D, 0xC21B, 0x8FF5, 0xC247, 0x8FDC, 0xC273, 0x8FC4, 0xC29F, 0x8FAC, 0xC2CC, 0x8F94,
    0xC2F8, 0x8F7C, 0xC324, 0x8F64, 0xC350, 0x8F4C, 0xC37C, 0x8F34, 0xC3A9, 0x8F1D, 0xC3D5, 0x8F05,
    0xC402, 0x8EED, 0xC42E, 0x8ED6, 0xC45A, 0x8EBE, 0xC487, 0x8EA7, 0xC4B3, 0x8E90, 0xC4E0, 0x8E79,
    0xC50D, 0x8E61, 0xC539, 0x8E4A, 0xC566, 0x8E33, 0xC593, 0x8E1C, 0xC5BF, 0x8E05, 0xC5EC, 0x8DEE,
    0xC619, 0x8DD8, 0xC646, 0x8DC1, 0xC673, 0x8DAA, 0xC6A0, 0x8D94, 0xC6CD, 0x8D7D, 0xC6F9, 0x8D67,
    0xC727, 0x8D50, 0xC754, 0x8D3A, 0xC781, 0x8D24, 0xC7AE, 0x8D0E, 0xC7DB, 0x8CF8, 0xC808, 0x8CE2,
    0xC835, 0x8CCC, 0xC863, 0x8CB6, 0xC890, 0x8CA0, 0xC8BD, 0x8C8A, 0xC8EB, 0x8C75, 0xC918, 0x8C5F,
    0xC945, 0x8C4A, 0xC973, 0x8C34, 0xC9A0, 0x8C1F, 0xC9CE, 0x8C09, 0xC9FB, 0x8BF4, 0xCA29, 0x8BDF,
    0xCA57, 0x8BCA, 0xCA84, 0x8BB5, 0xCAB2, 0x8BA0, 0xCAE0, 0x8B8B, 0xCB0D, 0x8B76, 0xCB3B, 0x8B61,
    0xCB69, 0x8B4D, 0xCB97, 0x8B38, 0xCBC5, 0x8B24, 0xCBF3, 0x8B0F, 0xCC21, 0x8AFB, 0xCC4F, 0x8AE6,
    0xCC7D, 0x8AD2, 0xCCAB, 0x8ABE, 0xCCD9, 0x8AAA, 0xCD07, 0x8A96, 0xCD35, 0x8A82, 0xCD63, 0x8A6E,
    0xCD91, 0x8A5A, 0xCDBF, 0x8A46, 0xCDEE, 0x8A33, 0xCE1C, 0x8A1F, 0xCE4A, 0x8A0B, 0xCE79, 0x89F8,
    0xCEA7, 0x89E4, 0xCED5, 0x89D1, 0xCF04, 0x89BE, 0xCF32, 0x89AB, 0xCF61, 0x8997, 0xCF8F, 0x8984,
    0xCFBE, 0x8971, 0xCFEC, 0x895F, 0xD01B, 0x894C, 0xD04A, 0x8939, 0xD078, 0x8926, 0xD0A7, 0x8914,
    0xD0D6, 0x8901, 0xD104, 0x88EF, 0xD133, 0x88DC, 0xD162, 0x88CA, 0xD191, 0x88B8, 0xD1C0, 0x88A5,
    0xD1EE, 0x8893, 0xD21D, 0x8881, 0xD24C, 0x886F, 0xD27B, 0x885D, 0xD2AA, 0x884B, 0xD2D9, 0x883A,
    0xD308, 0x8828, 0xD337, 0x8816, 0xD367, 0x8805, 0xD396, 0x87F3, 0xD3C5, 0x87E2, 0xD3F4, 0x87D1,
    0xD423, 0x87BF, 0xD452, 0x87AE, 0xD482, 0x879D, 0xD4B1, 0x878C, 0xD4E0, 0x877B, 0xD510, 0x876A,
    0xD53F, 0x8759, 0xD56E, 0x8749, 0xD59E, 0x8738, 0xD5CD, 0x8727, 0xD5FD, 0x8717, 0xD62C, 0x8706,
    0xD65C, 0x86F6, 0xD68B, 0x86E6, 0xD6BB, 0x86D5, 0xD6EA, 0x86C5, 0xD71A, 0x86B5, 0xD74A, 0x86A5,
    0xD779, 0x8695, 0xD7A9, 0x8685, 0xD7D9, 0x8675, 0xD809, 0x8666, 0xD838, 0x8656, 0xD868, 0x8646,
    0xD898, 0x8637, 0xD8C8, 0x8627, 0xD8F8, 0x8618, 0xD927, 0x8609, 0xD957, 0x85FA, 0xD987, 0x85EA,
    0xD9B7, 0x85DB, 0xD9E7, 0x85CC, 0xDA17, 0x85BD, 0xDA47, 0x85AF, 0xDA77, 0x85A0, 0xDAA7, 0x8591,
    0xDAD7, 0x8582, 0xDB08, 0x8574, 0xDB38, 0x8565, 0xDB68, 0x8557, 0xDB98, 0x8549, 0xDBC8, 0x853A,
    0xDBF8, 0x852C, 0xDC29, 0x851E, 0xDC59, 0x8510, 0xDC89, 0x8502, 0xDCBA, 0x84F4, 0xDCEA, 0x84E6,
    0xDD1A, 0x84D9, 0xDD4B, 0x84CB, 0xDD7B, 0x84BD, 0xDDAB, 0x84B0, 0xDDDC, 0x84A2, 0xDE0C, 0x8495,
    0xDE3D, 0x8488, 0xDE6D, 0x847B, 0xDE9E, 0x846D, 0xDECE, 0x8460, 0xDEFF, 0x8453, 0xDF2F, 0x8446,
    0xDF60, 0x843A, 0xDF91, 0x842D, 0xDFC1, 0x8420, 0xDFF2, 0x8414, 0xE023, 0x8407, 0xE053, 0x83FA,
    0xE084, 0x83EE, 0xE0B5, 0x83E2, 0xE0E6, 0x83D6, 0xE116, 0x83C9, 0xE147, 0x83BD, 0xE178, 0x83B1,
    0xE1A9, 0x83A5, 0xE1DA, 0x8399, 0xE20A, 0x838E, 0xE23B, 0x8382, 0xE26C, 0x8376, 0xE29D, 0x836B,
    0xE2CE, 0x835F, 0xE2FF, 0x8354, 0xE330, 0x8348, 0xE361, 0x833D, 0xE392, 0x8332, 0xE3C3, 0x8327,
    0xE3F4, 0x831C, 0xE425, 0x8311, 0xE456, 0x8306, 0xE487, 0x82FB, 0xE4B8, 0x82F0, 0xE4E9, 0x82E6,
    0xE51B, 0x82DB, 0xE54C, 0x82D0, 0xE57D, 0x82C6, 0xE5AE, 0x82BC, 0xE5DF, 0x82B1, 0xE610, 0x82A7,
    0xE642, 0x829D, 0xE673, 0x8293, 0xE6A4, 0x8289, 0xE6D5, 0x827F, 0xE707, 0x8275, 0xE738, 0x826B,
    0xE769, 0x8262, 0xE79B, 0x8258, 0xE7CC, 0x824F, 0xE7FD, 0x8245, 0xE82F, 0x823C, 0xE860, 0x8232,
    0xE892, 0x8229, 0xE8C3, 0x8220, 0xE8F5, 0x8217, 0xE926, 0x820E, 0xE957, 0x8205, 0xE989, 0x81FC,
    0xE9BA, 0x81F3, 0xE9EC, 0x81EB, 0xEA1D, 0x81E2, 0xEA4F, 0x81D9, 0xEA80, 0x81D1, 0xEAB2, 0x81C8,
    0xEAE4, 0x81C0, 0xEB15, 0x81B8, 0xEB47, 0x81B0, 0xEB78, 0x81A8, 0xEBAA, 0x81A0, 0xEBDC, 0x8198,
    0xEC0D, 0x8190, 0xEC3F, 0x8188, 0xEC71, 0x8180, 0xECA2, 0x8179, 0xECD4, 0x8171, 0xED06, 0x816A,
    0xED37, 0x8162, 0xED69, 0x815B, 0xED9B, 0x8154, 0xEDCD, 0x814C, 0xEDFE, 0x8145, 0xEE30, 0x813E,
    0xEE62, 0x8137, 0xEE94, 0x8130, 0xEEC6, 0x812A, 0xEEF7, 0x8123, 0xEF29, 0x811C, 0xEF5B, 0x8116,
    0xEF8D, 0x810F, 0xEFBF, 0x8109, 0xEFF1, 0x8102, 0xF022, 0x80FC, 0xF054, 0x80F6, 0xF086, 0x80F0,
    0xF0B8, 0x80EA, 0xF0EA, 0x80E4, 0xF11C, 0x80DE, 0xF14E, 0x80D8, 0xF180, 0x80D2, 0xF1B2, 0x80CD,
    0xF1E4, 0x80C7, 0xF216, 0x80C2, 0xF248, 0x80BC, 0xF27A, 0x80B7, 0xF2AC, 0x80B2, 0xF2DE, 0x80AC,
    0xF310, 0x80A7, 0xF342, 0x80A2, 0xF374, 0x809D, 0xF3A6, 0x8098, 0xF3D8, 0x8094, 0xF40A, 0x808F,
    0xF43C, 0x808A, 0xF46E, 0x8086, 0xF4A0, 0x8081, 0xF4D2, 0x807D, 0xF504, 0x8078, 0xF536, 0x8074,
    0xF568, 0x8070, 0xF59A, 0x806C, 0xF5CC, 0x8068, 0xF5FF, 0x8064, 0xF631, 0x8060, 0xF663, 0x805C,
    0xF695, 0x8058, 0xF6C7, 0x8055, 0xF6F9, 0x8051, 0xF72B, 0x804E, 0xF75D, 0x804A, 0xF790, 0x8047,
    0xF7C2, 0x8043, 0xF7F4, 0x8040, 0xF826, 0x803D, 0xF858, 0x803A, 0xF88A, 0x8037, 0xF8BD, 0x8034,
    0xF8EF, 0x8031, 0xF921, 0x802F, 0xF953, 0x802C, 0xF985, 0x8029, 0xF9B8, 0x8027, 0xF9EA, 0x8025,
    0xFA1C, 0x8022, 0xFA4E, 0x8020, 0xFA80, 0x801E, 0xFAB3, 0x801C, 0xFAE5, 0x801A, 0xFB17, 0x8018,
    0xFB49, 0x8016, 0xFB7C, 0x8014, 0xFBAE, 0x8012, 0xFBE0, 0x8011, 0xFC12, 0x800F, 0xFC45, 0x800D,
    0xFC77, 0x800C, 0xFCA9, 0x800B, 0xFCDB, 0x8009, 0xFD0E, 0x8008, 0xFD40, 0x8007, 0xFD72, 0x8006,
    0xFDA4, 0x8005, 0xFDD7, 0x8004, 0xFE09, 0x8003, 0xFE3B, 0x8003, 0xFE6D, 0x8002, 0xFEA0, 0x8001,
    0xFED2, 0x8001, 0xFF04, 0x8000, 0xFF36, 0x8000, 0xFF69, 0x8000, 0xFF9B, 0x8000, 0xFFCD, 0x8000,
];

pub const TWIDDLE_TABLE_16_U32: [u32; 24] = [
    0x7FFFFFFF, 0x00000000, 0x7641AF3C, 0x30FBC54D, 0x5A82799A, 0x5A82799A, 0x30FBC54D, 0x7641AF3C,
    0x00000000, 0x7FFFFFFF, 0xCF043AB2, 0x7641AF3C, 0xA57D8666, 0x5A82799A, 0x89BE50C3, 0x30FBC54D,
    0x80000000, 0x00000000, 0x89BE50C3, 0xCF043AB2, 0xA57D8666, 0xA57D8666, 0xCF043AB2, 0x89BE50C3,
];

pub const TWIDDLE_TABLE_32_U32: [u32; 48] = [
    0x7FFFFFFF, 0x00000000, 0x7D8A5F3F, 0x18F8B83C, 0x7641AF3C, 0x30FBC54D, 0x6A6D98A4, 0x471CECE6,
    0x5A82799A, 0x5A82799A, 0x471CECE6, 0x6A6D98A4, 0x30FBC54D, 0x7641AF3C, 0x18F8B83C, 0x7D8A5F3F,
    0x00000000, 0x7FFFFFFF, 0xE70747C3, 0x7D8A5F3F, 0xCF043AB2, 0x7641AF3C, 0xB8E31319, 0x6A6D98A4,
    0xA57D8666, 0x5A82799A, 0x9592675B, 0x471CECE6, 0x89BE50C3, 0x30FBC54D, 0x8275A0C0, 0x18F8B83C,
    0x80000000, 0x00000000, 0x8275A0C0, 0xE70747C3, 0x89BE50C3, 0xCF043AB2, 0x9592675B, 0xB8E31319,
    0xA57D8666, 0xA57D8666, 0xB8E31319, 0x9592675B, 0xCF043AB2, 0x89BE50C3, 0xE70747C3, 0x8275A0C0,
];

pub const TWIDDLE_TABLE_64_U32: [u32; 96] = [
    0x7FFFFFFF, 0x00000000, 0x7F62368F, 0x0C8BD35E, 0x7D8A5F3F, 0x18F8B83C, 0x7A7D055B, 0x25280C5D,
    0x7641AF3C, 0x30FBC54D, 0x70E2CBC6, 0x3C56BA70, 0x6A6D98A4, 0x471CECE6, 0x62F201AC, 0x5133CC94,
    0x5A82799A, 0x5A82799A, 0x5133CC94, 0x62F201AC, 0x471CECE6, 0x6A6D98A4, 0x3C56BA70, 0x70E2CBC6,
    0x30FBC54D, 0x7641AF3C, 0x25280C5D, 0x7A7D055B, 0x18F8B83C, 0x7D8A5F3F, 0x0C8BD35E, 0x7F62368F,
    0x00000000, 0x7FFFFFFF, 0xF3742CA1, 0x7F62368F, 0xE70747C3, 0x7D8A5F3F, 0xDAD7F3A2, 0x7A7D055B,
    0xCF043AB2, 0x7641AF3C, 0xC3A9458F, 0x70E2CBC6, 0xB8E31319, 0x6A6D98A4, 0xAECC336B, 0x62F201AC,
    0xA57D8666, 0x5A82799A, 0x9D0DFE53, 0x5133CC94, 0x9592675B, 0x471CECE6, 0x8F1D343A, 0x3C56BA70,
    0x89BE50C3, 0x30FBC54D, 0x8582FAA4, 0x25280C5D, 0x8275A0C0, 0x18F8B83C, 0x809DC970, 0x0C8BD35E,
    0x80000000, 0x00000000, 0x809DC970, 0xF3742CA1, 0x8275A0C0, 0xE70747C3, 0x8582FAA4, 0xDAD7F3A2,
    0x89BE50C3, 0xCF043AB2, 0x8F1D343A, 0xC3A9458F, 0x9592675B, 0xB8E31319, 0x9D0DFE53, 0xAECC336B,
    0xA57D8666, 0xA57D8666, 0xAECC336B, 0x9D0DFE53, 0xB8E31319, 0x9592675B, 0xC3A9458F, 0x8F1D343A,
    0xCF043AB2, 0x89BE50C3, 0xDAD7F3A2, 0x8582FAA4, 0xE70747C3, 0x8275A0C0, 0xF3742CA1, 0x809DC970,
];

pub const TWIDDLE_TABLE_128_U32: [u32; 192] = [
    0x7FFFFFFF, 0x00000000, 0x7FD8878D, 0x0647D97C, 0x7F62368F, 0x0C8BD35E, 0x7E9D55FC, 0x12C8106E,
    0x7D8A5F3F, 0x18F8B83C, 0x7C29FBEE, 0x1F19F97B, 0x7A7D055B, 0x25280C5D, 0x78848413, 0x2B1F34EB,
    0x7641AF3C, 0x30FBC54D, 0x73B5EBD0, 0x36BA2013, 0x70E2CBC6, 0x3C56BA70, 0x6DCA0D14, 0x41CE1E64,
    0x6A6D98A4, 0x471CECE6, 0x66CF811F, 0x4C3FDFF3, 0x62F201AC, 0x5133CC94, 0x5ED77C89, 0x55F5A4D2,
    0x5A82799A, 0x5A82799A, 0x55F5A4D2, 0x5ED77C89, 0x5133CC94, 0x62F201AC, 0x4C3FDFF3, 0x66CF811F,
    0x471CECE6, 0x6A6D98A4, 0x41CE1E64, 0x6DCA0D14, 0x3C56BA70, 0x70E2CBC6, 0x36BA2013, 0x73B5EBD0,
    0x30FBC54D, 0x7641AF3C, 0x2B1F34EB, 0x78848413, 0x25280C5D, 0x7A7D055B, 0x1F19F97B, 0x7C29FBEE,
    0x18F8B83C, 0x7D8A5F3F, 0x12C8106E, 0x7E9D55FC, 0x0C8BD35E, 0x7F62368F, 0x0647D97C, 0x7FD8878D,
    0x00000000, 0x7FFFFFFF, 0xF9B82683, 0x7FD8878D, 0xF3742CA1, 0x7F62368F, 0xED37EF91, 0x7E9D55FC,
    0xE70747C3, 0x7D8A5F3F, 0xE0E60684, 0x7C29FBEE, 0xDAD7F3A2, 0x7A7D055B, 0xD4E0CB14, 0x78848413,
    0xCF043AB2, 0x7641AF3C, 0xC945DFEC, 0x73B5EBD0, 0xC3A9458F, 0x70E2CBC6, 0xBE31E19B, 0x6DCA0D14,
    0xB8E31319, 0x6A6D98A4, 0xB3C0200C, 0x66CF811F, 0xAECC336B, 0x62F201AC, 0xAA0A5B2D, 0x5ED77C89,
    0xA57D8666, 0x5A82799A, 0xA1288376, 0x55F5A4D2, 0x9D0DFE53, 0x5133CC94, 0x99307EE0, 0x4C3FDFF3,
    0x9592675B, 0x471CECE6, 0x9235F2EB, 0x41CE1E64, 0x8F1D343A, 0x3C56BA70, 0x8C4A142F, 0x36BA2013,
    0x89BE50C3, 0x30FBC54D, 0x877B7BEC, 0x2B1F34EB, 0x8582FAA4, 0x25280C5D, 0x83D60411, 0x1F19F97B,
    0x8275A0C0, 0x18F8B83C, 0x8162AA03, 0x12C8106E, 0x809DC970, 0x0C8BD35E, 0x80277872, 0x0647D97C,
    0x80000000, 0x00000000, 0x80277872, 0xF9B82683, 0x809DC970, 0xF3742CA1, 0x8162AA03, 0xED37EF91,
    0x8275A0C0, 0xE70747C3, 0x83D60411, 0xE0E60684, 0x8582FAA4, 0xDAD7F3A2, 0x877B7BEC, 0xD4E0CB14,
    0x89BE50C3, 0xCF043AB2, 0x8C4A142F, 0xC945DFEC, 0x8F1D343A, 0xC3A9458F, 0x9235F2EB, 0xBE31E19B,
    0x9592675B, 0xB8E31319, 0x99307EE0, 0xB3C0200C, 0x9D0DFE53, 0xAECC336B, 0xA1288376, 0xAA0A5B2D,
    0xA57D8666, 0xA57D8666, 0xAA0A5B2D, 0xA1288376, 0xAECC336B, 0x9D0DFE53, 0xB3C0200C, 0x99307EE0,
    0xB8E31319, 0x9592675B, 0xBE31E19B, 0x9235F2EB, 0xC3A9458F, 0x8F1D343A, 0xC945DFEC, 0x8C4A142F,
    0xCF043AB2, 0x89BE50C3, 0xD4E0CB14, 0x877B7BEC, 0xDAD7F3A2, 0x8582FAA4, 0xE0E60684, 0x83D60411,
    0xE70747C3, 0x8275A0C0, 0xED37EF91, 0x8162AA03, 0xF3742CA1, 0x809DC970, 0xF9B82683, 0x80277872,
];

pub const TWIDDLE_TABLE_256_U32: [u32; 384] = [
    0x7FFFFFFF, 0x00000000, 0x7FF62182, 0x03242ABF, 0x7FD8878D, 0x0647D97C, 0x7FA736B4, 0x096A9049,
    0x7F62368F, 0x0C8BD35E, 0x7F0991C3, 0x0FAB272B, 0x7E9D55FC, 0x12C8106E, 0x7E1D93E9, 0x15E21444,
    0x7D8A5F3F, 0x18F8B83C, 0x7CE3CEB1, 0x1C0B826A, 0x7C29FBEE, 0x1F19F97B, 0x7B5D039D, 0x2223A4C5,
    0x7A7D055B, 0x25280C5D, 0x798A23B1, 0x2826B928, 0x78848413, 0x2B1F34EB, 0x776C4EDB, 0x2E110A62,
    0x7641AF3C, 0x30FBC54D, 0x7504D345, 0x33DEF287, 0x73B5EBD0, 0x36BA2013, 0x72552C84, 0x398CDD32,
    0x70E2CBC6, 0x3C56BA70, 0x6F5F02B1, 0x3F1749B7, 0x6DCA0D14, 0x41CE1E64, 0x6C242960, 0x447ACD50,
    0x6A6D98A4, 0x471CECE6, 0x68A69E81, 0x49B41533, 0x66CF811F, 0x4C3FDFF3, 0x64E88926, 0x4EBFE8A4,
    0x62F201AC, 0x5133CC94, 0x60EC3830, 0x539B2AEF, 0x5ED77C89, 0x55F5A4D2, 0x5CB420DF, 0x5842DD54,
    0x5A82799A, 0x5A82799A, 0x5842DD54, 0x5CB420DF, 0x55F5A4D2, 0x5ED77C89, 0x539B2AEF, 0x60EC3830,
    0x5133CC94, 0x62F201AC, 0x4EBFE8A4, 0x64E88926, 0x4C3FDFF3, 0x66CF811F, 0x49B41533, 0x68A69E81,
    0x471CECE6, 0x6A6D98A4, 0x447ACD50, 0x6C242960, 0x41CE1E64, 0x6DCA0D14, 0x3F1749B7, 0x6F5F02B1,
    0x3C56BA70, 0x70E2CBC6, 0x398CDD32, 0x72552C84, 0x36BA2013, 0x73B5EBD0, 0x33DEF287, 0x7504D345,
    0x30FBC54D, 0x7641AF3C, 0x2E110A62, 0x776C4EDB, 0x2B1F34EB, 0x78848413, 0x2826B928, 0x798A23B1,
    0x25280C5D, 0x7A7D055B, 0x2223A4C5, 0x7B5D039D, 0x1F19F97B, 0x7C29FBEE, 0x1C0B826A, 0x7CE3CEB1,
    0x18F8B83C, 0x7D8A5F3F, 0x15E21444, 0x7E1D93E9, 0x12C8106E, 0x7E9D55FC, 0x0FAB272B, 0x7F0991C3,
    0x0C8BD35E, 0x7F62368F, 0x096A9049, 0x7FA736B4, 0x0647D97C, 0x7FD8878D, 0x03242ABF, 0x7FF62182,
    0x00000000, 0x7FFFFFFF, 0xFCDBD541, 0x7FF62182, 0xF9B82683, 0x7FD8878D, 0xF6956FB6, 0x7FA736B4,
    0xF3742CA1, 0x7F62368F, 0xF054D8D4, 0x7F0991C3, 0xED37EF91, 0x7E9D55FC, 0xEA1DEBBB, 0x7E1D93E9,
    0xE70747C3, 0x7D8A5F3F, 0xE3F47D95, 0x7CE3CEB1, 0xE0E60684, 0x7C29FBEE, 0xDDDC5B3A, 0x7B5D039D,
    0xDAD7F3A2, 0x7A7D055B, 0xD7D946D7, 0x798A23B1, 0xD4E0CB14, 0x78848413, 0xD1EEF59E, 0x776C4EDB,
    0xCF043AB2, 0x7641AF3C, 0xCC210D78, 0x7504D345, 0xC945DFEC, 0x73B5EBD0, 0xC67322CD, 0x72552C84,
    0xC3A9458F, 0x70E2CBC6, 0xC0E8B648, 0x6F5F02B1, 0xBE31E19B, 0x6DCA0D14, 0xBB8532AF, 0x6C242960,
    0xB8E31319, 0x6A6D98A4, 0xB64BEACC, 0x68A69E81, 0xB3C0200C, 0x66CF811F, 0xB140175B, 0x64E88926,
    0xAECC336B, 0x62F201AC, 0xAC64D510, 0x60EC3830, 0xAA0A5B2D, 0x5ED77C89, 0xA7BD22AB, 0x5CB420DF,
    0xA57D8666, 0x5A82799A, 0xA34BDF20, 0x5842DD54, 0xA1288376, 0x55F5A4D2, 0x9F13C7D0, 0x539B2AEF,
    0x9D0DFE53, 0x5133CC94, 0x9B1776D9, 0x4EBFE8A4, 0x99307EE0, 0x4C3FDFF3, 0x9759617E, 0x49B41533,
    0x9592675B, 0x471CECE6, 0x93DBD69F, 0x447ACD50, 0x9235F2EB, 0x41CE1E64, 0x90A0FD4E, 0x3F1749B7,
    0x8F1D343A, 0x3C56BA70, 0x8DAAD37B, 0x398CDD32, 0x8C4A142F, 0x36BA2013, 0x8AFB2CBA, 0x33DEF287,
    0x89BE50C3, 0x30FBC54D, 0x8893B124, 0x2E110A62, 0x877B7BEC, 0x2B1F34EB, 0x8675DC4E, 0x2826B928,
    0x8582FAA4, 0x25280C5D, 0x84A2FC62, 0x2223A4C5, 0x83D60411, 0x1F19F97B, 0x831C314E, 0x1C0B826A,
    0x8275A0C0, 0x18F8B83C, 0x81E26C16, 0x15E21444, 0x8162AA03, 0x12C8106E, 0x80F66E3C, 0x0FAB272B,
    0x809DC970, 0x0C8BD35E, 0x8058C94C, 0x096A9049, 0x80277872, 0x0647D97C, 0x8009DE7D, 0x03242ABF,
    0x80000000, 0x00000000, 0x8009DE7D, 0xFCDBD541, 0x80277872, 0xF9B82683, 0x8058C94C, 0xF6956FB6,
    0x809DC970, 0xF3742CA1, 0x80F66E3C, 0xF054D8D4, 0x8162AA03, 0xED37EF91, 0x81E26C16, 0xEA1DEBBB,
    0x8275A0C0, 0xE70747C3, 0x831C314E, 0xE3F47D95, 0x83D60411, 0xE0E60684, 0x84A2FC62, 0xDDDC5B3A,
    0x8582FAA4, 0xDAD7F3A2, 0x8675DC4E, 0xD7D946D7, 0x877B7BEC, 0xD4E0CB14, 0x8893B124, 0xD1EEF59E,
    0x89BE50C3, 0xCF043AB2, 0x8AFB2CBA, 0xCC210D78, 0x8C4A142F, 0xC945DFEC, 0x8DAAD37B, 0xC67322CD,
    0x8F1D343A, 0xC3A9458F, 0x90A0FD4E, 0xC0E8B648, 0x9235F2EB, 0xBE31E19B, 0x93DBD69F, 0xBB8532AF,
    0x9592675B, 0xB8E31319, 0x9759617E, 0xB64BEACC, 0x99307EE0, 0xB3C0200C, 0x9B1776D9, 0xB140175B,
    0x9D0DFE53, 0xAECC336B, 0x9F13C7D0, 0xAC64D510, 0xA1288376, 0xAA0A5B2D, 0xA34BDF20, 0xA7BD22AB,
    0xA57D8666, 0xA57D8666, 0xA7BD22AB, 0xA34BDF20, 0xAA0A5B2D, 0xA1288376, 0xAC64D510, 0x9F13C7D0,
    0xAECC336B, 0x9D0DFE53, 0xB140175B, 0x9B1776D9, 0xB3C0200C, 0x99307EE0, 0xB64BEACC, 0x9759617E,
    0xB8E31319, 0x9592675B, 0xBB8532AF, 0x93DBD69F, 0xBE31E19B, 0x9235F2EB, 0xC0E8B648, 0x90A0FD4E,
    0xC3A9458F, 0x8F1D343A, 0xC67322CD, 0x8DAAD37B, 0xC945DFEC, 0x8C4A142F, 0xCC210D78, 0x8AFB2CBA,
    0xCF043AB2, 0x89BE50C3, 0xD1EEF59E, 0x8893B124, 0xD4E0CB14, 0x877B7BEC, 0xD7D946D7, 0x8675DC4E,
    0xDAD7F3A2, 0x8582FAA4, 0xDDDC5B3A, 0x84A2FC62, 0xE0E60684, 0x83D60411, 0xE3F47D95, 0x831C314E,
    0xE70747C3, 0x8275A0C0, 0xEA1DEBBB, 0x81E26C16, 0xED37EF91, 0x8162AA03, 0xF054D8D4, 0x80F66E3C,
    0xF3742CA1, 0x809DC970, 0xF6956FB6, 0x8058C94C, 0xF9B82683, 0x80277872, 0xFCDBD541, 0x8009DE7D,
];

pub const TWIDDLE_TABLE_512_U32: [u32; 768] = [
    0x7FFFFFFF, 0x00000000, 0x7FFD885A, 0x01921D1F, 0x7FF62182, 0x03242ABF, 0x7FE9CBC0, 0x04B6195D,
    0x7FD8878D, 0x0647D97C, 0x7FC25596, 0x07D95B9E, 0x7FA736B4, 0x096A9049, 0x7F872BF3, 0x0AFB6805,
    0x7F62368F, 0x0C8BD35E, 0x7F3857F5, 0x0E1BC2E3, 0x7F0991C3, 0x0FAB272B, 0x7ED5E5C6, 0x1139F0CE,
    0x7E9D55FC, 0x12C8106E, 0x7E5FE493, 0x145576B1, 0x7E1D93E9, 0x15E21444, 0x7DD6668E, 0x176DD9DE,
    0x7D8A5F3F, 0x18F8B83C, 0x7D3980EC, 0x1A82A025, 0x7CE3CEB1, 0x1C0B826A, 0x7C894BDD, 0x1D934FE5,
    0x7C29FBEE, 0x1F19F97B, 0x7BC5E28F, 0x209F701C, 0x7B5D039D, 0x2223A4C5, 0x7AEF6323, 0x23A6887E,
    0x7A7D055B, 0x25280C5D, 0x7A05EEAD, 0x26A82185, 0x798A23B1, 0x2826B928, 0x7909A92C, 0x29A3C484,
    0x78848413, 0x2B1F34EB, 0x77FAB988, 0x2C98FBBA, 0x776C4EDB, 0x2E110A62, 0x76D94988, 0x2F875262,
    0x7641AF3C, 0x30FBC54D, 0x75A585CF, 0x326E54C7, 0x7504D345, 0x33DEF287, 0x745F9DD1, 0x354D9056,
    0x73B5EBD0, 0x36BA2013, 0x7307C3D0, 0x382493B0, 0x72552C84, 0x398CDD32, 0x719E2CD2, 0x3AF2EEB7,
    0x70E2CBC6, 0x3C56BA70, 0x70231099, 0x3DB832A5, 0x6F5F02B1, 0x3F1749B7, 0x6E96A99C, 0x4073F21D,
    0x6DCA0D14, 0x41CE1E64, 0x6CF934FB, 0x4325C135, 0x6C242960, 0x447ACD50, 0x6B4AF278, 0x45CD358F,
    0x6A6D98A4, 0x471CECE6, 0x698C246C, 0x4869E664, 0x68A69E81, 0x49B41533, 0x67BD0FBC, 0x4AFB6C97,
    0x66CF811F, 0x4C3FDFF3, 0x65DDFBD3, 0x4D8162C4, 0x64E88926, 0x4EBFE8A4, 0x63EF328F, 0x4FFB654D,
    0x62F201AC, 0x5133CC94, 0x61F1003E, 0x5269126E, 0x60EC3830, 0x539B2AEF, 0x5FE3B38D, 0x54CA0A4A,
    0x5ED77C89, 0x55F5A4D2, 0x5DC79D7C, 0x571DEEF9, 0x5CB420DF, 0x5842DD54, 0x5B9D1153, 0x59646497,
    0x5A82799A, 0x5A82799A, 0x59646497, 0x5B9D1153, 0x5842DD54, 0x5CB420DF, 0x571DEEF9, 0x5DC79D7C,
    0x55F5A4D2, 0x5ED77C89, 0x54CA0A4A, 0x5FE3B38D, 0x539B2AEF, 0x60EC3830, 0x5269126E, 0x61F1003E,
    0x5133CC94, 0x62F201AC, 0x4FFB654D, 0x63EF328F, 0x4EBFE8A4, 0x64E88926, 0x4D8162C4, 0x65DDFBD3,
    0x4C3FDFF3, 0x66CF811F, 0x4AFB6C97, 0x67BD0FBC, 0x49B41533, 0x68A69E81, 0x4869E664, 0x698C246C,
    0x471CECE6, 0x6A6D98A4, 0x45CD358F, 0x6B4AF278, 0x447ACD50, 0x6C242960, 0x4325C135, 0x6CF934FB,
    0x41CE1E64, 0x6DCA0D14, 0x4073F21D, 0x6E96A99C, 0x3F1749B7, 0x6F5F02B1, 0x3DB832A5, 0x70231099,
    0x3C56BA70, 0x70E2CBC6, 0x3AF2EEB7, 0x719E2CD2, 0x398CDD32, 0x72552C84, 0x382493B0, 0x7307C3D0,
    0x36BA2013, 0x73B5EBD0, 0x354D9056, 0x745F9DD1, 0x33DEF287, 0x7504D345, 0x326E54C7, 0x75A585CF,
    0x30FBC54D, 0x7641AF3C, 0x2F875262, 0x76D94988, 0x2E110A62, 0x776C4EDB, 0x2C98FBBA, 0x77FAB988,
    0x2B1F34EB, 0x78848413, 0x29A3C484, 0x7909A92C, 0x2826B928, 0x798A23B1, 0x26A82185, 0x7A05EEAD,
    0x25280C5D, 0x7A7D055B, 0x23A6887E, 0x7AEF6323, 0x2223A4C5, 0x7B5D039D, 0x209F701C, 0x7BC5E28F,
    0x1F19F97B, 0x7C29FBEE, 0x1D934FE5, 0x7C894BDD, 0x1C0B826A, 0x7CE3CEB1, 0x1A82A025, 0x7D3980EC,
    0x18F8B83C, 0x7D8A5F3F, 0x176DD9DE, 0x7DD6668E, 0x15E21444, 0x7E1D93E9, 0x145576B1, 0x7E5FE493,
    0x12C8106E, 0x7E9D55FC, 0x1139F0CE, 0x7ED5E5C6, 0x0FAB272B, 0x7F0991C3, 0x0E1BC2E3, 0x7F3857F5,
    0x0C8BD35E, 0x7F62368F, 0x0AFB6805, 0x7F872BF3, 0x096A9049, 0x7FA736B4, 0x07D95B9E, 0x7FC25596,
    0x0647D97C, 0x7FD8878D, 0x04B6195D, 0x7FE9CBC0, 0x03242ABF, 0x7FF62182, 0x01921D1F, 0x7FFD885A,
    0x00000000, 0x7FFFFFFF, 0xFE6DE2E0, 0x7FFD885A, 0xFCDBD541, 0x7FF62182, 0xFB49E6A2, 0x7FE9CBC0,
    0xF9B82683, 0x7FD8878D, 0xF826A461, 0x7FC25596, 0xF6956FB6, 0x7FA736B4, 0xF50497FA, 0x7F872BF3,
    0xF3742CA1, 0x7F62368F, 0xF1E43D1C, 0x7F3857F5, 0xF054D8D4, 0x7F0991C3, 0xEEC60F31, 0x7ED5E5C6,
    0xED37EF91, 0x7E9D55FC, 0xEBAA894E, 0x7E5FE493, 0xEA1DEBBB, 0x7E1D93E9, 0xE8922621, 0x7DD6668E,
    0xE70747C3, 0x7D8A5F3F, 0xE57D5FDA, 0x7D3980EC, 0xE3F47D95, 0x7CE3CEB1, 0xE26CB01A, 0x7C894BDD,
    0xE0E60684, 0x7C29FBEE, 0xDF608FE3, 0x7BC5E28F, 0xDDDC5B3A, 0x7B5D039D, 0xDC597781, 0x7AEF6323,
    0xDAD7F3A2, 0x7A7D055B, 0xD957DE7A, 0x7A05EEAD, 0xD7D946D7, 0x798A23B1, 0xD65C3B7B, 0x7909A92C,
    0xD4E0CB14, 0x78848413, 0xD3670445, 0x77FAB988, 0xD1EEF59E, 0x776C4EDB, 0xD078AD9D, 0x76D94988,
    0xCF043AB2, 0x7641AF3C, 0xCD91AB38, 0x75A585CF, 0xCC210D78, 0x7504D345, 0xCAB26FA9, 0x745F9DD1,
    0xC945DFEC, 0x73B5EBD0, 0xC7DB6C50, 0x7307C3D0, 0xC67322CD, 0x72552C84, 0xC50D1148, 0x719E2CD2,
    0xC3A9458F, 0x70E2CBC6, 0xC247CD5A, 0x70231099, 0xC0E8B648, 0x6F5F02B1, 0xBF8C0DE2, 0x6E96A99C,
    0xBE31E19B, 0x6DCA0D14, 0xBCDA3ECA, 0x6CF934FB, 0xBB8532AF, 0x6C242960, 0xBA32CA70, 0x6B4AF278,
    0xB8E31319, 0x6A6D98A4, 0xB796199B, 0x698C246C, 0xB64BEACC, 0x68A69E81, 0xB5049368, 0x67BD0FBC,
    0xB3C0200C, 0x66CF811F, 0xB27E9D3B, 0x65DDFBD3, 0xB140175B, 0x64E88926, 0xB0049AB2, 0x63EF328F,
    0xAECC336B, 0x62F201AC, 0xAD96ED91, 0x61F1003E, 0xAC64D510, 0x60EC3830, 0xAB35F5B5, 0x5FE3B38D,
    0xAA0A5B2D, 0x5ED77C89, 0xA8E21106, 0x5DC79D7C, 0xA7BD22AB, 0x5CB420DF, 0xA69B9B68, 0x5B9D1153,
    0xA57D8666, 0x5A82799A, 0xA462EEAC, 0x59646497, 0xA34BDF20, 0x5842DD54, 0xA2386283, 0x571DEEF9,
    0xA1288376, 0x55F5A4D2, 0xA01C4C72, 0x54CA0A4A, 0x9F13C7D0, 0x539B2AEF, 0x9E0EFFC1, 0x5269126E,
    0x9D0DFE53, 0x5133CC94, 0x9C10CD70, 0x4FFB654D, 0x9B1776D9, 0x4EBFE8A4, 0x9A22042C, 0x4D8162C4,
    0x99307EE0, 0x4C3FDFF3, 0x9842F043, 0x4AFB6C97, 0x9759617E, 0x49B41533, 0x9673DB94, 0x4869E664,
    0x9592675B, 0x471CECE6, 0x94B50D87, 0x45CD358F, 0x93DBD69F, 0x447ACD50, 0x9306CB04, 0x4325C135,
    0x9235F2EB, 0x41CE1E64, 0x91695663, 0x4073F21D, 0x90A0FD4E, 0x3F1749B7, 0x8FDCEF66, 0x3DB832A5,
    0x8F1D343A, 0x3C56BA70, 0x8E61D32D, 0x3AF2EEB7, 0x8DAAD37B, 0x398CDD32, 0x8CF83C30, 0x382493B0,
    0x8C4A142F, 0x36BA2013, 0x8BA0622F, 0x354D9056, 0x8AFB2CBA, 0x33DEF287, 0x8A5A7A30, 0x326E54C7,
    0x89BE50C3, 0x30FBC54D, 0x8926B677, 0x2F875262, 0x8893B124, 0x2E110A62, 0x88054677, 0x2C98FBBA,
    0x877B7BEC, 0x2B1F34EB, 0x86F656D3, 0x29A3C484, 0x8675DC4E, 0x2826B928, 0x85FA1152, 0x26A82185,
    0x8582FAA4, 0x25280C5D, 0x85109CDC, 0x23A6887E, 0x84A2FC62, 0x2223A4C5, 0x843A1D70, 0x209F701C,
    0x83D60411, 0x1F19F97B, 0x8376B422, 0x1D934FE5, 0x831C314E, 0x1C0B826A, 0x82C67F13, 0x1A82A025,
    0x8275A0C0, 0x18F8B83C, 0x82299971, 0x176DD9DE, 0x81E26C16, 0x15E21444, 0x81A01B6C, 0x145576B1,
    0x8162AA03, 0x12C8106E, 0x812A1A39, 0x1139F0CE, 0x80F66E3C, 0x0FAB272B, 0x80C7A80A, 0x0E1BC2E3,
    0x809DC970, 0x0C8BD35E, 0x8078D40D, 0x0AFB6805, 0x8058C94C, 0x096A9049, 0x803DAA69, 0x07D95B9E,
    0x80277872, 0x0647D97C, 0x80163440, 0x04B6195D, 0x8009DE7D, 0x03242ABF, 0x800277A5, 0x01921D1F,
    0x80000000, 0x00000000, 0x800277A5, 0xFE6DE2E0, 0x8009DE7D, 0xFCDBD541, 0x80163440, 0xFB49E6A2,
    0x80277872, 0xF9B82683, 0x803DAA69, 0xF826A461, 0x8058C94C, 0xF6956FB6, 0x8078D40D, 0xF50497FA,
    0x809DC970, 0xF3742CA1, 0x80C7A80A, 0xF1E43D1C, 0x80F66E3C, 0xF054D8D4, 0x812A1A39, 0xEEC60F31,
    0x8162AA03, 0xED37EF91, 0x81A01B6C, 0xEBAA894E, 0x81E26C16, 0xEA1DEBBB, 0x82299971, 0xE8922621,
    0x8275A0C0, 0xE70747C3, 0x82C67F13, 0xE57D5FDA, 0x831C314E, 0xE3F47D95, 0x8376B422, 0xE26CB01A,
    0x83D60411, 0xE0E60684, 0x843A1D70, 0xDF608FE3, 0x84A2FC62, 0xDDDC5B3A, 0x85109CDC, 0xDC597781,
    0x8582FAA4, 0xDAD7F3A2, 0x85FA1152, 0xD957DE7A, 0x8675DC4E, 0xD7D946D7, 0x86F656D3, 0xD65C3B7B,
    0x877B7BEC, 0xD4E0CB14, 0x88054677, 0xD3670445, 0x8893B124, 0xD1EEF59E, 0x8926B677, 0xD078AD9D,
    0x89BE50C3, 0xCF043AB2, 0x8A5A7A30, 0xCD91AB38, 0x8AFB2CBA, 0xCC210D78, 0x8BA0622F, 0xCAB26FA9,
    0x8C4A142F, 0xC945DFEC, 0x8CF83C30, 0xC7DB6C50, 0x8DAAD37B, 0xC67322CD, 0x8E61D32D, 0xC50D1148,
    0x8F1D343A, 0xC3A9458F, 0x8FDCEF66, 0xC247CD5A, 0x90A0FD4E, 0xC0E8B648, 0x91695663, 0xBF8C0DE2,
    0x9235F2EB, 0xBE31E19B, 0x9306CB04, 0xBCDA3ECA, 0x93DBD69F, 0xBB8532AF, 0x94B50D87, 0xBA32CA70,
    0x9592675B, 0xB8E31319, 0x9673DB94, 0xB796199B, 0x9759617E, 0xB64BEACC, 0x9842F043, 0xB5049368,
    0x99307EE0, 0xB3C0200C, 0x9A22042C, 0xB27E9D3B, 0x9B1776D9, 0xB140175B, 0x9C10CD70, 0xB0049AB2,
    0x9D0DFE53, 0xAECC336B, 0x9E0EFFC1, 0xAD96ED91, 0x9F13C7D0, 0xAC64D510, 0xA01C4C72, 0xAB35F5B5,
    0xA1288376, 0xAA0A5B2D, 0xA2386283, 0xA8E21106, 0xA34BDF20, 0xA7BD22AB, 0xA462EEAC, 0xA69B9B68,
    0xA57D8666, 0xA57D8666, 0xA69B9B68, 0xA462EEAC, 0xA7BD22AB, 0xA34BDF20, 0xA8E21106, 0xA2386283,
    0xAA0A5B2D, 0xA1288376, 0xAB35F5B5, 0xA01C4C72, 0xAC64D510, 0x9F13C7D0, 0xAD96ED91, 0x9E0EFFC1,
    0xAECC336B, 0x9D0DFE53, 0xB0049AB2, 0x9C10CD70, 0xB140175B, 0x9B1776D9, 0xB27E9D3B, 0x9A22042C,
    0xB3C0200C, 0x99307EE0, 0xB5049368, 0x9842F043, 0xB64BEACC, 0x9759617E, 0xB796199B, 0x9673DB94,
    0xB8E31319, 0x9592675B, 0xBA32CA70, 0x94B50D87, 0xBB8532AF, 0x93DBD69F, 0xBCDA3ECA, 0x9306CB04,
    0xBE31E19B, 0x9235F2EB, 0xBF8C0DE2, 0x91695663, 0xC0E8B648, 0x90A0FD4E, 0xC247CD5A, 0x8FDCEF66,
    0xC3A9458F, 0x8F1D343A, 0xC50D1148, 0x8E61D32D, 0xC67322CD, 0x8DAAD37B, 0xC7DB6C50, 0x8CF83C30,
    0xC945DFEC, 0x8C4A142F, 0xCAB26FA9, 0x8BA0622F, 0xCC210D78, 0x8AFB2CBA, 0xCD91AB38, 0x8A5A7A30,
    0xCF043AB2, 0x89BE50C3, 0xD078AD9D, 0x8926B677, 0xD1EEF59E, 0x8893B124, 0xD3670445, 0x88054677,
    0xD4E0CB14, 0x877B7BEC, 0xD65C3B7B, 0x86F656D3, 0xD7D946D7, 0x8675DC4E, 0xD957DE7A, 0x85FA1152,
    0xDAD7F3A2, 0x8582FAA4, 0xDC597781, 0x85109CDC, 0xDDDC5B3A, 0x84A2FC62, 0xDF608FE3, 0x843A1D70,
    0xE0E60684, 0x83D60411, 0xE26CB01A, 0x8376B422, 0xE3F47D95, 0x831C314E, 0xE57D5FDA, 0x82C67F13,
    0xE70747C3, 0x8275A0C0, 0xE8922621, 0x82299971, 0xEA1DEBBB, 0x81E26C16, 0xEBAA894E, 0x81A01B6C,
    0xED37EF91, 0x8162AA03, 0xEEC60F31, 0x812A1A39, 0xF054D8D4, 0x80F66E3C, 0xF1E43D1C, 0x80C7A80A,
    0xF3742CA1, 0x809DC970, 0xF50497FA, 0x8078D40D, 0xF6956FB6, 0x8058C94C, 0xF826A461, 0x803DAA69,
    0xF9B82683, 0x80277872, 0xFB49E6A2, 0x80163440, 0xFCDBD541, 0x8009DE7D, 0xFE6DE2E0, 0x800277A5,
];

pub const TWIDDLE_TABLE_1024_U32: [u32; 1536] = [
    0x7FFFFFFF, 0x00000000, 0x7FFF6216, 0x00C90F88, 0x7FFD885A, 0x01921D1F, 0x7FFA72D1, 0x025B26D7,
    0x7FF62182, 0x03242ABF, 0x7FF09477, 0x03ED26E6, 0x7FE9CBC0, 0x04B6195D, 0x7FE1C76B, 0x057F0034,
    0x7FD8878D, 0x0647D97C, 0x7FCE0C3E, 0x0710A344, 0x7FC25596, 0x07D95B9E, 0x7FB563B2, 0x08A2009A,
    0x7FA736B4, 0x096A9049, 0x7F97CEBC, 0x0A3308BC, 0x7F872BF3, 0x0AFB6805, 0x7F754E7F, 0x0BC3AC35,
    0x7F62368F, 0x0C8BD35E, 0x7F4DE450, 0x0D53DB92, 0x7F3857F5, 0x0E1BC2E3, 0x7F2191B4, 0x0EE38765,
    0x7F0991C3, 0x0FAB272B, 0x7EF0585F, 0x1072A047, 0x7ED5E5C6, 0x1139F0CE, 0x7EBA3A39, 0x120116D4,
    0x7E9D55FC, 0x12C8106E, 0x7E7F3956, 0x138EDBB0, 0x7E5FE493, 0x145576B1, 0x7E3F57FE, 0x151BDF85,
    0x7E1D93E9, 0x15E21444, 0x7DFA98A7, 0x16A81305, 0x7DD6668E, 0x176DD9DE, 0x7DB0FDF7, 0x183366E8,
    0x7D8A5F3F, 0x18F8B83C, 0x7D628AC5, 0x19BDCBF2, 0x7D3980EC, 0x1A82A025, 0x7D0F4218, 0x1B4732EF,
    0x7CE3CEB1, 0x1C0B826A, 0x7CB72724, 0x1CCF8CB3, 0x7C894BDD, 0x1D934FE5, 0x7C5A3D4F, 0x1E56CA1E,
    0x7C29FBEE, 0x1F19F97B, 0x7BF88830, 0x1FDCDC1A, 0x7BC5E28F, 0x209F701C, 0x7B920B89, 0x2161B39F,
    0x7B5D039D, 0x2223A4C5, 0x7B26CB4F, 0x22E541AE, 0x7AEF6323, 0x23A6887E, 0x7AB6CBA3, 0x24677757,
    0x7A7D055B, 0x25280C5D, 0x7A4210D8, 0x25E845B5, 0x7A05EEAD, 0x26A82185, 0x79C89F6D, 0x27679DF4,
    0x798A23B1, 0x2826B928, 0x794A7C11, 0x28E5714A, 0x7909A92C, 0x29A3C484, 0x78C7ABA1, 0x2A61B101,
    0x78848413, 0x2B1F34EB, 0x78403328, 0x2BDC4E6F, 0x77FAB988, 0x2C98FBBA, 0x77B417DF, 0x2D553AFB,
    0x776C4EDB, 0x2E110A62, 0x77235F2D, 0x2ECC681E, 0x76D94988, 0x2F875262, 0x768E0EA5, 0x3041C760,
    0x7641AF3C, 0x30FBC54D, 0x75F42C0A, 0x31B54A5D, 0x75A585CF, 0x326E54C7, 0x7555BD4B, 0x3326E2C2,
    0x7504D345, 0x33DEF287, 0x74B2C883, 0x3496824F, 0x745F9DD1, 0x354D9056, 0x740B53FA, 0x36041AD9,
    0x73B5EBD0, 0x36BA2013, 0x735F6626, 0x376F9E46, 0x7307C3D0, 0x382493B0, 0x72AF05A6, 0x38D8FE93,
    0x72552C84, 0x398CDD32, 0x71FA3948, 0x3A402DD1, 0x719E2CD2, 0x3AF2EEB7, 0x71410804, 0x3BA51E29,
    0x70E2CBC6, 0x3C56BA70, 0x708378FE, 0x3D07C1D5, 0x70231099, 0x3DB832A5, 0x6FC19385, 0x3E680B2C,
    0x6F5F02B1, 0x3F1749B7, 0x6EFB5F12, 0x3FC5EC97, 0x6E96A99C, 0x4073F21D, 0x6E30E349, 0x4121589A,
    0x6DCA0D14, 0x41CE1E64, 0x6D6227FA, 0x427A41D0, 0x6CF934FB, 0x4325C135, 0x6C8F351C, 0x43D09AEC,
    0x6C242960, 0x447ACD50, 0x6BB812D0, 0x452456BC, 0x6B4AF278, 0x45CD358F, 0x6ADCC964, 0x46756827,
    0x6A6D98A4, 0x471CECE6, 0x69FD614A, 0x47C3C22E, 0x698C246C, 0x4869E664, 0x6919E320, 0x490F57EE,
    0x68A69E81, 0x49B41533, 0x683257AA, 0x4A581C9D, 0x67BD0FBC, 0x4AFB6C97, 0x6746C7D7, 0x4B9E038F,
    0x66CF811F, 0x4C3FDFF3, 0x66573CBB, 0x4CE10034, 0x65DDFBD3, 0x4D8162C4, 0x6563BF92, 0x4E210617,
    0x64E88926, 0x4EBFE8A4, 0x646C59BF, 0x4F5E08E3, 0x63EF328F, 0x4FFB654D, 0x637114CC, 0x5097FC5E,
    0x62F201AC, 0x5133CC94, 0x6271FA69, 0x51CED46E, 0x61F1003E, 0x5269126E, 0x616F146B, 0x53028517,
    0x60EC3830, 0x539B2AEF, 0x60686CCE, 0x5433027D, 0x5FE3B38D, 0x54CA0A4A, 0x5F5E0DB3, 0x556040E2,
    0x5ED77C89, 0x55F5A4D2, 0x5E50015D, 0x568A34A9, 0x5DC79D7C, 0x571DEEF9, 0x5D3E5236, 0x57B0D256,
    0x5CB420DF, 0x5842DD54, 0x5C290ACC, 0x58D40E8C, 0x5B9D1153, 0x59646497, 0x5B1035CF, 0x59F3DE12,
    0x5A82799A, 0x5A82799A, 0x59F3DE12, 0x5B1035CF, 0x59646497, 0x5B9D1153, 0x58D40E8C, 0x5C290ACC,
    0x5842DD54, 0x5CB420DF, 0x57B0D256, 0x5D3E5236, 0x571DEEF9, 0x5DC79D7C, 0x568A34A9, 0x5E50015D,
    0x55F5A4D2, 0x5ED77C89, 0x556040E2, 0x5F5E0DB3, 0x54CA0A4A, 0x5FE3B38D, 0x5433027D, 0x60686CCE,
    0x539B2AEF, 0x60EC3830, 0x53028517, 0x616F146B, 0x5269126E, 0x61F1003E, 0x51CED46E, 0x6271FA69,
    0x5133CC94, 0x62F201AC, 0x5097FC5E, 0x637114CC, 0x4FFB654D, 0x63EF328F, 0x4F5E08E3, 0x646C59BF,
    0x4EBFE8A4, 0x64E88926, 0x4E210617, 0x6563BF92, 0x4D8162C4, 0x65DDFBD3, 0x4CE10034, 0x66573CBB,
    0x4C3FDFF3, 0x66CF811F, 0x4B9E038F, 0x6746C7D7, 0x4AFB6C97, 0x67BD0FBC, 0x4A581C9D, 0x683257AA,
    0x49B41533, 0x68A69E81, 0x490F57EE, 0x6919E320, 0x4869E664, 0x698C246C, 0x47C3C22E, 0x69FD614A,
    0x471CECE6, 0x6A6D98A4, 0x46756827, 0x6ADCC964, 0x45CD358F, 0x6B4AF278, 0x452456BC, 0x6BB812D0,
    0x447ACD50, 0x6C242960, 0x43D09AEC, 0x6C8F351C, 0x4325C135, 0x6CF934FB, 0x427A41D0, 0x6D6227FA,
    0x41CE1E64, 0x6DCA0D14, 0x4121589A, 0x6E30E349, 0x4073F21D, 0x6E96A99C, 0x3FC5EC97, 0x6EFB5F12,
    0x3F1749B7, 0x6F5F02B1, 0x3E680B2C, 0x6FC19385, 0x3DB832A5, 0x70231099, 0x3D07C1D5, 0x708378FE,
    0x3C56BA70, 0x70E2CBC6, 0x3BA51E29, 0x71410804, 0x3AF2EEB7, 0x719E2CD2, 0x3A402DD1, 0x71FA3948,
    0x398CDD32, 0x72552C84, 0x38D8FE93, 0x72AF05A6, 0x382493B0, 0x7307C3D0, 0x376F9E46, 0x735F6626,
    0x36BA2013, 0x73B5EBD0, 0x36041AD9, 0x740B53FA, 0x354D9056, 0x745F9DD1, 0x3496824F, 0x74B2C883,
    0x33DEF287, 0x7504D345, 0x3326E2C2, 0x7555BD4B, 0x326E54C7, 0x75A585CF, 0x31B54A5D, 0x75F42C0A,
    0x30FBC54D, 0x7641AF3C, 0x3041C760, 0x768E0EA5, 0x2F875262, 0x76D94988, 0x2ECC681E, 0x77235F2D,
    0x2E110A62, 0x776C4EDB, 0x2D553AFB, 0x77B417DF, 0x2C98FBBA, 0x77FAB988, 0x2BDC4E6F, 0x78403328,
    0x2B1F34EB, 0x78848413, 0x2A61B101, 0x78C7ABA1, 0x29A3C484, 0x7909A92C, 0x28E5714A, 0x794A7C11,
    0x2826B928, 0x798A23B1, 0x27679DF4, 0x79C89F6D, 0x26A82185, 0x7A05EEAD, 0x25E845B5, 0x7A4210D8,
    0x25280C5D, 0x7A7D055B, 0x24677757, 0x7AB6CBA3, 0x23A6887E, 0x7AEF6323, 0x22E541AE, 0x7B26CB4F,
    0x2223A4C5, 0x7B5D039D, 0x2161B39F, 0x7B920B89, 0x209F701C, 0x7BC5E28F, 0x1FDCDC1A, 0x7BF88830,
    0x1F19F97B, 0x7C29FBEE, 0x1E56CA1E, 0x7C5A3D4F, 0x1D934FE5, 0x7C894BDD, 0x1CCF8CB3, 0x7CB72724,
    0x1C0B826A, 0x7CE3CEB1, 0x1B4732EF, 0x7D0F4218, 0x1A82A025, 0x7D3980EC, 0x19BDCBF2, 0x7D628AC5,
    0x18F8B83C, 0x7D8A5F3F, 0x183366E8, 0x7DB0FDF7, 0x176DD9DE, 0x7DD6668E, 0x16A81305, 0x7DFA98A7,
    0x15E21444, 0x7E1D93E9, 0x151BDF85, 0x7E3F57FE, 0x145576B1, 0x7E5FE493, 0x138EDBB0, 0x7E7F3956,
    0x12C8106E, 0x7E9D55FC, 0x120116D4, 0x7EBA3A39, 0x1139F0CE, 0x7ED5E5C6, 0x1072A047, 0x7EF0585F,
    0x0FAB272B, 0x7F0991C3, 0x0EE38765, 0x7F2191B4, 0x0E1BC2E3, 0x7F3857F5, 0x0D53DB92, 0x7F4DE450,
    0x0C8BD35E, 0x7F62368F, 0x0BC3AC35, 0x7F754E7F, 0x0AFB6805, 0x7F872BF3, 0x0A3308BC, 0x7F97CEBC,
    0x096A9049, 0x7FA736B4, 0x08A2009A, 0x7FB563B2, 0x07D95B9E, 0x7FC25596, 0x0710A344, 0x7FCE0C3E,
    0x0647D97C, 0x7FD8878D, 0x057F0034, 0x7FE1C76B, 0x04B6195D, 0x7FE9CBC0, 0x03ED26E6, 0x7FF09477,
    0x03242ABF, 0x7FF62182, 0x025B26D7, 0x7FFA72D1, 0x01921D1F, 0x7FFD885A, 0x00C90F88, 0x7FFF6216,
    0x00000000, 0x7FFFFFFF, 0xFF36F078, 0x7FFF6216, 0xFE6DE2E0, 0x7FFD885A, 0xFDA4D928, 0x7FFA72D1,
    0xFCDBD541, 0x7FF62182, 0xFC12D919, 0x7FF09477, 0xFB49E6A2, 0x7FE9CBC0, 0xFA80FFCB, 0x7FE1C76B,
    0xF9B82683, 0x7FD8878D, 0xF8EF5CBB, 0x7FCE0C3E, 0xF826A461, 0x7FC25596, 0xF75DFF65, 0x7FB563B2,
    0xF6956FB6, 0x7FA736B4, 0xF5CCF743, 0x7F97CEBC, 0xF50497FA, 0x7F872BF3, 0xF43C53CA, 0x7F754E7F,
    0xF3742CA1, 0x7F62368F, 0xF2AC246D, 0x7F4DE450, 0xF1E43D1C, 0x7F3857F5, 0xF11C789A, 0x7F2191B4,
    0xF054D8D4, 0x7F0991C3, 0xEF8D5FB8, 0x7EF0585F, 0xEEC60F31, 0x7ED5E5C6, 0xEDFEE92B, 0x7EBA3A39,
    0xED37EF91, 0x7E9D55FC, 0xEC71244F, 0x7E7F3956, 0xEBAA894E, 0x7E5FE493, 0xEAE4207A, 0x7E3F57FE,
    0xEA1DEBBB, 0x7E1D93E9, 0xE957ECFB, 0x7DFA98A7, 0xE8922621, 0x7DD6668E, 0xE7CC9917, 0x7DB0FDF7,
    0xE70747C3, 0x7D8A5F3F, 0xE642340D, 0x7D628AC5, 0xE57D5FDA, 0x7D3980EC, 0xE4B8CD10, 0x7D0F4218,
    0xE3F47D95, 0x7CE3CEB1, 0xE330734C, 0x7CB72724, 0xE26CB01A, 0x7C894BDD, 0xE1A935E1, 0x7C5A3D4F,
    0xE0E60684, 0x7C29FBEE, 0xE02323E5, 0x7BF88830, 0xDF608FE3, 0x7BC5E28F, 0xDE9E4C60, 0x7B920B89,
    0xDDDC5B3A, 0x7B5D039D, 0xDD1ABE51, 0x7B26CB4F, 0xDC597781, 0x7AEF6323, 0xDB9888A8, 0x7AB6CBA3,
    0xDAD7F3A2, 0x7A7D055B, 0xDA17BA4A, 0x7A4210D8, 0xD957DE7A, 0x7A05EEAD, 0xD898620C, 0x79C89F6D,
    0xD7D946D7, 0x798A23B1, 0xD71A8EB5, 0x794A7C11, 0xD65C3B7B, 0x7909A92C, 0xD59E4EFE, 0x78C7ABA1,
    0xD4E0CB14, 0x78848413, 0xD423B190, 0x78403328, 0xD3670445, 0x77FAB988, 0xD2AAC504, 0x77B417DF,
    0xD1EEF59E, 0x776C4EDB, 0xD13397E1, 0x77235F2D, 0xD078AD9D, 0x76D94988, 0xCFBE389F, 0x768E0EA5,
    0xCF043AB2, 0x7641AF3C, 0xCE4AB5A2, 0x75F42C0A, 0xCD91AB38, 0x75A585CF, 0xCCD91D3D, 0x7555BD4B,
    0xCC210D78, 0x7504D345, 0xCB697DB0, 0x74B2C883, 0xCAB26FA9, 0x745F9DD1, 0xC9FBE527, 0x740B53FA,
    0xC945DFEC, 0x73B5EBD0, 0xC89061BA, 0x735F6626, 0xC7DB6C50, 0x7307C3D0, 0xC727016C, 0x72AF05A6,
    0xC67322CD, 0x72552C84, 0xC5BFD22E, 0x71FA3948, 0xC50D1148, 0x719E2CD2, 0xC45AE1D7, 0x71410804,
    0xC3A9458F, 0x70E2CBC6, 0xC2F83E2A, 0x708378FE, 0xC247CD5A, 0x70231099, 0xC197F4D3, 0x6FC19385,
    0xC0E8B648, 0x6F5F02B1, 0xC03A1368, 0x6EFB5F12, 0xBF8C0DE2, 0x6E96A99C, 0xBEDEA765, 0x6E30E349,
    0xBE31E19B, 0x6DCA0D14, 0xBD85BE2F, 0x6D6227FA, 0xBCDA3ECA, 0x6CF934FB, 0xBC2F6513, 0x6C8F351C,
    0xBB8532AF, 0x6C242960, 0xBADBA943, 0x6BB812D0, 0xBA32CA70, 0x6B4AF278, 0xB98A97D8, 0x6ADCC964,
    0xB8E31319, 0x6A6D98A4, 0xB83C3DD1, 0x69FD614A, 0xB796199B, 0x698C246C, 0xB6F0A811, 0x6919E320,
    0xB64BEACC, 0x68A69E81, 0xB5A7E362, 0x683257AA, 0xB5049368, 0x67BD0FBC, 0xB461FC70, 0x6746C7D7,
    0xB3C0200C, 0x66CF811F, 0xB31EFFCB, 0x66573CBB, 0xB27E9D3B, 0x65DDFBD3, 0xB1DEF9E8, 0x6563BF92,
    0xB140175B, 0x64E88926, 0xB0A1F71C, 0x646C59BF, 0xB0049AB2, 0x63EF328F, 0xAF6803A1, 0x637114CC,
    0xAECC336B, 0x62F201AC, 0xAE312B91, 0x6271FA69, 0xAD96ED91, 0x61F1003E, 0xACFD7AE8, 0x616F146B,
    0xAC64D510, 0x60EC3830, 0xABCCFD82, 0x60686CCE, 0xAB35F5B5, 0x5FE3B38D, 0xAA9FBF1D, 0x5F5E0DB3,
    0xAA0A5B2D, 0x5ED77C89, 0xA975CB56, 0x5E50015D, 0xA8E21106, 0x5DC79D7C, 0xA84F2DA9, 0x5D3E5236,
    0xA7BD22AB, 0x5CB420DF, 0xA72BF173, 0x5C290ACC, 0xA69B9B68, 0x5B9D1153, 0xA60C21ED, 0x5B1035CF,
    0xA57D8666, 0x5A82799A, 0xA4EFCA31, 0x59F3DE12, 0xA462EEAC, 0x59646497, 0xA3D6F533, 0x58D40E8C,
    0xA34BDF20, 0x5842DD54, 0xA2C1ADC9, 0x57B0D256, 0xA2386283, 0x571DEEF9, 0xA1AFFEA2, 0x568A34A9,
    0xA1288376, 0x55F5A4D2, 0xA0A1F24C, 0x556040E2, 0xA01C4C72, 0x54CA0A4A, 0x9F979331, 0x5433027D,
    0x9F13C7D0, 0x539B2AEF, 0x9E90EB94, 0x53028517, 0x9E0EFFC1, 0x5269126E, 0x9D8E0596, 0x51CED46E,
    0x9D0DFE53, 0x5133CC94, 0x9C8EEB33, 0x5097FC5E, 0x9C10CD70, 0x4FFB654D, 0x9B93A640, 0x4F5E08E3,
    0x9B1776D9, 0x4EBFE8A4, 0x9A9C406D, 0x4E210617, 0x9A22042C, 0x4D8162C4, 0x99A8C344, 0x4CE10034,
    0x99307EE0, 0x4C3FDFF3, 0x98B93828, 0x4B9E038F, 0x9842F043, 0x4AFB6C97, 0x97CDA855, 0x4A581C9D,
    0x9759617E, 0x49B41533, 0x96E61CDF, 0x490F57EE, 0x9673DB94, 0x4869E664, 0x96029EB5, 0x47C3C22E,
    0x9592675B, 0x471CECE6, 0x9523369B, 0x46756827, 0x94B50D87, 0x45CD358F, 0x9447ED2F, 0x452456BC,
    0x93DBD69F, 0x447ACD50, 0x9370CAE4, 0x43D09AEC, 0x9306CB04, 0x4325C135, 0x929DD805, 0x427A41D0,
    0x9235F2EB, 0x41CE1E64, 0x91CF1CB6, 0x4121589A, 0x91695663, 0x4073F21D, 0x9104A0ED, 0x3FC5EC97,
    0x90A0FD4E, 0x3F1749B7, 0x903E6C7A, 0x3E680B2C, 0x8FDCEF66, 0x3DB832A5, 0x8F7C8701, 0x3D07C1D5,
    0x8F1D343A, 0x3C56BA70, 0x8EBEF7FB, 0x3BA51E29, 0x8E61D32D, 0x3AF2EEB7, 0x8E05C6B7, 0x3A402DD1,
    0x8DAAD37B, 0x398CDD32, 0x8D50FA59, 0x38D8FE93, 0x8CF83C30, 0x382493B0, 0x8CA099D9, 0x376F9E46,
    0x8C4A142F, 0x36BA2013, 0x8BF4AC05, 0x36041AD9, 0x8BA0622F, 0x354D9056, 0x8B4D377C, 0x3496824F,
    0x8AFB2CBA, 0x33DEF287, 0x8AAA42B4, 0x3326E2C2, 0x8A5A7A30, 0x326E54C7, 0x8A0BD3F5, 0x31B54A5D,
    0x89BE50C3, 0x30FBC54D, 0x8971F15A, 0x3041C760, 0x8926B677, 0x2F875262, 0x88DCA0D3, 0x2ECC681E,
    0x8893B124, 0x2E110A62, 0x884BE820, 0x2D553AFB, 0x88054677, 0x2C98FBBA, 0x87BFCCD7, 0x2BDC4E6F,
    0x877B7BEC, 0x2B1F34EB, 0x8738545E, 0x2A61B101, 0x86F656D3, 0x29A3C484, 0x86B583EE, 0x28E5714A,
    0x8675DC4E, 0x2826B928, 0x86376092, 0x27679DF4, 0x85FA1152, 0x26A82185, 0x85BDEF27, 0x25E845B5,
    0x8582FAA4, 0x25280C5D, 0x8549345C, 0x24677757, 0x85109CDC, 0x23A6887E, 0x84D934B0, 0x22E541AE,
    0x84A2FC62, 0x2223A4C5, 0x846DF476, 0x2161B39F, 0x843A1D70, 0x209F701C, 0x840777CF, 0x1FDCDC1A,
    0x83D60411, 0x1F19F97B, 0x83A5C2B0, 0x1E56CA1E, 0x8376B422, 0x1D934FE5, 0x8348D8DB, 0x1CCF8CB3,
    0x831C314E, 0x1C0B826A, 0x82F0BDE8, 0x1B4732EF, 0x82C67F13, 0x1A82A025, 0x829D753A, 0x19BDCBF2,
    0x8275A0C0, 0x18F8B83C, 0x824F0208, 0x183366E8, 0x82299971, 0x176DD9DE, 0x82056758, 0x16A81305,
    0x81E26C16, 0x15E21444, 0x81C0A801, 0x151BDF85, 0x81A01B6C, 0x145576B1, 0x8180C6A9, 0x138EDBB0,
    0x8162AA03, 0x12C8106E, 0x8145C5C6, 0x120116D4, 0x812A1A39, 0x1139F0CE, 0x810FA7A0, 0x1072A047,
    0x80F66E3C, 0x0FAB272B, 0x80DE6E4C, 0x0EE38765, 0x80C7A80A, 0x0E1BC2E3, 0x80B21BAF, 0x0D53DB92,
    0x809DC970, 0x0C8BD35E, 0x808AB180, 0x0BC3AC35, 0x8078D40D, 0x0AFB6805, 0x80683143, 0x0A3308BC,
    0x8058C94C, 0x096A9049, 0x804A9C4D, 0x08A2009A, 0x803DAA69, 0x07D95B9E, 0x8031F3C1, 0x0710A344,
    0x80277872, 0x0647D97C, 0x801E3894, 0x057F0034, 0x80163440, 0x04B6195D, 0x800F6B88, 0x03ED26E6,
    0x8009DE7D, 0x03242ABF, 0x80058D2E, 0x025B26D7, 0x800277A5, 0x01921D1F, 0x80009DE9, 0x00C90F88,
    0x80000000, 0x00000000, 0x80009DE9, 0xFF36F078, 0x800277A5, 0xFE6DE2E0, 0x80058D2E, 0xFDA4D928,
    0x8009DE7D, 0xFCDBD541, 0x800F6B88, 0xFC12D919, 0x80163440, 0xFB49E6A2, 0x801E3894, 0xFA80FFCB,
    0x80277872, 0xF9B82683, 0x8031F3C1, 0xF8EF5CBB, 0x803DAA69, 0xF826A461, 0x804A9C4D, 0xF75DFF65,
    0x8058C94C, 0xF6956FB6, 0x80683143, 0xF5CCF743, 0x8078D40D, 0xF50497FA, 0x808AB180, 0xF43C53CA,
    0x809DC970, 0xF3742CA1, 0x80B21BAF, 0xF2AC246D, 0x80C7A80A, 0xF1E43D1C, 0x80DE6E4C, 0xF11C789A,
    0x80F66E3C, 0xF054D8D4, 0x810FA7A0, 0xEF8D5FB8, 0x812A1A39, 0xEEC60F31, 0x8145C5C6, 0xEDFEE92B,
    0x8162AA03, 0xED37EF91, 0x8180C6A9, 0xEC71244F, 0x81A01B6C, 0xEBAA894E, 0x81C0A801, 0xEAE4207A,
    0x81E26C16, 0xEA1DEBBB, 0x82056758, 0xE957ECFB, 0x82299971, 0xE8922621, 0x824F0208, 0xE7CC9917,
    0x8275A0C0, 0xE70747C3, 0x829D753A, 0xE642340D, 0x82C67F13, 0xE57D5FDA, 0x82F0BDE8, 0xE4B8CD10,
    0x831C314E, 0xE3F47D95, 0x8348D8DB, 0xE330734C, 0x8376B422, 0xE26CB01A, 0x83A5C2B0, 0xE1A935E1,
    0x83D60411, 0xE0E60684, 0x840777CF, 0xE02323E5, 0x843A1D70, 0xDF608FE3, 0x846DF476, 0xDE9E4C60,
    0x84A2FC62, 0xDDDC5B3A, 0x84D934B0, 0xDD1ABE51, 0x85109CDC, 0xDC597781, 0x8549345C, 0xDB9888A8,
    0x8582FAA4, 0xDAD7F3A2, 0x85BDEF27, 0xDA17BA4A, 0x85FA1152, 0xD957DE7A, 0x86376092, 0xD898620C,
    0x8675DC4E, 0xD7D946D7, 0x86B583EE, 0xD71A8EB5, 0x86F656D3, 0xD65C3B7B, 0x8738545E, 0xD59E4EFE,
    0x877B7BEC, 0xD4E0CB14, 0x87BFCCD7, 0xD423B190, 0x88054677, 0xD3670445, 0x884BE820, 0xD2AAC504,
    0x8893B124, 0xD1EEF59E, 0x88DCA0D3, 0xD13397E1, 0x8926B677, 0xD078AD9D, 0x8971F15A, 0xCFBE389F,
    0x89BE50C3, 0xCF043AB2, 0x8A0BD3F5, 0xCE4AB5A2, 0x8A5A7A30, 0xCD91AB38, 0x8AAA42B4, 0xCCD91D3D,
    0x8AFB2CBA, 0xCC210D78, 0x8B4D377C, 0xCB697DB0, 0x8BA0622F, 0xCAB26FA9, 0x8BF4AC05, 0xC9FBE527,
    0x8C4A142F, 0xC945DFEC, 0x8CA099D9, 0xC89061BA, 0x8CF83C30, 0xC7DB6C50, 0x8D50FA59, 0xC727016C,
    0x8DAAD37B, 0xC67322CD, 0x8E05C6B7, 0xC5BFD22E, 0x8E61D32D, 0xC50D1148, 0x8EBEF7FB, 0xC45AE1D7,
    0x8F1D343A, 0xC3A9458F, 0x8F7C8701, 0xC2F83E2A, 0x8FDCEF66, 0xC247CD5A, 0x903E6C7A, 0xC197F4D3,
    0x90A0FD4E, 0xC0E8B648, 0x9104A0ED, 0xC03A1368, 0x91695663, 0xBF8C0DE2, 0x91CF1CB6, 0xBEDEA765,
    0x9235F2EB, 0xBE31E19B, 0x929DD805, 0xBD85BE2F, 0x9306CB04, 0xBCDA3ECA, 0x9370CAE4, 0xBC2F6513,
    0x93DBD69F, 0xBB8532AF, 0x9447ED2F, 0xBADBA943, 0x94B50D87, 0xBA32CA70, 0x9523369B, 0xB98A97D8,
    0x9592675B, 0xB8E31319, 0x96029EB5, 0xB83C3DD1, 0x9673DB94, 0xB796199B, 0x96E61CDF, 0xB6F0A811,
    0x9759617E, 0xB64BEACC, 0x97CDA855, 0xB5A7E362, 0x9842F043, 0xB5049368, 0x98B93828, 0xB461FC70,
    0x99307EE0, 0xB3C0200C, 0x99A8C344, 0xB31EFFCB, 0x9A22042C, 0xB27E9D3B, 0x9A9C406D, 0xB1DEF9E8,
    0x9B1776D9, 0xB140175B, 0x9B93A640, 0xB0A1F71C, 0x9C10CD70, 0xB0049AB2, 0x9C8EEB33, 0xAF6803A1,
    0x9D0DFE53, 0xAECC336B, 0x9D8E0596, 0xAE312B91, 0x9E0EFFC1, 0xAD96ED91, 0x9E90EB94, 0xACFD7AE8,
    0x9F13C7D0, 0xAC64D510, 0x9F979331, 0xABCCFD82, 0xA01C4C72, 0xAB35F5B5, 0xA0A1F24C, 0xAA9FBF1D,
    0xA1288376, 0xAA0A5B2D, 0xA1AFFEA2, 0xA975CB56, 0xA2386283, 0xA8E21106, 0xA2C1ADC9, 0xA84F2DA9,
    0xA34BDF20, 0xA7BD22AB, 0xA3D6F533, 0xA72BF173, 0xA462EEAC, 0xA69B9B68, 0xA4EFCA31, 0xA60C21ED,
    0xA57D8666, 0xA57D8666, 0xA60C21ED, 0xA4EFCA31, 0xA69B9B68, 0xA462EEAC, 0xA72BF173, 0xA3D6F533,
    0xA7BD22AB, 0xA34BDF20, 0xA84F2DA9, 0xA2C1ADC9, 0xA8E21106, 0xA2386283, 0xA975CB56, 0xA1AFFEA2,
    0xAA0A5B2D, 0xA1288376, 0xAA9FBF1D, 0xA0A1F24C, 0xAB35F5B5, 0xA01C4C72, 0xABCCFD82, 0x9F979331,
    0xAC64D510, 0x9F13C7D0, 0xACFD7AE8, 0x9E90EB94, 0xAD96ED91, 0x9E0EFFC1, 0xAE312B91, 0x9D8E0596,
    0xAECC336B, 0x9D0DFE53, 0xAF6803A1, 0x9C8EEB33, 0xB0049AB2, 0x9C10CD70, 0xB0A1F71C, 0x9B93A640,
    0xB140175B, 0x9B1776D9, 0xB1DEF9E8, 0x9A9C406D, 0xB27E9D3B, 0x9A22042C, 0xB31EFFCB, 0x99A8C344,
    0xB3C0200C, 0x99307EE0, 0xB461FC70, 0x98B93828, 0xB5049368, 0x9842F043, 0xB5A7E362, 0x97CDA855,
    0xB64BEACC, 0x9759617E, 0xB6F0A811, 0x96E61CDF, 0xB796199B, 0x9673DB94, 0xB83C3DD1, 0x96029EB5,
    0xB8E31319, 0x9592675B, 0xB98A97D8, 0x9523369B, 0xBA32CA70, 0x94B50D87, 0xBADBA943, 0x9447ED2F,
    0xBB8532AF, 0x93DBD69F, 0xBC2F6513, 0x9370CAE4, 0xBCDA3ECA, 0x9306CB04, 0xBD85BE2F, 0x929DD805,
    0xBE31E19B, 0x9235F2EB, 0xBEDEA765, 0x91CF1CB6, 0xBF8C0DE2, 0x91695663, 0xC03A1368, 0x9104A0ED,
    0xC0E8B648, 0x90A0FD4E, 0xC197F4D3, 0x903E6C7A, 0xC247CD5A, 0x8FDCEF66, 0xC2F83E2A, 0x8F7C8701,
    0xC3A9458F, 0x8F1D343A, 0xC45AE1D7, 0x8EBEF7FB, 0xC50D1148, 0x8E61D32D, 0xC5BFD22E, 0x8E05C6B7,
    0xC67322CD, 0x8DAAD37B, 0xC727016C, 0x8D50FA59, 0xC7DB6C50, 0x8CF83C30, 0xC89061BA, 0x8CA099D9,
    0xC945DFEC, 0x8C4A142F, 0xC9FBE527, 0x8BF4AC05, 0xCAB26FA9, 0x8BA0622F, 0xCB697DB0, 0x8B4D377C,
    0xCC210D78, 0x8AFB2CBA, 0xCCD91D3D, 0x8AAA42B4, 0xCD91AB38, 0x8A5A7A30, 0xCE4AB5A2, 0x8A0BD3F5,
    0xCF043AB2, 0x89BE50C3, 0xCFBE389F, 0x8971F15A, 0xD078AD9D, 0x8926B677, 0xD13397E1, 0x88DCA0D3,
    0xD1EEF59E, 0x8893B124, 0xD2AAC504, 0x884BE820, 0xD3670445, 0x88054677, 0xD423B190, 0x87BFCCD7,
    0xD4E0CB14, 0x877B7BEC, 0xD59E4EFE, 0x8738545E, 0xD65C3B7B, 0x86F656D3, 0xD71A8EB5, 0x86B583EE,
    0xD7D946D7, 0x8675DC4E, 0xD898620C, 0x86376092, 0xD957DE7A, 0x85FA1152, 0xDA17BA4A, 0x85BDEF27,
    0xDAD7F3A2, 0x8582FAA4, 0xDB9888A8, 0x8549345C, 0xDC597781, 0x85109CDC, 0xDD1ABE51, 0x84D934B0,
    0xDDDC5B3A, 0x84A2FC62, 0xDE9E4C60, 0x846DF476, 0xDF608FE3, 0x843A1D70, 0xE02323E5, 0x840777CF,
    0xE0E60684, 0x83D60411, 0xE1A935E1, 0x83A5C2B0, 0xE26CB01A, 0x8376B422, 0xE330734C, 0x8348D8DB,
    0xE3F47D95, 0x831C314E, 0xE4B8CD10, 0x82F0BDE8, 0xE57D5FDA, 0x82C67F13, 0xE642340D, 0x829D753A,
    0xE70747C3, 0x8275A0C0, 0xE7CC9917, 0x824F0208, 0xE8922621, 0x82299971, 0xE957ECFB, 0x82056758,
    0xEA1DEBBB, 0x81E26C16, 0xEAE4207A, 0x81C0A801, 0xEBAA894E, 0x81A01B6C, 0xEC71244F, 0x8180C6A9,
    0xED37EF91, 0x8162AA03, 0xEDFEE92B, 0x8145C5C6, 0xEEC60F31, 0x812A1A39, 0xEF8D5FB8, 0x810FA7A0,
    0xF054D8D4, 0x80F66E3C, 0xF11C789A, 0x80DE6E4C, 0xF1E43D1C, 0x80C7A80A, 0xF2AC246D, 0x80B21BAF,
    0xF3742CA1, 0x809DC970, 0xF43C53CA, 0x808AB180, 0xF50497FA, 0x8078D40D, 0xF5CCF743, 0x80683143,
    0xF6956FB6, 0x8058C94C, 0xF75DFF65, 0x804A9C4D, 0xF826A461, 0x803DAA69, 0xF8EF5CBB, 0x8031F3C1,
    0xF9B82683, 0x80277872, 0xFA80FFCB, 0x801E3894, 0xFB49E6A2, 0x80163440, 0xFC12D919, 0x800F6B88,
    0xFCDBD541, 0x8009DE7D, 0xFDA4D928, 0x80058D2E, 0xFE6DE2E0, 0x800277A5, 0xFF36F078, 0x80009DE9,
];

pub const TWIDDLE_TABLE_2048_U32: [u32; 3072] = [
    0x7FFFFFFF, 0x00000000, 0x7FFFD885, 0x006487E3, 0x7FFF6216, 0x00C90F88, 0x7FFE9CB2, 0x012D96B0,
    0x7FFD885A, 0x01921D1F, 0x7FFC250F, 0x01F6A296, 0x7FFA72D1, 0x025B26D7, 0x7FF871A1, 0x02BFA9A4,
    0x7FF62182, 0x03242ABF, 0x7FF38273, 0x0388A9E9, 0x7FF09477, 0x03ED26E6, 0x7FED5790, 0x0451A176,
    0x7FE9CBC0, 0x04B6195D, 0x7FE5F108, 0x051A8E5C, 0x7FE1C76B, 0x057F0034, 0x7FDD4EEC, 0x05E36EA9,
    0x7FD8878D, 0x0647D97C, 0x7FD37152, 0x06AC406F, 0x7FCE0C3E, 0x0710A344, 0x7FC85853, 0x077501BE,
    0x7FC25596, 0x07D95B9E, 0x7FBC040A, 0x083DB0A7, 0x7FB563B2, 0x08A2009A, 0x7FAE7494, 0x09064B3A,
    0x7FA736B4, 0x096A9049, 0x7F9FAA15, 0x09CECF89, 0x7F97CEBC, 0x0A3308BC, 0x7F8FA4AF, 0x0A973BA5,
    0x7F872BF3, 0x0AFB6805, 0x7F7E648B, 0x0B5F8D9F, 0x7F754E7F, 0x0BC3AC35, 0x7F6BE9D4, 0x0C27C389,
    0x7F62368F, 0x0C8BD35E, 0x7F5834B6, 0x0CEFDB75, 0x7F4DE450, 0x0D53DB92, 0x7F434563, 0x0DB7D376,
    0x7F3857F5, 0x0E1BC2E3, 0x7F2D1C0E, 0x0E7FA99D, 0x7F2191B4, 0x0EE38765, 0x7F15B8EE, 0x0F475BFE,
    0x7F0991C3, 0x0FAB272B, 0x7EFD1C3C, 0x100EE8AD, 0x7EF0585F, 0x1072A047, 0x7EE34635, 0x10D64DBC,
    0x7ED5E5C6, 0x1139F0CE, 0x7EC8371A, 0x119D8940, 0x7EBA3A39, 0x120116D4, 0x7EABEF2C, 0x1264994E,
    0x7E9D55FC, 0x12C8106E, 0x7E8E6EB1, 0x132B7BF9, 0x7E7F3956, 0x138EDBB0, 0x7E6FB5F3, 0x13F22F57,
    0x7E5FE493, 0x145576B1, 0x7E4FC53E, 0x14B8B17F, 0x7E3F57FE, 0x151BDF85, 0x7E2E9CDF, 0x157F0086,
    0x7E1D93E9, 0x15E21444, 0x7E0C3D29, 0x16451A83, 0x7DFA98A7, 0x16A81305, 0x7DE8A670, 0x170AFD8D,
    0x7DD6668E, 0x176DD9DE, 0x7DC3D90D, 0x17D0A7BB, 0x7DB0FDF7, 0x183366E8, 0x7D9DD55A, 0x18961727,
    0x7D8A5F3F, 0x18F8B83C, 0x7D769BB5, 0x195B49E9, 0x7D628AC5, 0x19BDCBF2, 0x7D4E2C7E, 0x1A203E1B,
    0x7D3980EC, 0x1A82A025, 0x7D24881A, 0x1AE4F1D6, 0x7D0F4218, 0x1B4732EF, 0x7CF9AEF0, 0x1BA96334,
    0x7CE3CEB1, 0x1C0B826A, 0x7CCDA168, 0x1C6D9053, 0x7CB72724, 0x1CCF8CB3, 0x7CA05FF1, 0x1D31774D,
    0x7C894BDD, 0x1D934FE5, 0x7C71EAF8, 0x1DF5163F, 0x7C5A3D4F, 0x1E56CA1E, 0x7C4242F2, 0x1EB86B46,
    0x7C29FBEE, 0x1F19F97B, 0x7C116853, 0x1F7B7480, 0x7BF88830, 0x1FDCDC1A, 0x7BDF5B94, 0x203E300D,
    0x7BC5E28F, 0x209F701C, 0x7BAC1D31, 0x21009C0B, 0x7B920B89, 0x2161B39F, 0x7B77ADA8, 0x21C2B69C,
    0x7B5D039D, 0x2223A4C5, 0x7B420D7A, 0x22847DDF, 0x7B26CB4F, 0x22E541AE, 0x7B0B3D2C, 0x2345EFF7,
    0x7AEF6323, 0x23A6887E, 0x7AD33D45, 0x24070B07, 0x7AB6CBA3, 0x24677757, 0x7A9A0E4F, 0x24C7CD32,
    0x7A7D055B, 0x25280C5D, 0x7A5FB0D8, 0x2588349D, 0x7A4210D8, 0x25E845B5, 0x7A24256E, 0x26483F6C,
    0x7A05EEAD, 0x26A82185, 0x79E76CA6, 0x2707EBC6, 0x79C89F6D, 0x27679DF4, 0x79A98715, 0x27C737D2,
    0x798A23B1, 0x2826B928, 0x796A7554, 0x288621B9, 0x794A7C11, 0x28E5714A, 0x792A37FE, 0x2944A7A2,
    0x7909A92C, 0x29A3C484, 0x78E8CFB1, 0x2A02C7B8, 0x78C7ABA1, 0x2A61B101, 0x78A63D10, 0x2AC08025,
    0x78848413, 0x2B1F34EB, 0x786280BF, 0x2B7DCF17, 0x78403328, 0x2BDC4E6F, 0x781D9B64, 0x2C3AB2B9,
    0x77FAB988, 0x2C98FBBA, 0x77D78DAA, 0x2CF72939, 0x77B417DF, 0x2D553AFB, 0x7790583D, 0x2DB330C7,
    0x776C4EDB, 0x2E110A62, 0x7747FBCE, 0x2E6EC792, 0x77235F2D, 0x2ECC681E, 0x76FE790E, 0x2F29EBCC,
    0x76D94988, 0x2F875262, 0x76B3D0B3, 0x2FE49BA6, 0x768E0EA5, 0x3041C760, 0x76680376, 0x309ED555,
    0x7641AF3C, 0x30FBC54D, 0x761B1211, 0x3158970D, 0x75F42C0A, 0x31B54A5D, 0x75CCFD42, 0x3211DF03,
    0x75A585CF, 0x326E54C7, 0x757DC5CA, 0x32CAAB6F, 0x7555BD4B, 0x3326E2C2, 0x752D6C6C, 0x3382FA88,
    0x7504D345, 0x33DEF287, 0x74DBF1EF, 0x343ACA87, 0x74B2C883, 0x3496824F, 0x7489571B, 0x34F219A7,
    0x745F9DD1, 0x354D9056, 0x74359CBD, 0x35A8E624, 0x740B53FA, 0x36041AD9, 0x73E0C3A3, 0x365F2E3B,
    0x73B5EBD0, 0x36BA2013, 0x738ACC9E, 0x3714F02A, 0x735F6626, 0x376F9E46, 0x7333B883, 0x37CA2A30,
    0x7307C3D0, 0x382493B0, 0x72DB8828, 0x387EDA8E, 0x72AF05A6, 0x38D8FE93, 0x72823C66, 0x3932FF87,
    0x72552C84, 0x398CDD32, 0x7227D61C, 0x39E6975D, 0x71FA3948, 0x3A402DD1, 0x71CC5626, 0x3A99A057,
    0x719E2CD2, 0x3AF2EEB7, 0x716FBD68, 0x3B4C18BA, 0x71410804, 0x3BA51E29, 0x71120CC5, 0x3BFDFECD,
    0x70E2CBC6, 0x3C56BA70, 0x70B34524, 0x3CAF50DA, 0x708378FE, 0x3D07C1D5, 0x70536771, 0x3D600D2B,
    0x70231099, 0x3DB832A5, 0x6FF27496, 0x3E10320D, 0x6FC19385, 0x3E680B2C, 0x6F906D84, 0x3EBFBDCC,
    0x6F5F02B1, 0x3F1749B7, 0x6F2D532C, 0x3F6EAEB8, 0x6EFB5F12, 0x3FC5EC97, 0x6EC92682, 0x401D0320,
    0x6E96A99C, 0x4073F21D, 0x6E63E87F, 0x40CAB957, 0x6E30E349, 0x4121589A, 0x6DFD9A1B, 0x4177CFB0,
    0x6DCA0D14, 0x41CE1E64, 0x6D963C54, 0x42244480, 0x6D6227FA, 0x427A41D0, 0x6D2DD027, 0x42D0161E,
    0x6CF934FB, 0x4325C135, 0x6CC45697, 0x437B42E1, 0x6C8F351C, 0x43D09AEC, 0x6C59D0A9, 0x4425C923,
    0x6C242960, 0x447ACD50, 0x6BEE3F62, 0x44CFA73F, 0x6BB812D0, 0x452456BC, 0x6B81A3CD, 0x4578DB93,
    0x6B4AF278, 0x45CD358F, 0x6B13FEF5, 0x4621647C, 0x6ADCC964, 0x46756827, 0x6AA551E8, 0x46C9405C,
    0x6A6D98A4, 0x471CECE6, 0x6A359DB9, 0x47706D93, 0x69FD614A, 0x47C3C22E, 0x69C4E37A, 0x4816EA85,
    0x698C246C, 0x4869E664, 0x69532442, 0x48BCB598, 0x6919E320, 0x490F57EE, 0x68E06129, 0x4961CD32,
    0x68A69E81, 0x49B41533, 0x686C9B4B, 0x4A062FBD, 0x683257AA, 0x4A581C9D, 0x67F7D3C4, 0x4AA9DBA1,
    0x67BD0FBC, 0x4AFB6C97, 0x67820BB6, 0x4B4CCF4D, 0x6746C7D7, 0x4B9E038F, 0x670B4443, 0x4BEF092D,
    0x66CF811F, 0x4C3FDFF3, 0x66937E90, 0x4C9087B1, 0x66573CBB, 0x4CE10034, 0x661ABBC5, 0x4D31494B,
    0x65DDFBD3, 0x4D8162C4, 0x65A0FD0B, 0x4DD14C6E, 0x6563BF92, 0x4E210617, 0x6526438E, 0x4E708F8F,
    0x64E88926, 0x4EBFE8A4, 0x64AA907F, 0x4F0F1126, 0x646C59BF, 0x4F5E08E3, 0x642DE50D, 0x4FACCFAB,
    0x63EF328F, 0x4FFB654D, 0x63B0426D, 0x5049C999, 0x637114CC, 0x5097FC5E, 0x6331A9D4, 0x50E5FD6C,
    0x62F201AC, 0x5133CC94, 0x62B21C7B, 0x518169A4, 0x6271FA69, 0x51CED46E, 0x62319B9D, 0x521C0CC1,
    0x61F1003E, 0x5269126E, 0x61B02876, 0x52B5E545, 0x616F146B, 0x53028517, 0x612DC446, 0x534EF1B5,
    0x60EC3830, 0x539B2AEF, 0x60AA704F, 0x53E73097, 0x60686CCE, 0x5433027D, 0x60262DD5, 0x547EA073,
    0x5FE3B38D, 0x54CA0A4A, 0x5FA0FE1E, 0x55153FD4, 0x5F5E0DB3, 0x556040E2, 0x5F1AE273, 0x55AB0D46,
    0x5ED77C89, 0x55F5A4D2, 0x5E93DC1F, 0x56400757, 0x5E50015D, 0x568A34A9, 0x5E0BEC6E, 0x56D42C99,
    0x5DC79D7C, 0x571DEEF9, 0x5D8314B0, 0x57677B9D, 0x5D3E5236, 0x57B0D256, 0x5CF95638, 0x57F9F2F7,
    0x5CB420DF, 0x5842DD54, 0x5C6EB258, 0x588B913F, 0x5C290ACC, 0x58D40E8C, 0x5BE32A67, 0x591C550E,
    0x5B9D1153, 0x59646497, 0x5B56BFBD, 0x59AC3CFD, 0x5B1035CF, 0x59F3DE12, 0x5AC973B4, 0x5A3B47AA,
    0x5A82799A, 0x5A82799A, 0x5A3B47AA, 0x5AC973B4, 0x59F3DE12, 0x5B1035CF, 0x59AC3CFD, 0x5B56BFBD,
    0x59646497, 0x5B9D1153, 0x591C550E, 0x5BE32A67, 0x58D40E8C, 0x5C290ACC, 0x588B913F, 0x5C6EB258,
    0x5842DD54, 0x5CB420DF, 0x57F9F2F7, 0x5CF95638, 0x57B0D256, 0x5D3E5236, 0x57677B9D, 0x5D8314B0,
    0x571DEEF9, 0x5DC79D7C, 0x56D42C99, 0x5E0BEC6E, 0x568A34A9, 0x5E50015D, 0x56400757, 0x5E93DC1F,
    0x55F5A4D2, 0x5ED77C89, 0x55AB0D46, 0x5F1AE273, 0x556040E2, 0x5F5E0DB3, 0x55153FD4, 0x5FA0FE1E,
    0x54CA0A4A, 0x5FE3B38D, 0x547EA073, 0x60262DD5, 0x5433027D, 0x60686CCE, 0x53E73097, 0x60AA704F,
    0x539B2AEF, 0x60EC3830, 0x534EF1B5, 0x612DC446, 0x53028517, 0x616F146B, 0x52B5E545, 0x61B02876,
    0x5269126E, 0x61F1003E, 0x521C0CC1, 0x62319B9D, 0x51CED46E, 0x6271FA69, 0x518169A4, 0x62B21C7B,
    0x5133CC94, 0x62F201AC, 0x50E5FD6C, 0x6331A9D4, 0x5097FC5E, 0x637114CC, 0x5049C999, 0x63B0426D,
    0x4FFB654D, 0x63EF328F, 0x4FACCFAB, 0x642DE50D, 0x4F5E08E3, 0x646C59BF, 0x4F0F1126, 0x64AA907F,
    0x4EBFE8A4, 0x64E88926, 0x4E708F8F, 0x6526438E, 0x4E210617, 0x6563BF92, 0x4DD14C6E, 0x65A0FD0B,
    0x4D8162C4, 0x65DDFBD3, 0x4D31494B, 0x661ABBC5, 0x4CE10034, 0x66573CBB, 0x4C9087B1, 0x66937E90,
    0x4C3FDFF3, 0x66CF811F, 0x4BEF092D, 0x670B4443, 0x4B9E038F, 0x6746C7D7, 0x4B4CCF4D, 0x67820BB6,
    0x4AFB6C97, 0x67BD0FBC, 0x4AA9DBA1, 0x67F7D3C4, 0x4A581C9D, 0x683257AA, 0x4A062FBD, 0x686C9B4B,
    0x49B41533, 0x68A69E81, 0x4961CD32, 0x68E06129, 0x490F57EE, 0x6919E320, 0x48BCB598, 0x69532442,
    0x4869E664, 0x698C246C, 0x4816EA85, 0x69C4E37A, 0x47C3C22E, 0x69FD614A, 0x47706D93, 0x6A359DB9,
    0x471CECE6, 0x6A6D98A4, 0x46C9405C, 0x6AA551E8, 0x46756827, 0x6ADCC964, 0x4621647C, 0x6B13FEF5,
    0x45CD358F, 0x6B4AF278, 0x4578DB93, 0x6B81A3CD, 0x452456BC, 0x6BB812D0, 0x44CFA73F, 0x6BEE3F62,
    0x447ACD50, 0x6C242960, 0x4425C923, 0x6C59D0A9, 0x43D09AEC, 0x6C8F351C, 0x437B42E1, 0x6CC45697,
    0x4325C135, 0x6CF934FB, 0x42D0161E, 0x6D2DD027, 0x427A41D0, 0x6D6227FA, 0x42244480, 0x6D963C54,
    0x41CE1E64, 0x6DCA0D14, 0x4177CFB0, 0x6DFD9A1B, 0x4121589A, 0x6E30E349, 0x40CAB957, 0x6E63E87F,
    0x4073F21D, 0x6E96A99C, 0x401D0320, 0x6EC92682, 0x3FC5EC97, 0x6EFB5F12, 0x3F6EAEB8, 0x6F2D532C,
    0x3F1749B7, 0x6F5F02B1, 0x3EBFBDCC, 0x6F906D84, 0x3E680B2C, 0x6FC19385, 0x3E10320D, 0x6FF27496,
    0x3DB832A5, 0x70231099, 0x3D600D2B, 0x70536771, 0x3D07C1D5, 0x708378FE, 0x3CAF50DA, 0x70B34524,
    0x3C56BA70, 0x70E2CBC6, 0x3BFDFECD, 0x71120CC5, 0x3BA51E29, 0x71410804, 0x3B4C18BA, 0x716FBD68,
    0x3AF2EEB7, 0x719E2CD2, 0x3A99A057, 0x71CC5626, 0x3A402DD1, 0x71FA3948, 0x39E6975D, 0x7227D61C,
    0x398CDD32, 0x72552C84, 0x3932FF87, 0x72823C66, 0x38D8FE93, 0x72AF05A6, 0x387EDA8E, 0x72DB8828,
    0x382493B0, 0x7307C3D0, 0x37CA2A30, 0x7333B883, 0x376F9E46, 0x735F6626, 0x3714F02A, 0x738ACC9E,
    0x36BA2013, 0x73B5EBD0, 0x365F2E3B, 0x73E0C3A3, 0x36041AD9, 0x740B53FA, 0x35A8E624, 0x74359CBD,
    0x354D9056, 0x745F9DD1, 0x34F219A7, 0x7489571B, 0x3496824F, 0x74B2C883, 0x343ACA87, 0x74DBF1EF,
    0x33DEF287, 0x7504D345, 0x3382FA88, 0x752D6C6C, 0x3326E2C2, 0x7555BD4B, 0x32CAAB6F, 0x757DC5CA,
    0x326E54C7, 0x75A585CF, 0x3211DF03, 0x75CCFD42, 0x31B54A5D, 0x75F42C0A, 0x3158970D, 0x761B1211,
    0x30FBC54D, 0x7641AF3C, 0x309ED555, 0x76680376, 0x3041C760, 0x768E0EA5, 0x2FE49BA6, 0x76B3D0B3,
    0x2F875262, 0x76D94988, 0x2F29EBCC, 0x76FE790E, 0x2ECC681E, 0x77235F2D, 0x2E6EC792, 0x7747FBCE,
    0x2E110A62, 0x776C4EDB, 0x2DB330C7, 0x7790583D, 0x2D553AFB, 0x77B417DF, 0x2CF72939, 0x77D78DAA,
    0x2C98FBBA, 0x77FAB988, 0x2C3AB2B9, 0x781D9B64, 0x2BDC4E6F, 0x78403328, 0x2B7DCF17, 0x786280BF,
    0x2B1F34EB, 0x78848413, 0x2AC08025, 0x78A63D10, 0x2A61B101, 0x78C7ABA1, 0x2A02C7B8, 0x78E8CFB1,
    0x29A3C484, 0x7909A92C, 0x2944A7A2, 0x792A37FE, 0x28E5714A, 0x794A7C11, 0x288621B9, 0x796A7554,
    0x2826B928, 0x798A23B1, 0x27C737D2, 0x79A98715, 0x27679DF4, 0x79C89F6D, 0x2707EBC6, 0x79E76CA6,
    0x26A82185, 0x7A05EEAD, 0x26483F6C, 0x7A24256E, 0x25E845B5, 0x7A4210D8, 0x2588349D, 0x7A5FB0D8,
    0x25280C5D, 0x7A7D055B, 0x24C7CD32, 0x7A9A0E4F, 0x24677757, 0x7AB6CBA3, 0x24070B07, 0x7AD33D45,
    0x23A6887E, 0x7AEF6323, 0x2345EFF7, 0x7B0B3D2C, 0x22E541AE, 0x7B26CB4F, 0x22847DDF, 0x7B420D7A,
    0x2223A4C5, 0x7B5D039D, 0x21C2B69C, 0x7B77ADA8, 0x2161B39F, 0x7B920B89, 0x21009C0B, 0x7BAC1D31,
    0x209F701C, 0x7BC5E28F, 0x203E300D, 0x7BDF5B94, 0x1FDCDC1A, 0x7BF88830, 0x1F7B7480, 0x7C116853,
    0x1F19F97B, 0x7C29FBEE, 0x1EB86B46, 0x7C4242F2, 0x1E56CA1E, 0x7C5A3D4F, 0x1DF5163F, 0x7C71EAF8,
    0x1D934FE5, 0x7C894BDD, 0x1D31774D, 0x7CA05FF1, 0x1CCF8CB3, 0x7CB72724, 0x1C6D9053, 0x7CCDA168,
    0x1C0B826A, 0x7CE3CEB1, 0x1BA96334, 0x7CF9AEF0, 0x1B4732EF, 0x7D0F4218, 0x1AE4F1D6, 0x7D24881A,
    0x1A82A025, 0x7D3980EC, 0x1A203E1B, 0x7D4E2C7E, 0x19BDCBF2, 0x7D628AC5, 0x195B49E9, 0x7D769BB5,
    0x18F8B83C, 0x7D8A5F3F, 0x18961727, 0x7D9DD55A, 0x183366E8, 0x7DB0FDF7, 0x17D0A7BB, 0x7DC3D90D,
    0x176DD9DE, 0x7DD6668E, 0x170AFD8D, 0x7DE8A670, 0x16A81305, 0x7DFA98A7, 0x16451A83, 0x7E0C3D29,
    0x15E21444, 0x7E1D93E9, 0x157F0086, 0x7E2E9CDF, 0x151BDF85, 0x7E3F57FE, 0x14B8B17F, 0x7E4FC53E,
    0x145576B1, 0x7E5FE493, 0x13F22F57, 0x7E6FB5F3, 0x138EDBB0, 0x7E7F3956, 0x132B7BF9, 0x7E8E6EB1,
    0x12C8106E, 0x7E9D55FC, 0x1264994E, 0x7EABEF2C, 0x120116D4, 0x7EBA3A39, 0x119D8940, 0x7EC8371A,
    0x1139F0CE, 0x7ED5E5C6, 0x10D64DBC, 0x7EE34635, 0x1072A047, 0x7EF0585F, 0x100EE8AD, 0x7EFD1C3C,
    0x0FAB272B, 0x7F0991C3, 0x0F475BFE, 0x7F15B8EE, 0x0EE38765, 0x7F2191B4, 0x0E7FA99D, 0x7F2D1C0E,
    0x0E1BC2E3, 0x7F3857F5, 0x0DB7D376, 0x7F434563, 0x0D53DB92, 0x7F4DE450, 0x0CEFDB75, 0x7F5834B6,
    0x0C8BD35E, 0x7F62368F, 0x0C27C389, 0x7F6BE9D4, 0x0BC3AC35, 0x7F754E7F, 0x0B5F8D9F, 0x7F7E648B,
    0x0AFB6805, 0x7F872BF3, 0x0A973BA5, 0x7F8FA4AF, 0x0A3308BC, 0x7F97CEBC, 0x09CECF89, 0x7F9FAA15,
    0x096A9049, 0x7FA736B4, 0x09064B3A, 0x7FAE7494, 0x08A2009A, 0x7FB563B2, 0x083DB0A7, 0x7FBC040A,
    0x07D95B9E, 0x7FC25596, 0x077501BE, 0x7FC85853, 0x0710A344, 0x7FCE0C3E, 0x06AC406F, 0x7FD37152,
    0x0647D97C, 0x7FD8878D, 0x05E36EA9, 0x7FDD4EEC, 0x057F0034, 0x7FE1C76B, 0x051A8E5C, 0x7FE5F108,
    0x04B6195D, 0x7FE9CBC0, 0x0451A176, 0x7FED5790, 0x03ED26E6, 0x7FF09477, 0x0388A9E9, 0x7FF38273,
    0x03242ABF, 0x7FF62182, 0x02BFA9A4, 0x7FF871A1, 0x025B26D7, 0x7FFA72D1, 0x01F6A296, 0x7FFC250F,
    0x01921D1F, 0x7FFD885A, 0x012D96B0, 0x7FFE9CB2, 0x00C90F88, 0x7FFF6216, 0x006487E3, 0x7FFFD885,
    0x00000000, 0x7FFFFFFF, 0xFF9B781D, 0x7FFFD885, 0xFF36F078, 0x7FFF6216, 0xFED2694F, 0x7FFE9CB2,
    0xFE6DE2E0, 0x7FFD885A, 0xFE095D69, 0x7FFC250F, 0xFDA4D928, 0x7FFA72D1, 0xFD40565B, 0x7FF871A1,
    0xFCDBD541, 0x7FF62182, 0xFC775616, 0x7FF38273, 0xFC12D919, 0x7FF09477, 0xFBAE5E89, 0x7FED5790,
    0xFB49E6A2, 0x7FE9CBC0, 0xFAE571A4, 0x7FE5F108, 0xFA80FFCB, 0x7FE1C76B, 0xFA1C9156, 0x7FDD4EEC,
    0xF9B82683, 0x7FD8878D, 0xF953BF90, 0x7FD37152, 0xF8EF5CBB, 0x7FCE0C3E, 0xF88AFE41, 0x7FC85853,
    0xF826A461, 0x7FC25596, 0xF7C24F58, 0x7FBC040A, 0xF75DFF65, 0x7FB563B2, 0xF6F9B4C5, 0x7FAE7494,
    0xF6956FB6, 0x7FA736B4, 0xF6313076, 0x7F9FAA15, 0xF5CCF743, 0x7F97CEBC, 0xF568C45A, 0x7F8FA4AF,
    0xF50497FA, 0x7F872BF3, 0xF4A07260, 0x7F7E648B, 0xF43C53CA, 0x7F754E7F, 0xF3D83C76, 0x7F6BE9D4,
    0xF3742CA1, 0x7F62368F, 0xF310248A, 0x7F5834B6, 0xF2AC246D, 0x7F4DE450, 0xF2482C89, 0x7F434563,
    0xF1E43D1C, 0x7F3857F5, 0xF1805662, 0x7F2D1C0E, 0xF11C789A, 0x7F2191B4, 0xF0B8A401, 0x7F15B8EE,
    0xF054D8D4, 0x7F0991C3, 0xEFF11752, 0x7EFD1C3C, 0xEF8D5FB8, 0x7EF0585F, 0xEF29B243, 0x7EE34635,
    0xEEC60F31, 0x7ED5E5C6, 0xEE6276BF, 0x7EC8371A, 0xEDFEE92B, 0x7EBA3A39, 0xED9B66B2, 0x7EABEF2C,
    0xED37EF91, 0x7E9D55FC, 0xECD48406, 0x7E8E6EB1, 0xEC71244F, 0x7E7F3956, 0xEC0DD0A8, 0x7E6FB5F3,
    0xEBAA894E, 0x7E5FE493, 0xEB474E80, 0x7E4FC53E, 0xEAE4207A, 0x7E3F57FE, 0xEA80FF79, 0x7E2E9CDF,
    0xEA1DEBBB, 0x7E1D93E9, 0xE9BAE57C, 0x7E0C3D29, 0xE957ECFB, 0x7DFA98A7, 0xE8F50273, 0x7DE8A670,
    0xE8922621, 0x7DD6668E, 0xE82F5844, 0x7DC3D90D, 0xE7CC9917, 0x7DB0FDF7, 0xE769E8D8, 0x7D9DD55A,
    0xE70747C3, 0x7D8A5F3F, 0xE6A4B616, 0x7D769BB5, 0xE642340D, 0x7D628AC5, 0xE5DFC1E4, 0x7D4E2C7E,
    0xE57D5FDA, 0x7D3980EC, 0xE51B0E2A, 0x7D24881A, 0xE4B8CD10, 0x7D0F4218, 0xE4569CCB, 0x7CF9AEF0,
    0xE3F47D95, 0x7CE3CEB1, 0xE3926FAC, 0x7CCDA168, 0xE330734C, 0x7CB72724, 0xE2CE88B2, 0x7CA05FF1,
    0xE26CB01A, 0x7C894BDD, 0xE20AE9C1, 0x7C71EAF8, 0xE1A935E1, 0x7C5A3D4F, 0xE14794B9, 0x7C4242F2,
    0xE0E60684, 0x7C29FBEE, 0xE0848B7F, 0x7C116853, 0xE02323E5, 0x7BF88830, 0xDFC1CFF2, 0x7BDF5B94,
    0xDF608FE3, 0x7BC5E28F, 0xDEFF63F4, 0x7BAC1D31, 0xDE9E4C60, 0x7B920B89, 0xDE3D4963, 0x7B77ADA8,
    0xDDDC5B3A, 0x7B5D039D, 0xDD7B8220, 0x7B420D7A, 0xDD1ABE51, 0x7B26CB4F, 0xDCBA1008, 0x7B0B3D2C,
    0xDC597781, 0x7AEF6323, 0xDBF8F4F8, 0x7AD33D45, 0xDB9888A8, 0x7AB6CBA3, 0xDB3832CD, 0x7A9A0E4F,
    0xDAD7F3A2, 0x7A7D055B, 0xDA77CB62, 0x7A5FB0D8, 0xDA17BA4A, 0x7A4210D8, 0xD9B7C093, 0x7A24256E,
    0xD957DE7A, 0x7A05EEAD, 0xD8F81439, 0x79E76CA6, 0xD898620C, 0x79C89F6D, 0xD838C82D, 0x79A98715,
    0xD7D946D7, 0x798A23B1, 0xD779DE46, 0x796A7554, 0xD71A8EB5, 0x794A7C11, 0xD6BB585D, 0x792A37FE,
    0xD65C3B7B, 0x7909A92C, 0xD5FD3847, 0x78E8CFB1, 0xD59E4EFE, 0x78C7ABA1, 0xD53F7FDA, 0x78A63D10,
    0xD4E0CB14, 0x78848413, 0xD48230E8, 0x786280BF, 0xD423B190, 0x78403328, 0xD3C54D46, 0x781D9B64,
    0xD3670445, 0x77FAB988, 0xD308D6C6, 0x77D78DAA, 0xD2AAC504, 0x77B417DF, 0xD24CCF38, 0x7790583D,
    0xD1EEF59E, 0x776C4EDB, 0xD191386D, 0x7747FBCE, 0xD13397E1, 0x77235F2D, 0xD0D61433, 0x76FE790E,
    0xD078AD9D, 0x76D94988, 0xD01B6459, 0x76B3D0B3, 0xCFBE389F, 0x768E0EA5, 0xCF612AAA, 0x76680376,
    0xCF043AB2, 0x7641AF3C, 0xCEA768F2, 0x761B1211, 0xCE4AB5A2, 0x75F42C0A, 0xCDEE20FC, 0x75CCFD42,
    0xCD91AB38, 0x75A585CF, 0xCD355490, 0x757DC5CA, 0xCCD91D3D, 0x7555BD4B, 0xCC7D0577, 0x752D6C6C,
    0xCC210D78, 0x7504D345, 0xCBC53578, 0x74DBF1EF, 0xCB697DB0, 0x74B2C883, 0xCB0DE658, 0x7489571B,
    0xCAB26FA9, 0x745F9DD1, 0xCA5719DB, 0x74359CBD, 0xC9FBE527, 0x740B53FA, 0xC9A0D1C4, 0x73E0C3A3,
    0xC945DFEC, 0x73B5EBD0, 0xC8EB0FD6, 0x738ACC9E, 0xC89061BA, 0x735F6626, 0xC835D5D0, 0x7333B883,
    0xC7DB6C50, 0x7307C3D0, 0xC7812571, 0x72DB8828, 0xC727016C, 0x72AF05A6, 0xC6CD0079, 0x72823C66,
    0xC67322CD, 0x72552C84, 0xC61968A2, 0x7227D61C, 0xC5BFD22E, 0x71FA3948, 0xC5665FA8, 0x71CC5626,
    0xC50D1148, 0x719E2CD2, 0xC4B3E746, 0x716FBD68, 0xC45AE1D7, 0x71410804, 0xC4020132, 0x71120CC5,
    0xC3A9458F, 0x70E2CBC6, 0xC350AF25, 0x70B34524, 0xC2F83E2A, 0x708378FE, 0xC29FF2D4, 0x70536771,
    0xC247CD5A, 0x70231099, 0xC1EFCDF2, 0x6FF27496, 0xC197F4D3, 0x6FC19385, 0xC1404233, 0x6F906D84,
    0xC0E8B648, 0x6F5F02B1, 0xC0915147, 0x6F2D532C, 0xC03A1368, 0x6EFB5F12, 0xBFE2FCDF, 0x6EC92682,
    0xBF8C0DE2, 0x6E96A99C, 0xBF3546A8, 0x6E63E87F, 0xBEDEA765, 0x6E30E349, 0xBE88304F, 0x6DFD9A1B,
    0xBE31E19B, 0x6DCA0D14, 0xBDDBBB7F, 0x6D963C54, 0xBD85BE2F, 0x6D6227FA, 0xBD2FE9E1, 0x6D2DD027,
    0xBCDA3ECA, 0x6CF934FB, 0xBC84BD1E, 0x6CC45697, 0xBC2F6513, 0x6C8F351C, 0xBBDA36DC, 0x6C59D0A9,
    0xBB8532AF, 0x6C242960, 0xBB3058C0, 0x6BEE3F62, 0xBADBA943, 0x6BB812D0, 0xBA87246C, 0x6B81A3CD,
    0xBA32CA70, 0x6B4AF278, 0xB9DE9B83, 0x6B13FEF5, 0xB98A97D8, 0x6ADCC964, 0xB936BFA3, 0x6AA551E8,
    0xB8E31319, 0x6A6D98A4, 0xB88F926C, 0x6A359DB9, 0xB83C3DD1, 0x69FD614A, 0xB7E9157A, 0x69C4E37A,
    0xB796199B, 0x698C246C, 0xB7434A67, 0x69532442, 0xB6F0A811, 0x6919E320, 0xB69E32CD, 0x68E06129,
    0xB64BEACC, 0x68A69E81, 0xB5F9D042, 0x686C9B4B, 0xB5A7E362, 0x683257AA, 0xB556245E, 0x67F7D3C4,
    0xB5049368, 0x67BD0FBC, 0xB4B330B2, 0x67820BB6, 0xB461FC70, 0x6746C7D7, 0xB410F6D2, 0x670B4443,
    0xB3C0200C, 0x66CF811F, 0xB36F784E, 0x66937E90, 0xB31EFFCB, 0x66573CBB, 0xB2CEB6B5, 0x661ABBC5,
    0xB27E9D3B, 0x65DDFBD3, 0xB22EB392, 0x65A0FD0B, 0xB1DEF9E8, 0x6563BF92, 0xB18F7070, 0x6526438E,
    0xB140175B, 0x64E88926, 0xB0F0EEDA, 0x64AA907F, 0xB0A1F71C, 0x646C59BF, 0xB0533055, 0x642DE50D,
    0xB0049AB2, 0x63EF328F, 0xAFB63667, 0x63B0426D, 0xAF6803A1, 0x637114CC, 0xAF1A0293, 0x6331A9D4,
    0xAECC336B, 0x62F201AC, 0xAE7E965B, 0x62B21C7B, 0xAE312B91, 0x6271FA69, 0xADE3F33E, 0x62319B9D,
    0xAD96ED91, 0x61F1003E, 0xAD4A1ABA, 0x61B02876, 0xACFD7AE8, 0x616F146B, 0xACB10E4A, 0x612DC446,
    0xAC64D510, 0x60EC3830, 0xAC18CF68, 0x60AA704F, 0xABCCFD82, 0x60686CCE, 0xAB815F8C, 0x60262DD5,
    0xAB35F5B5, 0x5FE3B38D, 0xAAEAC02B, 0x5FA0FE1E, 0xAA9FBF1D, 0x5F5E0DB3, 0xAA54F2B9, 0x5F1AE273,
    0xAA0A5B2D, 0x5ED77C89, 0xA9BFF8A8, 0x5E93DC1F, 0xA975CB56, 0x5E50015D, 0xA92BD366, 0x5E0BEC6E,
    0xA8E21106, 0x5DC79D7C, 0xA8988463, 0x5D8314B0, 0xA84F2DA9, 0x5D3E5236, 0xA8060D08, 0x5CF95638,
    0xA7BD22AB, 0x5CB420DF, 0xA7746EC0, 0x5C6EB258, 0xA72BF173, 0x5C290ACC, 0xA6E3AAF2, 0x5BE32A67,
    0xA69B9B68, 0x5B9D1153, 0xA653C302, 0x5B56BFBD, 0xA60C21ED, 0x5B1035CF, 0xA5C4B855, 0x5AC973B4,
    0xA57D8666, 0x5A82799A, 0xA5368C4B, 0x5A3B47AA, 0xA4EFCA31, 0x59F3DE12, 0xA4A94042, 0x59AC3CFD,
    0xA462EEAC, 0x59646497, 0xA41CD598, 0x591C550E, 0xA3D6F533, 0x58D40E8C, 0xA3914DA7, 0x588B913F,
    0xA34BDF20, 0x5842DD54, 0xA306A9C7, 0x57F9F2F7, 0xA2C1ADC9, 0x57B0D256, 0xA27CEB4F, 0x57677B9D,
    0xA2386283, 0x571DEEF9, 0xA1F41391, 0x56D42C99, 0xA1AFFEA2, 0x568A34A9, 0xA16C23E1, 0x56400757,
    0xA1288376, 0x55F5A4D2, 0xA0E51D8C, 0x55AB0D46, 0xA0A1F24C, 0x556040E2, 0xA05F01E1, 0x55153FD4,
    0xA01C4C72, 0x54CA0A4A, 0x9FD9D22A, 0x547EA073, 0x9F979331, 0x5433027D, 0x9F558FB0, 0x53E73097,
    0x9F13C7D0, 0x539B2AEF, 0x9ED23BB9, 0x534EF1B5, 0x9E90EB94, 0x53028517, 0x9E4FD789, 0x52B5E545,
    0x9E0EFFC1, 0x5269126E, 0x9DCE6462, 0x521C0CC1, 0x9D8E0596, 0x51CED46E, 0x9D4DE384, 0x518169A4,
    0x9D0DFE53, 0x5133CC94, 0x9CCE562B, 0x50E5FD6C, 0x9C8EEB33, 0x5097FC5E, 0x9C4FBD92, 0x5049C999,
    0x9C10CD70, 0x4FFB654D, 0x9BD21AF2, 0x4FACCFAB, 0x9B93A640, 0x4F5E08E3, 0x9B556F80, 0x4F0F1126,
    0x9B1776D9, 0x4EBFE8A4, 0x9AD9BC71, 0x4E708F8F, 0x9A9C406D, 0x4E210617, 0x9A5F02F5, 0x4DD14C6E,
    0x9A22042C, 0x4D8162C4, 0x99E5443A, 0x4D31494B, 0x99A8C344, 0x4CE10034, 0x996C816F, 0x4C9087B1,
    0x99307EE0, 0x4C3FDFF3, 0x98F4BBBC, 0x4BEF092D, 0x98B93828, 0x4B9E038F, 0x987DF449, 0x4B4CCF4D,
    0x9842F043, 0x4AFB6C97, 0x98082C3B, 0x4AA9DBA1, 0x97CDA855, 0x4A581C9D, 0x979364B5, 0x4A062FBD,
    0x9759617E, 0x49B41533, 0x971F9ED6, 0x4961CD32, 0x96E61CDF, 0x490F57EE, 0x96ACDBBD, 0x48BCB598,
    0x9673DB94, 0x4869E664, 0x963B1C85, 0x4816EA85, 0x96029EB5, 0x47C3C22E, 0x95CA6246, 0x47706D93,
    0x9592675B, 0x471CECE6, 0x955AAE17, 0x46C9405C, 0x9523369B, 0x46756827, 0x94EC010B, 0x4621647C,
    0x94B50D87, 0x45CD358F, 0x947E5C32, 0x4578DB93, 0x9447ED2F, 0x452456BC, 0x9411C09D, 0x44CFA73F,
    0x93DBD69F, 0x447ACD50, 0x93A62F56, 0x4425C923, 0x9370CAE4, 0x43D09AEC, 0x933BA968, 0x437B42E1,
    0x9306CB04, 0x4325C135, 0x92D22FD8, 0x42D0161E, 0x929DD805, 0x427A41D0, 0x9269C3AC, 0x42244480,
    0x9235F2EB, 0x41CE1E64, 0x920265E4, 0x4177CFB0, 0x91CF1CB6, 0x4121589A, 0x919C1780, 0x40CAB957,
    0x91695663, 0x4073F21D, 0x9136D97D, 0x401D0320, 0x9104A0ED, 0x3FC5EC97, 0x90D2ACD3, 0x3F6EAEB8,
    0x90A0FD4E, 0x3F1749B7, 0x906F927B, 0x3EBFBDCC, 0x903E6C7A, 0x3E680B2C, 0x900D8B69, 0x3E10320D,
    0x8FDCEF66, 0x3DB832A5, 0x8FAC988E, 0x3D600D2B, 0x8F7C8701, 0x3D07C1D5, 0x8F4CBADB, 0x3CAF50DA,
    0x8F1D343A, 0x3C56BA70, 0x8EEDF33B, 0x3BFDFECD, 0x8EBEF7FB, 0x3BA51E29, 0x8E904298, 0x3B4C18BA,
    0x8E61D32D, 0x3AF2EEB7, 0x8E33A9D9, 0x3A99A057, 0x8E05C6B7, 0x3A402DD1, 0x8DD829E4, 0x39E6975D,
    0x8DAAD37B, 0x398CDD32, 0x8D7DC399, 0x3932FF87, 0x8D50FA59, 0x38D8FE93, 0x8D2477D8, 0x387EDA8E,
    0x8CF83C30, 0x382493B0, 0x8CCC477D, 0x37CA2A30, 0x8CA099D9, 0x376F9E46, 0x8C753361, 0x3714F02A,
    0x8C4A142F, 0x36BA2013, 0x8C1F3C5C, 0x365F2E3B, 0x8BF4AC05, 0x36041AD9, 0x8BCA6342, 0x35A8E624,
    0x8BA0622F, 0x354D9056, 0x8B76A8E4, 0x34F219A7, 0x8B4D377C, 0x3496824F, 0x8B240E10, 0x343ACA87,
    0x8AFB2CBA, 0x33DEF287, 0x8AD29393, 0x3382FA88, 0x8AAA42B4, 0x3326E2C2, 0x8A823A35, 0x32CAAB6F,
    0x8A5A7A30, 0x326E54C7, 0x8A3302BD, 0x3211DF03, 0x8A0BD3F5, 0x31B54A5D, 0x89E4EDEE, 0x3158970D,
    0x89BE50C3, 0x30FBC54D, 0x8997FC89, 0x309ED555, 0x8971F15A, 0x3041C760, 0x894C2F4C, 0x2FE49BA6,
    0x8926B677, 0x2F875262, 0x890186F1, 0x2F29EBCC, 0x88DCA0D3, 0x2ECC681E, 0x88B80431, 0x2E6EC792,
    0x8893B124, 0x2E110A62, 0x886FA7C2, 0x2DB330C7, 0x884BE820, 0x2D553AFB, 0x88287255, 0x2CF72939,
    0x88054677, 0x2C98FBBA, 0x87E2649B, 0x2C3AB2B9, 0x87BFCCD7, 0x2BDC4E6F, 0x879D7F40, 0x2B7DCF17,
    0x877B7BEC, 0x2B1F34EB, 0x8759C2EF, 0x2AC08025, 0x8738545E, 0x2A61B101, 0x8717304E, 0x2A02C7B8,
    0x86F656D3, 0x29A3C484, 0x86D5C802, 0x2944A7A2, 0x86B583EE, 0x28E5714A, 0x86958AAB, 0x288621B9,
    0x8675DC4E, 0x2826B928, 0x865678EA, 0x27C737D2, 0x86376092, 0x27679DF4, 0x86189359, 0x2707EBC6,
    0x85FA1152, 0x26A82185, 0x85DBDA91, 0x26483F6C, 0x85BDEF27, 0x25E845B5, 0x85A04F28, 0x2588349D,
    0x8582FAA4, 0x25280C5D, 0x8565F1B0, 0x24C7CD32, 0x8549345C, 0x24677757, 0x852CC2BA, 0x24070B07,
    0x85109CDC, 0x23A6887E, 0x84F4C2D3, 0x2345EFF7, 0x84D934B0, 0x22E541AE, 0x84BDF285, 0x22847DDF,
    0x84A2FC62, 0x2223A4C5, 0x84885257, 0x21C2B69C, 0x846DF476, 0x2161B39F, 0x8453E2CE, 0x21009C0B,
    0x843A1D70, 0x209F701C, 0x8420A46B, 0x203E300D, 0x840777CF, 0x1FDCDC1A, 0x83EE97AC, 0x1F7B7480,
    0x83D60411, 0x1F19F97B, 0x83BDBD0D, 0x1EB86B46, 0x83A5C2B0, 0x1E56CA1E, 0x838E1507, 0x1DF5163F,
    0x8376B422, 0x1D934FE5, 0x835FA00E, 0x1D31774D, 0x8348D8DB, 0x1CCF8CB3, 0x83325E97, 0x1C6D9053,
    0x831C314E, 0x1C0B826A, 0x8306510F, 0x1BA96334, 0x82F0BDE8, 0x1B4732EF, 0x82DB77E5, 0x1AE4F1D6,
    0x82C67F13, 0x1A82A025, 0x82B1D381, 0x1A203E1B, 0x829D753A, 0x19BDCBF2, 0x8289644A, 0x195B49E9,
    0x8275A0C0, 0x18F8B83C, 0x82622AA5, 0x18961727, 0x824F0208, 0x183366E8, 0x823C26F2, 0x17D0A7BB,
    0x82299971, 0x176DD9DE, 0x8217598F, 0x170AFD8D, 0x82056758, 0x16A81305, 0x81F3C2D7, 0x16451A83,
    0x81E26C16, 0x15E21444, 0x81D16320, 0x157F0086, 0x81C0A801, 0x151BDF85, 0x81B03AC1, 0x14B8B17F,
    0x81A01B6C, 0x145576B1, 0x81904A0C, 0x13F22F57, 0x8180C6A9, 0x138EDBB0, 0x8171914E, 0x132B7BF9,
    0x8162AA03, 0x12C8106E, 0x815410D3, 0x1264994E, 0x8145C5C6, 0x120116D4, 0x8137C8E6, 0x119D8940,
    0x812A1A39, 0x1139F0CE, 0x811CB9CA, 0x10D64DBC, 0x810FA7A0, 0x1072A047, 0x8102E3C3, 0x100EE8AD,
    0x80F66E3C, 0x0FAB272B, 0x80EA4712, 0x0F475BFE, 0x80DE6E4C, 0x0EE38765, 0x80D2E3F1, 0x0E7FA99D,
    0x80C7A80A, 0x0E1BC2E3, 0x80BCBA9C, 0x0DB7D376, 0x80B21BAF, 0x0D53DB92, 0x80A7CB49, 0x0CEFDB75,
    0x809DC970, 0x0C8BD35E, 0x8094162B, 0x0C27C389, 0x808AB180, 0x0BC3AC35, 0x80819B74, 0x0B5F8D9F,
    0x8078D40D, 0x0AFB6805, 0x80705B50, 0x0A973BA5, 0x80683143, 0x0A3308BC, 0x806055EA, 0x09CECF89,
    0x8058C94C, 0x096A9049, 0x80518B6B, 0x09064B3A, 0x804A9C4D, 0x08A2009A, 0x8043FBF6, 0x083DB0A7,
    0x803DAA69, 0x07D95B9E, 0x8037A7AC, 0x077501BE, 0x8031F3C1, 0x0710A344, 0x802C8EAD, 0x06AC406F,
    0x80277872, 0x0647D97C, 0x8022B113, 0x05E36EA9, 0x801E3894, 0x057F0034, 0x801A0EF7, 0x051A8E5C,
    0x80163440, 0x04B6195D, 0x8012A86F, 0x0451A176, 0x800F6B88, 0x03ED26E6, 0x800C7D8C, 0x0388A9E9,
    0x8009DE7D, 0x03242ABF, 0x80078E5E, 0x02BFA9A4, 0x80058D2E, 0x025B26D7, 0x8003DAF0, 0x01F6A296,
    0x800277A5, 0x01921D1F, 0x8001634D, 0x012D96B0, 0x80009DE9, 0x00C90F88, 0x8000277A, 0x006487E3,
    0x80000000, 0x00000000, 0x8000277A, 0xFF9B781D, 0x80009DE9, 0xFF36F078, 0x8001634D, 0xFED2694F,
    0x800277A5, 0xFE6DE2E0, 0x8003DAF0, 0xFE095D69, 0x80058D2E, 0xFDA4D928, 0x80078E5E, 0xFD40565B,
    0x8009DE7D, 0xFCDBD541, 0x800C7D8C, 0xFC775616, 0x800F6B88, 0xFC12D919, 0x8012A86F, 0xFBAE5E89,
    0x80163440, 0xFB49E6A2, 0x801A0EF7, 0xFAE571A4, 0x801E3894, 0xFA80FFCB, 0x8022B113, 0xFA1C9156,
    0x80277872, 0xF9B82683, 0x802C8EAD, 0xF953BF90, 0x8031F3C1, 0xF8EF5CBB, 0x8037A7AC, 0xF88AFE41,
    0x803DAA69, 0xF826A461, 0x8043FBF6, 0xF7C24F58, 0x804A9C4D, 0xF75DFF65, 0x80518B6B, 0xF6F9B4C5,
    0x8058C94C, 0xF6956FB6, 0x806055EA, 0xF6313076, 0x80683143, 0xF5CCF743, 0x80705B50, 0xF568C45A,
    0x8078D40D, 0xF50497FA, 0x80819B74, 0xF4A07260, 0x808AB180, 0xF43C53CA, 0x8094162B, 0xF3D83C76,
    0x809DC970, 0xF3742CA1, 0x80A7CB49, 0xF310248A, 0x80B21BAF, 0xF2AC246D, 0x80BCBA9C, 0xF2482C89,
    0x80C7A80A, 0xF1E43D1C, 0x80D2E3F1, 0xF1805662, 0x80DE6E4C, 0xF11C789A, 0x80EA4712, 0xF0B8A401,
    0x80F66E3C, 0xF054D8D4, 0x8102E3C3, 0xEFF11752, 0x810FA7A0, 0xEF8D5FB8, 0x811CB9CA, 0xEF29B243,
    0x812A1A39, 0xEEC60F31, 0x8137C8E6, 0xEE6276BF, 0x8145C5C6, 0xEDFEE92B, 0x815410D3, 0xED9B66B2,
    0x8162AA03, 0xED37EF91, 0x8171914E, 0xECD48406, 0x8180C6A9, 0xEC71244F, 0x81904A0C, 0xEC0DD0A8,
    0x81A01B6C, 0xEBAA894E, 0x81B03AC1, 0xEB474E80, 0x81C0A801, 0xEAE4207A, 0x81D16320, 0xEA80FF79,
    0x81E26C16, 0xEA1DEBBB, 0x81F3C2D7, 0xE9BAE57C, 0x82056758, 0xE957ECFB, 0x8217598F, 0xE8F50273,
    0x82299971, 0xE8922621, 0x823C26F2, 0xE82F5844, 0x824F0208, 0xE7CC9917, 0x82622AA5, 0xE769E8D8,
    0x8275A0C0, 0xE70747C3, 0x8289644A, 0xE6A4B616, 0x829D753A, 0xE642340D, 0x82B1D381, 0xE5DFC1E4,
    0x82C67F13, 0xE57D5FDA, 0x82DB77E5, 0xE51B0E2A, 0x82F0BDE8, 0xE4B8CD10, 0x8306510F, 0xE4569CCB,
    0x831C314E, 0xE3F47D95, 0x83325E97, 0xE3926FAC, 0x8348D8DB, 0xE330734C, 0x835FA00E, 0xE2CE88B2,
    0x8376B422, 0xE26CB01A, 0x838E1507, 0xE20AE9C1, 0x83A5C2B0, 0xE1A935E1, 0x83BDBD0D, 0xE14794B9,
    0x83D60411, 0xE0E60684, 0x83EE97AC, 0xE0848B7F, 0x840777CF, 0xE02323E5, 0x8420A46B, 0xDFC1CFF2,
    0x843A1D70, 0xDF608FE3, 0x8453E2CE, 0xDEFF63F4, 0x846DF476, 0xDE9E4C60, 0x84885257, 0xDE3D4963,
    0x84A2FC62, 0xDDDC5B3A, 0x84BDF285, 0xDD7B8220, 0x84D934B0, 0xDD1ABE51, 0x84F4C2D3, 0xDCBA1008,
    0x85109CDC, 0xDC597781, 0x852CC2BA, 0xDBF8F4F8, 0x8549345C, 0xDB9888A8, 0x8565F1B0, 0xDB3832CD,
    0x8582FAA4, 0xDAD7F3A2, 0x85A04F28, 0xDA77CB62, 0x85BDEF27, 0xDA17BA4A, 0x85DBDA91, 0xD9B7C093,
    0x85FA1152, 0xD957DE7A, 0x86189359, 0xD8F81439, 0x86376092, 0xD898620C, 0x865678EA, 0xD838C82D,
    0x8675DC4E, 0xD7D946D7, 0x86958AAB, 0xD779DE46, 0x86B583EE, 0xD71A8EB5, 0x86D5C802, 0xD6BB585D,
    0x86F656D3, 0xD65C3B7B, 0x8717304E, 0xD5FD3847, 0x8738545E, 0xD59E4EFE, 0x8759C2EF, 0xD53F7FDA,
    0x877B7BEC, 0xD4E0CB14, 0x879D7F40, 0xD48230E8, 0x87BFCCD7, 0xD423B190, 0x87E2649B, 0xD3C54D46,
    0x88054677, 0xD3670445, 0x88287255, 0xD308D6C6, 0x884BE820, 0xD2AAC504, 0x886FA7C2, 0xD24CCF38,
    0x8893B124, 0xD1EEF59E, 0x88B80431, 0xD191386D, 0x88DCA0D3, 0xD13397E1, 0x890186F1, 0xD0D61433,
    0x8926B677, 0xD078AD9D, 0x894C2F4C, 0xD01B6459, 0x8971F15A, 0xCFBE389F, 0x8997FC89, 0xCF612AAA,
    0x89BE50C3, 0xCF043AB2, 0x89E4EDEE, 0xCEA768F2, 0x8A0BD3F5, 0xCE4AB5A2, 0x8A3302BD, 0xCDEE20FC,
    0x8A5A7A30, 0xCD91AB38, 0x8A823A35, 0xCD355490, 0x8AAA42B4, 0xCCD91D3D, 0x8AD29393, 0xCC7D0577,
    0x8AFB2CBA, 0xCC210D78, 0x8B240E10, 0xCBC53578, 0x8B4D377C, 0xCB697DB0, 0x8B76A8E4, 0xCB0DE658,
    0x8BA0622F, 0xCAB26FA9, 0x8BCA6342, 0xCA5719DB, 0x8BF4AC05, 0xC9FBE527, 0x8C1F3C5C, 0xC9A0D1C4,
    0x8C4A142F, 0xC945DFEC, 0x8C753361, 0xC8EB0FD6, 0x8CA099D9, 0xC89061BA, 0x8CCC477D, 0xC835D5D0,
    0x8CF83C30, 0xC7DB6C50, 0x8D2477D8, 0xC7812571, 0x8D50FA59, 0xC727016C, 0x8D7DC399, 0xC6CD0079,
    0x8DAAD37B, 0xC67322CD, 0x8DD829E4, 0xC61968A2, 0x8E05C6B7, 0xC5BFD22E, 0x8E33A9D9, 0xC5665FA8,
    0x8E61D32D, 0xC50D1148, 0x8E904298, 0xC4B3E746, 0x8EBEF7FB, 0xC45AE1D7, 0x8EEDF33B, 0xC4020132,
    0x8F1D343A, 0xC3A9458F, 0x8F4CBADB, 0xC350AF25, 0x8F7C8701, 0xC2F83E2A, 0x8FAC988E, 0xC29FF2D4,
    0x8FDCEF66, 0xC247CD5A, 0x900D8B69, 0xC1EFCDF2, 0x903E6C7A, 0xC197F4D3, 0x906F927B, 0xC1404233,
    0x90A0FD4E, 0xC0E8B648, 0x90D2ACD3, 0xC0915147, 0x9104A0ED, 0xC03A1368, 0x9136D97D, 0xBFE2FCDF,
    0x91695663, 0xBF8C0DE2, 0x919C1780, 0xBF3546A8, 0x91CF1CB6, 0xBEDEA765, 0x920265E4, 0xBE88304F,
    0x9235F2EB, 0xBE31E19B, 0x9269C3AC, 0xBDDBBB7F, 0x929DD805, 0xBD85BE2F, 0x92D22FD8, 0xBD2FE9E1,
    0x9306CB04, 0xBCDA3ECA, 0x933BA968, 0xBC84BD1E, 0x9370CAE4, 0xBC2F6513, 0x93A62F56, 0xBBDA36DC,
    0x93DBD69F, 0xBB8532AF, 0x9411C09D, 0xBB3058C0, 0x9447ED2F, 0xBADBA943, 0x947E5C32, 0xBA87246C,
    0x94B50D87, 0xBA32CA70, 0x94EC010B, 0xB9DE9B83, 0x9523369B, 0xB98A97D8, 0x955AAE17, 0xB936BFA3,
    0x9592675B, 0xB8E31319, 0x95CA6246, 0xB88F926C, 0x96029EB5, 0xB83C3DD1, 0x963B1C85, 0xB7E9157A,
    0x9673DB94, 0xB796199B, 0x96ACDBBD, 0xB7434A67, 0x96E61CDF, 0xB6F0A811, 0x971F9ED6, 0xB69E32CD,
    0x9759617E, 0xB64BEACC, 0x979364B5, 0xB5F9D042, 0x97CDA855, 0xB5A7E362, 0x98082C3B, 0xB556245E,
    0x9842F043, 0xB5049368, 0x987DF449, 0xB4B330B2, 0x98B93828, 0xB461FC70, 0x98F4BBBC, 0xB410F6D2,
    0x99307EE0, 0xB3C0200C, 0x996C816F, 0xB36F784E, 0x99A8C344, 0xB31EFFCB, 0x99E5443A, 0xB2CEB6B5,
    0x9A22042C, 0xB27E9D3B, 0x9A5F02F5, 0xB22EB392, 0x9A9C406D, 0xB1DEF9E8, 0x9AD9BC71, 0xB18F7070,
    0x9B1776D9, 0xB140175B, 0x9B556F80, 0xB0F0EEDA, 0x9B93A640, 0xB0A1F71C, 0x9BD21AF2, 0xB0533055,
    0x9C10CD70, 0xB0049AB2, 0x9C4FBD92, 0xAFB63667, 0x9C8EEB33, 0xAF6803A1, 0x9CCE562B, 0xAF1A0293,
    0x9D0DFE53, 0xAECC336B, 0x9D4DE384, 0xAE7E965B, 0x9D8E0596, 0xAE312B91, 0x9DCE6462, 0xADE3F33E,
    0x9E0EFFC1, 0xAD96ED91, 0x9E4FD789, 0xAD4A1ABA, 0x9E90EB94, 0xACFD7AE8, 0x9ED23BB9, 0xACB10E4A,
    0x9F13C7D0, 0xAC64D510, 0x9F558FB0, 0xAC18CF68, 0x9F979331, 0xABCCFD82, 0x9FD9D22A, 0xAB815F8C,
    0xA01C4C72, 0xAB35F5B5, 0xA05F01E1, 0xAAEAC02B, 0xA0A1F24C, 0xAA9FBF1D, 0xA0E51D8C, 0xAA54F2B9,
    0xA1288376, 0xAA0A5B2D, 0xA16C23E1, 0xA9BFF8A8, 0xA1AFFEA2, 0xA975CB56, 0xA1F41391, 0xA92BD366,
    0xA2386283, 0xA8E21106, 0xA27CEB4F, 0xA8988463, 0xA2C1ADC9, 0xA84F2DA9, 0xA306A9C7, 0xA8060D08,
    0xA34BDF20, 0xA7BD22AB, 0xA3914DA7, 0xA7746EC0, 0xA3D6F533, 0xA72BF173, 0xA41CD598, 0xA6E3AAF2,
    0xA462EEAC, 0xA69B9B68, 0xA4A94042, 0xA653C302, 0xA4EFCA31, 0xA60C21ED, 0xA5368C4B, 0xA5C4B855,
    0xA57D8666, 0xA57D8666, 0xA5C4B855, 0xA5368C4B, 0xA60C21ED, 0xA4EFCA31, 0xA653C302, 0xA4A94042,
    0xA69B9B68, 0xA462EEAC, 0xA6E3AAF2, 0xA41CD598, 0xA72BF173, 0xA3D6F533, 0xA7746EC0, 0xA3914DA7,
    0xA7BD22AB, 0xA34BDF20, 0xA8060D08, 0xA306A9C7, 0xA84F2DA9, 0xA2C1ADC9, 0xA8988463, 0xA27CEB4F,
    0xA8E21106, 0xA2386283, 0xA92BD366, 0xA1F41391, 0xA975CB56, 0xA1AFFEA2, 0xA9BFF8A8, 0xA16C23E1,
    0xAA0A5B2D, 0xA1288376, 0xAA54F2B9, 0xA0E51D8C, 0xAA9FBF1D, 0xA0A1F24C, 0xAAEAC02B, 0xA05F01E1,
    0xAB35F5B5, 0xA01C4C72, 0xAB815F8C, 0x9FD9D22A, 0xABCCFD82, 0x9F979331, 0xAC18CF68, 0x9F558FB0,
    0xAC64D510, 0x9F13C7D0, 0xACB10E4A, 0x9ED23BB9, 0xACFD7AE8, 0x9E90EB94, 0xAD4A1ABA, 0x9E4FD789,
    0xAD96ED91, 0x9E0EFFC1, 0xADE3F33E, 0x9DCE6462, 0xAE312B91, 0x9D8E0596, 0xAE7E965B, 0x9D4DE384,
    0xAECC336B, 0x9D0DFE53, 0xAF1A0293, 0x9CCE562B, 0xAF6803A1, 0x9C8EEB33, 0xAFB63667, 0x9C4FBD92,
    0xB0049AB2, 0x9C10CD70, 0xB0533055, 0x9BD21AF2, 0xB0A1F71C, 0x9B93A640, 0xB0F0EEDA, 0x9B556F80,
    0xB140175B, 0x9B1776D9, 0xB18F7070, 0x9AD9BC71, 0xB1DEF9E8, 0x9A9C406D, 0xB22EB392, 0x9A5F02F5,
    0xB27E9D3B, 0x9A22042C, 0xB2CEB6B5, 0x99E5443A, 0xB31EFFCB, 0x99A8C344, 0xB36F784E, 0x996C816F,
    0xB3C0200C, 0x99307EE0, 0xB410F6D2, 0x98F4BBBC, 0xB461FC70, 0x98B93828, 0xB4B330B2, 0x987DF449,
    0xB5049368, 0x9842F043, 0xB556245E, 0x98082C3B, 0xB5A7E362, 0x97CDA855, 0xB5F9D042, 0x979364B5,
    0xB64BEACC, 0x9759617E, 0xB69E32CD, 0x971F9ED6, 0xB6F0A811, 0x96E61CDF, 0xB7434A67, 0x96ACDBBD,
    0xB796199B, 0x9673DB94, 0xB7E9157A, 0x963B1C85, 0xB83C3DD1, 0x96029EB5, 0xB88F926C, 0x95CA6246,
    0xB8E31319, 0x9592675B, 0xB936BFA3, 0x955AAE17, 0xB98A97D8, 0x9523369B, 0xB9DE9B83, 0x94EC010B,
    0xBA32CA70, 0x94B50D87, 0xBA87246C, 0x947E5C32, 0xBADBA943, 0x9447ED2F, 0xBB3058C0, 0x9411C09D,
    0xBB8532AF, 0x93DBD69F, 0xBBDA36DC, 0x93A62F56, 0xBC2F6513, 0x9370CAE4, 0xBC84BD1E, 0x933BA968,
    0xBCDA3ECA, 0x9306CB04, 0xBD2FE9E1, 0x92D22FD8, 0xBD85BE2F, 0x929DD805, 0xBDDBBB7F, 0x9269C3AC,
    0xBE31E19B, 0x9235F2EB, 0xBE88304F, 0x920265E4, 0xBEDEA765, 0x91CF1CB6, 0xBF3546A8, 0x919C1780,
    0xBF8C0DE2, 0x91695663, 0xBFE2FCDF, 0x9136D97D, 0xC03A1368, 0x9104A0ED, 0xC0915147, 0x90D2ACD3,
    0xC0E8B648, 0x90A0FD4E, 0xC1404233, 0x906F927B, 0xC197F4D3, 0x903E6C7A, 0xC1EFCDF2, 0x900D8B69,
    0xC247CD5A, 0x8FDCEF66, 0xC29FF2D4, 0x8FAC988E, 0xC2F83E2A, 0x8F7C8701, 0xC350AF25, 0x8F4CBADB,
    0xC3A9458F, 0x8F1D343A, 0xC4020132, 0x8EEDF33B, 0xC45AE1D7, 0x8EBEF7FB, 0xC4B3E746, 0x8E904298,
    0xC50D1148, 0x8E61D32D, 0xC5665FA8, 0x8E33A9D9, 0xC5BFD22E, 0x8E05C6B7, 0xC61968A2, 0x8DD829E4,
    0xC67322CD, 0x8DAAD37B, 0xC6CD0079, 0x8D7DC399, 0xC727016C, 0x8D50FA59, 0xC7812571, 0x8D2477D8,
    0xC7DB6C50, 0x8CF83C30, 0xC835D5D0, 0x8CCC477D, 0xC89061BA, 0x8CA099D9, 0xC8EB0FD6, 0x8C753361,
    0xC945DFEC, 0x8C4A142F, 0xC9A0D1C4, 0x8C1F3C5C, 0xC9FBE527, 0x8BF4AC05, 0xCA5719DB, 0x8BCA6342,
    0xCAB26FA9, 0x8BA0622F, 0xCB0DE658, 0x8B76A8E4, 0xCB697DB0, 0x8B4D377C, 0xCBC53578, 0x8B240E10,
    0xCC210D78, 0x8AFB2CBA, 0xCC7D0577, 0x8AD29393, 0xCCD91D3D, 0x8AAA42B4, 0xCD355490, 0x8A823A35,
    0xCD91AB38, 0x8A5A7A30, 0xCDEE20FC, 0x8A3302BD, 0xCE4AB5A2, 0x8A0BD3F5, 0xCEA768F2, 0x89E4EDEE,
    0xCF043AB2, 0x89BE50C3, 0xCF612AAA, 0x8997FC89, 0xCFBE389F, 0x8971F15A, 0xD01B6459, 0x894C2F4C,
    0xD078AD9D, 0x8926B677, 0xD0D61433, 0x890186F1, 0xD13397E1, 0x88DCA0D3, 0xD191386D, 0x88B80431,
    0xD1EEF59E, 0x8893B124, 0xD24CCF38, 0x886FA7C2, 0xD2AAC504, 0x884BE820, 0xD308D6C6, 0x88287255,
    0xD3670445, 0x88054677, 0xD3C54D46, 0x87E2649B, 0xD423B190, 0x87BFCCD7, 0xD48230E8, 0x879D7F40,
    0xD4E0CB14, 0x877B7BEC, 0xD53F7FDA, 0x8759C2EF, 0xD59E4EFE, 0x8738545E, 0xD5FD3847, 0x8717304E,
    0xD65C3B7B, 0x86F656D3, 0xD6BB585D, 0x86D5C802, 0xD71A8EB5, 0x86B583EE, 0xD779DE46, 0x86958AAB,
    0xD7D946D7, 0x8675DC4E, 0xD838C82D, 0x865678EA, 0xD898620C, 0x86376092, 0xD8F81439, 0x86189359,
    0xD957DE7A, 0x85FA1152, 0xD9B7C093, 0x85DBDA91, 0xDA17BA4A, 0x85BDEF27, 0xDA77CB62, 0x85A04F28,
    0xDAD7F3A2, 0x8582FAA4, 0xDB3832CD, 0x8565F1B0, 0xDB9888A8, 0x8549345C, 0xDBF8F4F8, 0x852CC2BA,
    0xDC597781, 0x85109CDC, 0xDCBA1008, 0x84F4C2D3, 0xDD1ABE51, 0x84D934B0, 0xDD7B8220, 0x84BDF285,
    0xDDDC5B3A, 0x84A2FC62, 0xDE3D4963, 0x84885257, 0xDE9E4C60, 0x846DF476, 0xDEFF63F4, 0x8453E2CE,
    0xDF608FE3, 0x843A1D70, 0xDFC1CFF2, 0x8420A46B, 0xE02323E5, 0x840777CF, 0xE0848B7F, 0x83EE97AC,
    0xE0E60684, 0x83D60411, 0xE14794B9, 0x83BDBD0D, 0xE1A935E1, 0x83A5C2B0, 0xE20AE9C1, 0x838E1507,
    0xE26CB01A, 0x8376B422, 0xE2CE88B2, 0x835FA00E, 0xE330734C, 0x8348D8DB, 0xE3926FAC, 0x83325E97,
    0xE3F47D95, 0x831C314E, 0xE4569CCB, 0x8306510F, 0xE4B8CD10, 0x82F0BDE8, 0xE51B0E2A, 0x82DB77E5,
    0xE57D5FDA, 0x82C67F13, 0xE5DFC1E4, 0x82B1D381, 0xE642340D, 0x829D753A, 0xE6A4B616, 0x8289644A,
    0xE70747C3, 0x8275A0C0, 0xE769E8D8, 0x82622AA5, 0xE7CC9917, 0x824F0208, 0xE82F5844, 0x823C26F2,
    0xE8922621, 0x82299971, 0xE8F50273, 0x8217598F, 0xE957ECFB, 0x82056758, 0xE9BAE57C, 0x81F3C2D7,
    0xEA1DEBBB, 0x81E26C16, 0xEA80FF79, 0x81D16320, 0xEAE4207A, 0x81C0A801, 0xEB474E80, 0x81B03AC1,
    0xEBAA894E, 0x81A01B6C, 0xEC0DD0A8, 0x81904A0C, 0xEC71244F, 0x8180C6A9, 0xECD48406, 0x8171914E,
    0xED37EF91, 0x8162AA03, 0xED9B66B2, 0x815410D3, 0xEDFEE92B, 0x8145C5C6, 0xEE6276BF, 0x8137C8E6,
    0xEEC60F31, 0x812A1A39, 0xEF29B243, 0x811CB9CA, 0xEF8D5FB8, 0x810FA7A0, 0xEFF11752, 0x8102E3C3,
    0xF054D8D4, 0x80F66E3C, 0xF0B8A401, 0x80EA4712, 0xF11C789A, 0x80DE6E4C, 0xF1805662, 0x80D2E3F1,
    0xF1E43D1C, 0x80C7A80A, 0xF2482C89, 0x80BCBA9C, 0xF2AC246D, 0x80B21BAF, 0xF310248A, 0x80A7CB49,
    0xF3742CA1, 0x809DC970, 0xF3D83C76, 0x8094162B, 0xF43C53CA, 0x808AB180, 0xF4A07260, 0x80819B74,
    0xF50497FA, 0x8078D40D, 0xF568C45A, 0x80705B50, 0xF5CCF743, 0x80683143, 0xF6313076, 0x806055EA,
    0xF6956FB6, 0x8058C94C, 0xF6F9B4C5, 0x80518B6B, 0xF75DFF65, 0x804A9C4D, 0xF7C24F58, 0x8043FBF6,
    0xF826A461, 0x803DAA69, 0xF88AFE41, 0x8037A7AC, 0xF8EF5CBB, 0x8031F3C1, 0xF953BF90, 0x802C8EAD,
    0xF9B82683, 0x80277872, 0xFA1C9156, 0x8022B113, 0xFA80FFCB, 0x801E3894, 0xFAE571A4, 0x801A0EF7,
    0xFB49E6A2, 0x80163440, 0xFBAE5E89, 0x8012A86F, 0xFC12D919, 0x800F6B88, 0xFC775616, 0x800C7D8C,
    0xFCDBD541, 0x8009DE7D, 0xFD40565B, 0x80078E5E, 0xFDA4D928, 0x80058D2E, 0xFE095D69, 0x8003DAF0,
    0xFE6DE2E0, 0x800277A5, 0xFED2694F, 0x8001634D, 0xFF36F078, 0x80009DE9, 0xFF9B781D, 0x8000277A,
];

pub const TWIDDLE_TABLE_4096_U32: [u32; 6144] = [
    0x7FFFFFFF, 0x00000000, 0x7FFFF621, 0x003243F5, 0x7FFFD885, 0x006487E3, 0x7FFFA72C, 0x0096CBC1,
    0x7FFF6216, 0x00C90F88, 0x7FFF0942, 0x00FB532F, 0x7FFE9CB2, 0x012D96B0, 0x7FFE1C64, 0x015FDA03,
    0x7FFD885A, 0x01921D1F, 0x7FFCE093, 0x01C45FFE, 0x7FFC250F, 0x01F6A296, 0x7FFB55CE, 0x0228E4E1,
    0x7FFA72D1, 0x025B26D7, 0x7FF97C17, 0x028D6870, 0x7FF871A1, 0x02BFA9A4, 0x7FF7536F, 0x02F1EA6B,
    0x7FF62182, 0x03242ABF, 0x7FF4DBD8, 0x03566A96, 0x7FF38273, 0x0388A9E9, 0x7FF21553, 0x03BAE8B1,
    0x7FF09477, 0x03ED26E6, 0x7FEEFFE1, 0x041F647F, 0x7FED5790, 0x0451A176, 0x7FEB9B85, 0x0483DDC3,
    0x7FE9CBC0, 0x04B6195D, 0x7FE7E840, 0x04E8543D, 0x7FE5F108, 0x051A8E5C, 0x7FE3E616, 0x054CC7B0,
    0x7FE1C76B, 0x057F0034, 0x7FDF9508, 0x05B137DF, 0x7FDD4EEC, 0x05E36EA9, 0x7FDAF518, 0x0615A48A,
    0x7FD8878D, 0x0647D97C, 0x7FD6064B, 0x067A0D75, 0x7FD37152, 0x06AC406F, 0x7FD0C8A3, 0x06DE7261,
    0x7FCE0C3E, 0x0710A344, 0x7FCB3C23, 0x0742D310, 0x7FC85853, 0x077501BE, 0x7FC560CF, 0x07A72F45,
    0x7FC25596, 0x07D95B9E, 0x7FBF36A9, 0x080B86C1, 0x7FBC040A, 0x083DB0A7, 0x7FB8BDB7, 0x086FD947,
    0x7FB563B2, 0x08A2009A, 0x7FB1F5FC, 0x08D42698, 0x7FAE7494, 0x09064B3A, 0x7FAADF7C, 0x09386E77,
    0x7FA736B4, 0x096A9049, 0x7FA37A3C, 0x099CB0A7, 0x7F9FAA15, 0x09CECF89, 0x7F9BC63F, 0x0A00ECE8,
    0x7F97CEBC, 0x0A3308BC, 0x7F93C38C, 0x0A6522FE, 0x7F8FA4AF, 0x0A973BA5, 0x7F8B7226, 0x0AC952AA,
    0x7F872BF3, 0x0AFB6805, 0x7F82D214, 0x0B2D7BAE, 0x7F7E648B, 0x0B5F8D9F, 0x7F79E35A, 0x0B919DCE,
    0x7F754E7F, 0x0BC3AC35, 0x7F70A5FD, 0x0BF5B8CB, 0x7F6BE9D4, 0x0C27C389, 0x7F671A04, 0x0C59CC67,
    0x7F62368F, 0x0C8BD35E, 0x7F5D3F75, 0x0CBDD865, 0x7F5834B6, 0x0CEFDB75, 0x7F531654, 0x0D21DC87,
    0x7F4DE450, 0x0D53DB92, 0x7F489EAA, 0x0D85D88F, 0x7F434563, 0x0DB7D376, 0x7F3DD87C, 0x0DE9CC3F,
    0x7F3857F5, 0x0E1BC2E3, 0x7F32C3D0, 0x0E4DB75B, 0x7F2D1C0E, 0x0E7FA99D, 0x7F2760AF, 0x0EB199A3,
    0x7F2191B4, 0x0EE38765, 0x7F1BAF1E, 0x0F1572DC, 0x7F15B8EE, 0x0F475BFE, 0x7F0FAF24, 0x0F7942C6,
    0x7F0991C3, 0x0FAB272B, 0x7F0360CB, 0x0FDD0925, 0x7EFD1C3C, 0x100EE8AD, 0x7EF6C418, 0x1040C5BB,
    0x7EF0585F, 0x1072A047, 0x7EE9D913, 0x10A4784A, 0x7EE34635, 0x10D64DBC, 0x7EDC9FC6, 0x11082096,
    0x7ED5E5C6, 0x1139F0CE, 0x7ECF1837, 0x116BBE5F, 0x7EC8371A, 0x119D8940, 0x7EC1426F, 0x11CF516A,
    0x7EBA3A39, 0x120116D4, 0x7EB31E77, 0x1232D978, 0x7EABEF2C, 0x1264994E, 0x7EA4AC58, 0x1296564D,
    0x7E9D55FC, 0x12C8106E, 0x7E95EC19, 0x12F9C7AA, 0x7E8E6EB1, 0x132B7BF9, 0x7E86DDC5, 0x135D2D53,
    0x7E7F3956, 0x138EDBB0, 0x7E778165, 0x13C0870A, 0x7E6FB5F3, 0x13F22F57, 0x7E67D702, 0x1423D492,
    0x7E5FE493, 0x145576B1, 0x7E57DEA6, 0x148715AD, 0x7E4FC53E, 0x14B8B17F, 0x7E47985B, 0x14EA4A1F,
    0x7E3F57FE, 0x151BDF85, 0x7E37042A, 0x154D71AA, 0x7E2E9CDF, 0x157F0086, 0x7E26221E, 0x15B08C11,
    0x7E1D93E9, 0x15E21444, 0x7E14F242, 0x16139917, 0x7E0C3D29, 0x16451A83, 0x7E03749F, 0x1676987F,
    0x7DFA98A7, 0x16A81305, 0x7DF1A942, 0x16D98A0C, 0x7DE8A670, 0x170AFD8D, 0x7DDF9034, 0x173C6D80,
    0x7DD6668E, 0x176DD9DE, 0x7DCD2981, 0x179F429F, 0x7DC3D90D, 0x17D0A7BB, 0x7DBA7534, 0x1802092C,
    0x7DB0FDF7, 0x183366E8, 0x7DA77359, 0x1864C0E9, 0x7D9DD55A, 0x18961727, 0x7D9423FB, 0x18C7699B,
    0x7D8A5F3F, 0x18F8B83C, 0x7D808727, 0x192A0303, 0x7D769BB5, 0x195B49E9, 0x7D6C9CE9, 0x198C8CE6,
    0x7D628AC5, 0x19BDCBF2, 0x7D58654C, 0x19EF0706, 0x7D4E2C7E, 0x1A203E1B, 0x7D43E05E, 0x1A517127,
    0x7D3980EC, 0x1A82A025, 0x7D2F0E2A, 0x1AB3CB0C, 0x7D24881A, 0x1AE4F1D6, 0x7D19EEBE, 0x1B161479,
    0x7D0F4218, 0x1B4732EF, 0x7D048228, 0x1B784D30, 0x7CF9AEF0, 0x1BA96334, 0x7CEEC873, 0x1BDA74F5,
    0x7CE3CEB1, 0x1C0B826A, 0x7CD8C1AD, 0x1C3C8B8C, 0x7CCDA168, 0x1C6D9053, 0x7CC26DE5, 0x1C9E90B8,
    0x7CB72724, 0x1CCF8CB3, 0x7CABCD27, 0x1D00843C, 0x7CA05FF1, 0x1D31774D, 0x7C94DF82, 0x1D6265DD,
    0x7C894BDD, 0x1D934FE5, 0x7C7DA504, 0x1DC4355D, 0x7C71EAF8, 0x1DF5163F, 0x7C661DBB, 0x1E25F281,
    0x7C5A3D4F, 0x1E56CA1E, 0x7C4E49B6, 0x1E879D0C, 0x7C4242F2, 0x1EB86B46, 0x7C362904, 0x1EE934C2,
    0x7C29FBEE, 0x1F19F97B, 0x7C1DBBB2, 0x1F4AB967, 0x7C116853, 0x1F7B7480, 0x7C0501D1, 0x1FAC2ABF,
    0x7BF88830, 0x1FDCDC1A, 0x7BEBFB70, 0x200D888C, 0x7BDF5B94, 0x203E300D, 0x7BD2A89E, 0x206ED295,
    0x7BC5E28F, 0x209F701C, 0x7BB9096A, 0x20D0089B, 0x7BAC1D31, 0x21009C0B, 0x7B9F1DE5, 0x21312A65,
    0x7B920B89, 0x2161B39F, 0x7B84E61E, 0x219237B4, 0x7B77ADA8, 0x21C2B69C, 0x7B6A6227, 0x21F3304E,
    0x7B5D039D, 0x2223A4C5, 0x7B4F920E, 0x225413F8, 0x7B420D7A, 0x22847DDF, 0x7B3475E4, 0x22B4E274,
    0x7B26CB4F, 0x22E541AE, 0x7B190DBB, 0x23159B87, 0x7B0B3D2C, 0x2345EFF7, 0x7AFD59A3, 0x23763EF7,
    0x7AEF6323, 0x23A6887E, 0x7AE159AE, 0x23D6CC86, 0x7AD33D45, 0x24070B07, 0x7AC50DEB, 0x243743FA,
    0x7AB6CBA3, 0x24677757, 0x7AA8766E, 0x2497A517, 0x7A9A0E4F, 0x24C7CD32, 0x7A8B9348, 0x24F7EFA1,
    0x7A7D055B, 0x25280C5D, 0x7A6E648A, 0x2558235E, 0x7A5FB0D8, 0x2588349D, 0x7A50EA46, 0x25B84012,
    0x7A4210D8, 0x25E845B5, 0x7A33248F, 0x26184581, 0x7A24256E, 0x26483F6C, 0x7A151377, 0x26783370,
    0x7A05EEAD, 0x26A82185, 0x79F6B711, 0x26D809A5, 0x79E76CA6, 0x2707EBC6, 0x79D80F6F, 0x2737C7E3,
    0x79C89F6D, 0x27679DF4, 0x79B91CA4, 0x27976DF1, 0x79A98715, 0x27C737D2, 0x7999DEC3, 0x27F6FB92,
    0x798A23B1, 0x2826B928, 0x797A55E0, 0x2856708C, 0x796A7554, 0x288621B9, 0x795A820E, 0x28B5CCA5,
    0x794A7C11, 0x28E5714A, 0x793A6360, 0x29150FA1, 0x792A37FE, 0x2944A7A2, 0x7919F9EB, 0x29743945,
    0x7909A92C, 0x29A3C484, 0x78F945C3, 0x29D34958, 0x78E8CFB1, 0x2A02C7B8, 0x78D846FB, 0x2A323F9D,
    0x78C7ABA1, 0x2A61B101, 0x78B6FDA8, 0x2A911BDB, 0x78A63D10, 0x2AC08025, 0x789569DE, 0x2AEFDDD8,
    0x78848413, 0x2B1F34EB, 0x78738BB3, 0x2B4E8558, 0x786280BF, 0x2B7DCF17, 0x7851633B, 0x2BAD1221,
    0x78403328, 0x2BDC4E6F, 0x782EF08B, 0x2C0B83F9, 0x781D9B64, 0x2C3AB2B9, 0x780C33B8, 0x2C69DAA6,
    0x77FAB988, 0x2C98FBBA, 0x77E92CD8, 0x2CC815ED, 0x77D78DAA, 0x2CF72939, 0x77C5DC01, 0x2D263595,
    0x77B417DF, 0x2D553AFB, 0x77A24148, 0x2D843963, 0x7790583D, 0x2DB330C7, 0x777E5CC3, 0x2DE2211E,
    0x776C4EDB, 0x2E110A62, 0x775A2E88, 0x2E3FEC8B, 0x7747FBCE, 0x2E6EC792, 0x7735B6AE, 0x2E9D9B70,
    0x77235F2D, 0x2ECC681E, 0x7710F54B, 0x2EFB2D94, 0x76FE790E, 0x2F29EBCC, 0x76EBEA77, 0x2F58A2BD,
    0x76D94988, 0x2F875262, 0x76C69646, 0x2FB5FAB2, 0x76B3D0B3, 0x2FE49BA6, 0x76A0F8D2, 0x30133538,
    0x768E0EA5, 0x3041C760, 0x767B1230, 0x30705217, 0x76680376, 0x309ED555, 0x7654E279, 0x30CD5114,
    0x7641AF3C, 0x30FBC54D, 0x762E69C3, 0x312A31F8, 0x761B1211, 0x3158970D, 0x7607A827, 0x3186F487,
    0x75F42C0A, 0x31B54A5D, 0x75E09DBD, 0x31E39889, 0x75CCFD42, 0x3211DF03, 0x75B94A9C, 0x32401DC5,
    0x75A585CF, 0x326E54C7, 0x7591AEDD, 0x329C8402, 0x757DC5CA, 0x32CAAB6F, 0x7569CA98, 0x32F8CB07,
    0x7555BD4B, 0x3326E2C2, 0x75419DE6, 0x3354F29A, 0x752D6C6C, 0x3382FA88, 0x751928E0, 0x33B0FA84,
    0x7504D345, 0x33DEF287, 0x74F06B9E, 0x340CE28A, 0x74DBF1EF, 0x343ACA87, 0x74C7663A, 0x3468AA76,
    0x74B2C883, 0x3496824F, 0x749E18CD, 0x34C4520D, 0x7489571B, 0x34F219A7, 0x74748371, 0x351FD917,
    0x745F9DD1, 0x354D9056, 0x744AA63E, 0x357B3F5D, 0x74359CBD, 0x35A8E624, 0x74208150, 0x35D684A5,
    0x740B53FA, 0x36041AD9, 0x73F614C0, 0x3631A8B7, 0x73E0C3A3, 0x365F2E3B, 0x73CB60A7, 0x368CAB5C,
    0x73B5EBD0, 0x36BA2013, 0x73A06522, 0x36E78C5A, 0x738ACC9E, 0x3714F02A, 0x73752249, 0x37424B7A,
    0x735F6626, 0x376F9E46, 0x73499838, 0x379CE884, 0x7333B883, 0x37CA2A30, 0x731DC709, 0x37F76340,
    0x7307C3D0, 0x382493B0, 0x72F1AED8, 0x3851BB76, 0x72DB8828, 0x387EDA8E, 0x72C54FC0, 0x38ABF0EF,
    0x72AF05A6, 0x38D8FE93, 0x7298A9DC, 0x39060372, 0x72823C66, 0x3932FF87, 0x726BBD48, 0x395FF2C9,
    0x72552C84, 0x398CDD32, 0x723E8A1F, 0x39B9BEBB, 0x7227D61C, 0x39E6975D, 0x7211107D, 0x3A136712,
    0x71FA3948, 0x3A402DD1, 0x71E3507F, 0x3A6CEB95, 0x71CC5626, 0x3A99A057, 0x71B54A40, 0x3AC64C0F,
    0x719E2CD2, 0x3AF2EEB7, 0x7186FDDE, 0x3B1F8847, 0x716FBD68, 0x3B4C18BA, 0x71586B73, 0x3B78A007,
    0x71410804, 0x3BA51E29, 0x7129931E, 0x3BD19317, 0x71120CC5, 0x3BFDFECD, 0x70FA74FB, 0x3C2A6142,
    0x70E2CBC6, 0x3C56BA70, 0x70CB1127, 0x3C830A4F, 0x70B34524, 0x3CAF50DA, 0x709B67C0, 0x3CDB8E09,
    0x708378FE, 0x3D07C1D5, 0x706B78E3, 0x3D33EC39, 0x70536771, 0x3D600D2B, 0x703B44AC, 0x3D8C24A7,
    0x70231099, 0x3DB832A5, 0x700ACB3B, 0x3DE4371F, 0x6FF27496, 0x3E10320D, 0x6FDA0CAD, 0x3E3C2369,
    0x6FC19385, 0x3E680B2C, 0x6FA90920, 0x3E93E94F, 0x6F906D84, 0x3EBFBDCC, 0x6F77C0B3, 0x3EEB889C,
    0x6F5F02B1, 0x3F1749B7, 0x6F463383, 0x3F430118, 0x6F2D532C, 0x3F6EAEB8, 0x6F1461AF, 0x3F9A528F,
    0x6EFB5F12, 0x3FC5EC97, 0x6EE24B57, 0x3FF17CCA, 0x6EC92682, 0x401D0320, 0x6EAFF098, 0x40487F93,
    0x6E96A99C, 0x4073F21D, 0x6E7D5193, 0x409F5AB6, 0x6E63E87F, 0x40CAB957, 0x6E4A6E65, 0x40F60DFB,
    0x6E30E349, 0x4121589A, 0x6E17472F, 0x414C992E, 0x6DFD9A1B, 0x4177CFB0, 0x6DE3DC11, 0x41A2FC1A,
    0x6DCA0D14, 0x41CE1E64, 0x6DB02D29, 0x41F93688, 0x6D963C54, 0x42244480, 0x6D7C3A98, 0x424F4845,
    0x6D6227FA, 0x427A41D0, 0x6D48047E, 0x42A5311A, 0x6D2DD027, 0x42D0161E, 0x6D138AFA, 0x42FAF0D4,
    0x6CF934FB, 0x4325C135, 0x6CDECE2E, 0x4350873C, 0x6CC45697, 0x437B42E1, 0x6CA9CE3A, 0x43A5F41E,
    0x6C8F351C, 0x43D09AEC, 0x6C748B3F, 0x43FB3745, 0x6C59D0A9, 0x4425C923, 0x6C3F055D, 0x4450507E,
    0x6C242960, 0x447ACD50, 0x6C093CB6, 0x44A53F93, 0x6BEE3F62, 0x44CFA73F, 0x6BD3316A, 0x44FA044F,
    0x6BB812D0, 0x452456BC, 0x6B9CE39B, 0x454E9E80, 0x6B81A3CD, 0x4578DB93, 0x6B66536A, 0x45A30DF0,
    0x6B4AF278, 0x45CD358F, 0x6B2F80FA, 0x45F7526B, 0x6B13FEF5, 0x4621647C, 0x6AF86C6C, 0x464B6BBD,
    0x6ADCC964, 0x46756827, 0x6AC115E1, 0x469F59B4, 0x6AA551E8, 0x46C9405C, 0x6A897D7D, 0x46F31C1A,
    0x6A6D98A4, 0x471CECE6, 0x6A51A361, 0x4746B2BC, 0x6A359DB9, 0x47706D93, 0x6A1987B0, 0x479A1D66,
    0x69FD614A, 0x47C3C22E, 0x69E12A8C, 0x47ED5BE6, 0x69C4E37A, 0x4816EA85, 0x69A88C18, 0x48406E07,
    0x698C246C, 0x4869E664, 0x696FAC78, 0x48935397, 0x69532442, 0x48BCB598, 0x69368BCE, 0x48E60C62,
    0x6919E320, 0x490F57EE, 0x68FD2A3D, 0x49389836, 0x68E06129, 0x4961CD32, 0x68C387E9, 0x498AF6DE,
    0x68A69E81, 0x49B41533, 0x6889A4F5, 0x49DD282A, 0x686C9B4B, 0x4A062FBD, 0x684F8186, 0x4A2F2BE5,
    0x683257AA, 0x4A581C9D, 0x68151DBE, 0x4A8101DE, 0x67F7D3C4, 0x4AA9DBA1, 0x67DA79C2, 0x4AD2A9E1,
    0x67BD0FBC, 0x4AFB6C97, 0x679F95B7, 0x4B2423BD, 0x67820BB6, 0x4B4CCF4D, 0x676471C0, 0x4B756F3F,
    0x6746C7D7, 0x4B9E038F, 0x67290E02, 0x4BC68C36, 0x670B4443, 0x4BEF092D, 0x66ED6AA1, 0x4C177A6E,
    0x66CF811F, 0x4C3FDFF3, 0x66B187C3, 0x4C6839B6, 0x66937E90, 0x4C9087B1, 0x6675658C, 0x4CB8C9DD,
    0x66573CBB, 0x4CE10034, 0x66390422, 0x4D092AB0, 0x661ABBC5, 0x4D31494B, 0x65FC63A9, 0x4D595BFE,
    0x65DDFBD3, 0x4D8162C4, 0x65BF8447, 0x4DA95D96, 0x65A0FD0B, 0x4DD14C6E, 0x65826622, 0x4DF92F45,
    0x6563BF92, 0x4E210617, 0x6545095F, 0x4E48D0DC, 0x6526438E, 0x4E708F8F, 0x65076E24, 0x4E984229,
    0x64E88926, 0x4EBFE8A4, 0x64C99498, 0x4EE782FA, 0x64AA907F, 0x4F0F1126, 0x648B7CDF, 0x4F369320,
    0x646C59BF, 0x4F5E08E3, 0x644D2722, 0x4F857268, 0x642DE50D, 0x4FACCFAB, 0x640E9385, 0x4FD420A3,
    0x63EF328F, 0x4FFB654D, 0x63CFC230, 0x50229DA0, 0x63B0426D, 0x5049C999, 0x6390B34A, 0x5070E92F,
    0x637114CC, 0x5097FC5E, 0x635166F8, 0x50BF031F, 0x6331A9D4, 0x50E5FD6C, 0x6311DD63, 0x510CEB40,
    0x62F201AC, 0x5133CC94, 0x62D216B2, 0x515AA162, 0x62B21C7B, 0x518169A4, 0x6292130C, 0x51A82555,
    0x6271FA69, 0x51CED46E, 0x6251D297, 0x51F576E9, 0x62319B9D, 0x521C0CC1, 0x6211557D, 0x524295EF,
    0x61F1003E, 0x5269126E, 0x61D09BE5, 0x528F8237, 0x61B02876, 0x52B5E545, 0x618FA5F6, 0x52DC3B92,
    0x616F146B, 0x53028517, 0x614E73D9, 0x5328C1D0, 0x612DC446, 0x534EF1B5, 0x610D05B7, 0x537514C1,
    0x60EC3830, 0x539B2AEF, 0x60CB5BB6, 0x53C13438, 0x60AA704F, 0x53E73097, 0x60897600, 0x540D2005,
    0x60686CCE, 0x5433027D, 0x604754BE, 0x5458D7F9, 0x60262DD5, 0x547EA073, 0x6004F818, 0x54A45BE5,
    0x5FE3B38D, 0x54CA0A4A, 0x5FC26038, 0x54EFAB9C, 0x5FA0FE1E, 0x55153FD4, 0x5F7F8D46, 0x553AC6ED,
    0x5F5E0DB3, 0x556040E2, 0x5F3C7F6B, 0x5585ADAC, 0x5F1AE273, 0x55AB0D46, 0x5EF936D1, 0x55D05FAA,
    0x5ED77C89, 0x55F5A4D2, 0x5EB5B3A1, 0x561ADCB8, 0x5E93DC1F, 0x56400757, 0x5E71F606, 0x566524AA,
    0x5E50015D, 0x568A34A9, 0x5E2DFE28, 0x56AF3750, 0x5E0BEC6E, 0x56D42C99, 0x5DE9CC32, 0x56F9147E,
    0x5DC79D7C, 0x571DEEF9, 0x5DA5604E, 0x5742BC05, 0x5D8314B0, 0x57677B9D, 0x5D60BAA6, 0x578C2DB9,
    0x5D3E5236, 0x57B0D256, 0x5D1BDB65, 0x57D5696C, 0x5CF95638, 0x57F9F2F7, 0x5CD6C2B4, 0x581E6EF1,
    0x5CB420DF, 0x5842DD54, 0x5C9170BF, 0x58673E1B, 0x5C6EB258, 0x588B913F, 0x5C4BE5B0, 0x58AFD6BC,
    0x5C290ACC, 0x58D40E8C, 0x5C0621B2, 0x58F838A9, 0x5BE32A67, 0x591C550E, 0x5BC024F0, 0x594063B4,
    0x5B9D1153, 0x59646497, 0x5B79EF96, 0x598857B1, 0x5B56BFBD, 0x59AC3CFD, 0x5B3381CE, 0x59D01474,
    0x5B1035CF, 0x59F3DE12, 0x5AECDBC4, 0x5A1799D0, 0x5AC973B4, 0x5A3B47AA, 0x5AA5FDA4, 0x5A5EE79A,
    0x5A82799A, 0x5A82799A, 0x5A5EE79A, 0x5AA5FDA4, 0x5A3B47AA, 0x5AC973B4, 0x5A1799D0, 0x5AECDBC4,
    0x59F3DE12, 0x5B1035CF, 0x59D01474, 0x5B3381CE, 0x59AC3CFD, 0x5B56BFBD, 0x598857B1, 0x5B79EF96,
    0x59646497, 0x5B9D1153, 0x594063B4, 0x5BC024F0, 0x591C550E, 0x5BE32A67, 0x58F838A9, 0x5C0621B2,
    0x58D40E8C, 0x5C290ACC, 0x58AFD6BC, 0x5C4BE5B0, 0x588B913F, 0x5C6EB258, 0x58673E1B, 0x5C9170BF,
    0x5842DD54, 0x5CB420DF, 0x581E6EF1, 0x5CD6C2B4, 0x57F9F2F7, 0x5CF95638, 0x57D5696C, 0x5D1BDB65,
    0x57B0D256, 0x5D3E5236, 0x578C2DB9, 0x5D60BAA6, 0x57677B9D, 0x5D8314B0, 0x5742BC05, 0x5DA5604E,
    0x571DEEF9, 0x5DC79D7C, 0x56F9147E, 0x5DE9CC32, 0x56D42C99, 0x5E0BEC6E, 0x56AF3750, 0x5E2DFE28,
    0x568A34A9, 0x5E50015D, 0x566524AA, 0x5E71F606, 0x56400757, 0x5E93DC1F, 0x561ADCB8, 0x5EB5B3A1,
    0x55F5A4D2, 0x5ED77C89, 0x55D05FAA, 0x5EF936D1, 0x55AB0D46, 0x5F1AE273, 0x5585ADAC, 0x5F3C7F6B,
    0x556040E2, 0x5F5E0DB3, 0x553AC6ED, 0x5F7F8D46, 0x55153FD4, 0x5FA0FE1E, 0x54EFAB9C, 0x5FC26038,
    0x54CA0A4A, 0x5FE3B38D, 0x54A45BE5, 0x6004F818, 0x547EA073, 0x60262DD5, 0x5458D7F9, 0x604754BE,
    0x5433027D, 0x60686CCE, 0x540D2005, 0x60897600, 0x53E73097, 0x60AA704F, 0x53C13438, 0x60CB5BB6,
    0x539B2AEF, 0x60EC3830, 0x537514C1, 0x610D05B7, 0x534EF1B5, 0x612DC446, 0x5328C1D0, 0x614E73D9,
    0x53028517, 0x616F146B, 0x52DC3B92, 0x618FA5F6, 0x52B5E545, 0x61B02876, 0x528F8237, 0x61D09BE5,
    0x5269126E, 0x61F1003E, 0x524295EF, 0x6211557D, 0x521C0CC1, 0x62319B9D, 0x51F576E9, 0x6251D297,
    0x51CED46E, 0x6271FA69, 0x51A82555, 0x6292130C, 0x518169A4, 0x62B21C7B, 0x515AA162, 0x62D216B2,
    0x5133CC94, 0x62F201AC, 0x510CEB40, 0x6311DD63, 0x50E5FD6C, 0x6331A9D4, 0x50BF031F, 0x635166F8,
    0x5097FC5E, 0x637114CC, 0x5070E92F, 0x6390B34A, 0x5049C999, 0x63B0426D, 0x50229DA0, 0x63CFC230,
    0x4FFB654D, 0x63EF328F, 0x4FD420A3, 0x640E9385, 0x4FACCFAB, 0x642DE50D, 0x4F857268, 0x644D2722,
    0x4F5E08E3, 0x646C59BF, 0x4F369320, 0x648B7CDF, 0x4F0F1126, 0x64AA907F, 0x4EE782FA, 0x64C99498,
    0x4EBFE8A4, 0x64E88926, 0x4E984229, 0x65076E24, 0x4E708F8F, 0x6526438E, 0x4E48D0DC, 0x6545095F,
    0x4E210617, 0x6563BF92, 0x4DF92F45, 0x65826622, 0x4DD14C6E, 0x65A0FD0B, 0x4DA95D96, 0x65BF8447,
    0x4D8162C4, 0x65DDFBD3, 0x4D595BFE, 0x65FC63A9, 0x4D31494B, 0x661ABBC5, 0x4D092AB0, 0x66390422,
    0x4CE10034, 0x66573CBB, 0x4CB8C9DD, 0x6675658C, 0x4C9087B1, 0x66937E90, 0x4C6839B6, 0x66B187C3,
    0x4C3FDFF3, 0x66CF811F, 0x4C177A6E, 0x66ED6AA1, 0x4BEF092D, 0x670B4443, 0x4BC68C36, 0x67290E02,
    0x4B9E038F, 0x6746C7D7, 0x4B756F3F, 0x676471C0, 0x4B4CCF4D, 0x67820BB6, 0x4B2423BD, 0x679F95B7,
    0x4AFB6C97, 0x67BD0FBC, 0x4AD2A9E1, 0x67DA79C2, 0x4AA9DBA1, 0x67F7D3C4, 0x4A8101DE, 0x68151DBE,
    0x4A581C9D, 0x683257AA, 0x4A2F2BE5, 0x684F8186, 0x4A062FBD, 0x686C9B4B, 0x49DD282A, 0x6889A4F5,
    0x49B41533, 0x68A69E81, 0x498AF6DE, 0x68C387E9, 0x4961CD32, 0x68E06129, 0x49389836, 0x68FD2A3D,
    0x490F57EE, 0x6919E320, 0x48E60C62, 0x69368BCE, 0x48BCB598, 0x69532442, 0x48935397, 0x696FAC78,
    0x4869E664, 0x698C246C, 0x48406E07, 0x69A88C18, 0x4816EA85, 0x69C4E37A, 0x47ED5BE6, 0x69E12A8C,
    0x47C3C22E, 0x69FD614A, 0x479A1D66, 0x6A1987B0, 0x47706D93, 0x6A359DB9, 0x4746B2BC, 0x6A51A361,
    0x471CECE6, 0x6A6D98A4, 0x46F31C1A, 0x6A897D7D, 0x46C9405C, 0x6AA551E8, 0x469F59B4, 0x6AC115E1,
    0x46756827, 0x6ADCC964, 0x464B6BBD, 0x6AF86C6C, 0x4621647C, 0x6B13FEF5, 0x45F7526B, 0x6B2F80FA,
    0x45CD358F, 0x6B4AF278, 0x45A30DF0, 0x6B66536A, 0x4578DB93, 0x6B81A3CD, 0x454E9E80, 0x6B9CE39B,
    0x452456BC, 0x6BB812D0, 0x44FA044F, 0x6BD3316A, 0x44CFA73F, 0x6BEE3F62, 0x44A53F93, 0x6C093CB6,
    0x447ACD50, 0x6C242960, 0x4450507E, 0x6C3F055D, 0x4425C923, 0x6C59D0A9, 0x43FB3745, 0x6C748B3F,
    0x43D09AEC, 0x6C8F351C, 0x43A5F41E, 0x6CA9CE3A, 0x437B42E1, 0x6CC45697, 0x4350873C, 0x6CDECE2E,
    0x4325C135, 0x6CF934FB, 0x42FAF0D4, 0x6D138AFA, 0x42D0161E, 0x6D2DD027, 0x42A5311A, 0x6D48047E,
    0x427A41D0, 0x6D6227FA, 0x424F4845, 0x6D7C3A98, 0x42244480, 0x6D963C54, 0x41F93688, 0x6DB02D29,
    0x41CE1E64, 0x6DCA0D14, 0x41A2FC1A, 0x6DE3DC11, 0x4177CFB0, 0x6DFD9A1B, 0x414C992E, 0x6E17472F,
    0x4121589A, 0x6E30E349, 0x40F60DFB, 0x6E4A6E65, 0x40CAB957, 0x6E63E87F, 0x409F5AB6, 0x6E7D5193,
    0x4073F21D, 0x6E96A99C, 0x40487F93, 0x6EAFF098, 0x401D0320, 0x6EC92682, 0x3FF17CCA, 0x6EE24B57,
    0x3FC5EC97, 0x6EFB5F12, 0x3F9A528F, 0x6F1461AF, 0x3F6EAEB8, 0x6F2D532C, 0x3F430118, 0x6F463383,
    0x3F1749B7, 0x6F5F02B1, 0x3EEB889C, 0x6F77C0B3, 0x3EBFBDCC, 0x6F906D84, 0x3E93E94F, 0x6FA90920,
    0x3E680B2C, 0x6FC19385, 0x3E3C2369, 0x6FDA0CAD, 0x3E10320D, 0x6FF27496, 0x3DE4371F, 0x700ACB3B,
    0x3DB832A5, 0x70231099, 0x3D8C24A7, 0x703B44AC, 0x3D600D2B, 0x70536771, 0x3D33EC39, 0x706B78E3,
    0x3D07C1D5, 0x708378FE, 0x3CDB8E09, 0x709B67C0, 0x3CAF50DA, 0x70B34524, 0x3C830A4F, 0x70CB1127,
    0x3C56BA70, 0x70E2CBC6, 0x3C2A6142, 0x70FA74FB, 0x3BFDFECD, 0x71120CC5, 0x3BD19317, 0x7129931E,
    0x3BA51E29, 0x71410804, 0x3B78A007, 0x71586B73, 0x3B4C18BA, 0x716FBD68, 0x3B1F8847, 0x7186FDDE,
    0x3AF2EEB7, 0x719E2CD2, 0x3AC64C0F, 0x71B54A40, 0x3A99A057, 0x71CC5626, 0x3A6CEB95, 0x71E3507F,
    0x3A402DD1, 0x71FA3948, 0x3A136712, 0x7211107D, 0x39E6975D, 0x7227D61C, 0x39B9BEBB, 0x723E8A1F,
    0x398CDD32, 0x72552C84, 0x395FF2C9, 0x726BBD48, 0x3932FF87, 0x72823C66, 0x39060372, 0x7298A9DC,
    0x38D8FE93, 0x72AF05A6, 0x38ABF0EF, 0x72C54FC0, 0x387EDA8E, 0x72DB8828, 0x3851BB76, 0x72F1AED8,
    0x382493B0, 0x7307C3D0, 0x37F76340, 0x731DC709, 0x37CA2A30, 0x7333B883, 0x379CE884, 0x73499838,
    0x376F9E46, 0x735F6626, 0x37424B7A, 0x73752249, 0x3714F02A, 0x738ACC9E, 0x36E78C5A, 0x73A06522,
    0x36BA2013, 0x73B5EBD0, 0x368CAB5C, 0x73CB60A7, 0x365F2E3B, 0x73E0C3A3, 0x3631A8B7, 0x73F614C0,
    0x36041AD9, 0x740B53FA, 0x35D684A5, 0x74208150, 0x35A8E624, 0x74359CBD, 0x357B3F5D, 0x744AA63E,
    0x354D9056, 0x745F9DD1, 0x351FD917, 0x74748371, 0x34F219A7, 0x7489571B, 0x34C4520D, 0x749E18CD,
    0x3496824F, 0x74B2C883, 0x3468AA76, 0x74C7663A, 0x343ACA87, 0x74DBF1EF, 0x340CE28A, 0x74F06B9E,
    0x33DEF287, 0x7504D345, 0x33B0FA84, 0x751928E0, 0x3382FA88, 0x752D6C6C, 0x3354F29A, 0x75419DE6,
    0x3326E2C2, 0x7555BD4B, 0x32F8CB07, 0x7569CA98, 0x32CAAB6F, 0x757DC5CA, 0x329C8402, 0x7591AEDD,
    0x326E54C7, 0x75A585CF, 0x32401DC5, 0x75B94A9C, 0x3211DF03, 0x75CCFD42, 0x31E39889, 0x75E09DBD,
    0x31B54A5D, 0x75F42C0A, 0x3186F487, 0x7607A827, 0x3158970D, 0x761B1211, 0x312A31F8, 0x762E69C3,
    0x30FBC54D, 0x7641AF3C, 0x30CD5114, 0x7654E279, 0x309ED555, 0x76680376, 0x30705217, 0x767B1230,
    0x3041C760, 0x768E0EA5, 0x30133538, 0x76A0F8D2, 0x2FE49BA6, 0x76B3D0B3, 0x2FB5FAB2, 0x76C69646,
    0x2F875262, 0x76D94988, 0x2F58A2BD, 0x76EBEA77, 0x2F29EBCC, 0x76FE790E, 0x2EFB2D94, 0x7710F54B,
    0x2ECC681E, 0x77235F2D, 0x2E9D9B70, 0x7735B6AE, 0x2E6EC792, 0x7747FBCE, 0x2E3FEC8B, 0x775A2E88,
    0x2E110A62, 0x776C4EDB, 0x2DE2211E, 0x777E5CC3, 0x2DB330C7, 0x7790583D, 0x2D843963, 0x77A24148,
    0x2D553AFB, 0x77B417DF, 0x2D263595, 0x77C5DC01, 0x2CF72939, 0x77D78DAA, 0x2CC815ED, 0x77E92CD8,
    0x2C98FBBA, 0x77FAB988, 0x2C69DAA6, 0x780C33B8, 0x2C3AB2B9, 0x781D9B64, 0x2C0B83F9, 0x782EF08B,
    0x2BDC4E6F, 0x78403328, 0x2BAD1221, 0x7851633B, 0x2B7DCF17, 0x786280BF, 0x2B4E8558, 0x78738BB3,
    0x2B1F34EB, 0x78848413, 0x2AEFDDD8, 0x789569DE, 0x2AC08025, 0x78A63D10, 0x2A911BDB, 0x78B6FDA8,
    0x2A61B101, 0x78C7ABA1, 0x2A323F9D, 0x78D846FB, 0x2A02C7B8, 0x78E8CFB1, 0x29D34958, 0x78F945C3,
    0x29A3C484, 0x7909A92C, 0x29743945, 0x7919F9EB, 0x2944A7A2, 0x792A37FE, 0x29150FA1, 0x793A6360,
    0x28E5714A, 0x794A7C11, 0x28B5CCA5, 0x795A820E, 0x288621B9, 0x796A7554, 0x2856708C, 0x797A55E0,
    0x2826B928, 0x798A23B1, 0x27F6FB92, 0x7999DEC3, 0x27C737D2, 0x79A98715, 0x27976DF1, 0x79B91CA4,
    0x27679DF4, 0x79C89F6D, 0x2737C7E3, 0x79D80F6F, 0x2707EBC6, 0x79E76CA6, 0x26D809A5, 0x79F6B711,
    0x26A82185, 0x7A05EEAD, 0x26783370, 0x7A151377, 0x26483F6C, 0x7A24256E, 0x26184581, 0x7A33248F,
    0x25E845B5, 0x7A4210D8, 0x25B84012, 0x7A50EA46, 0x2588349D, 0x7A5FB0D8, 0x2558235E, 0x7A6E648A,
    0x25280C5D, 0x7A7D055B, 0x24F7EFA1, 0x7A8B9348, 0x24C7CD32, 0x7A9A0E4F, 0x2497A517, 0x7AA8766E,
    0x24677757, 0x7AB6CBA3, 0x243743FA, 0x7AC50DEB, 0x24070B07, 0x7AD33D45, 0x23D6CC86, 0x7AE159AE,
    0x23A6887E, 0x7AEF6323, 0x23763EF7, 0x7AFD59A3, 0x2345EFF7, 0x7B0B3D2C, 0x23159B87, 0x7B190DBB,
    0x22E541AE, 0x7B26CB4F, 0x22B4E274, 0x7B3475E4, 0x22847DDF, 0x7B420D7A, 0x225413F8, 0x7B4F920E,
    0x2223A4C5, 0x7B5D039D, 0x21F3304E, 0x7B6A6227, 0x21C2B69C, 0x7B77ADA8, 0x219237B4, 0x7B84E61E,
    0x2161B39F, 0x7B920B89, 0x21312A65, 0x7B9F1DE5, 0x21009C0B, 0x7BAC1D31, 0x20D0089B, 0x7BB9096A,
    0x209F701C, 0x7BC5E28F, 0x206ED295, 0x7BD2A89E, 0x203E300D, 0x7BDF5B94, 0x200D888C, 0x7BEBFB70,
    0x1FDCDC1A, 0x7BF88830, 0x1FAC2ABF, 0x7C0501D1, 0x1F7B7480, 0x7C116853, 0x1F4AB967, 0x7C1DBBB2,
    0x1F19F97B, 0x7C29FBEE, 0x1EE934C2, 0x7C362904, 0x1EB86B46, 0x7C4242F2, 0x1E879D0C, 0x7C4E49B6,
    0x1E56CA1E, 0x7C5A3D4F, 0x1E25F281, 0x7C661DBB, 0x1DF5163F, 0x7C71EAF8, 0x1DC4355D, 0x7C7DA504,
    0x1D934FE5, 0x7C894BDD, 0x1D6265DD, 0x7C94DF82, 0x1D31774D, 0x7CA05FF1, 0x1D00843C, 0x7CABCD27,
    0x1CCF8CB3, 0x7CB72724, 0x1C9E90B8, 0x7CC26DE5, 0x1C6D9053, 0x7CCDA168, 0x1C3C8B8C, 0x7CD8C1AD,
    0x1C0B826A, 0x7CE3CEB1, 0x1BDA74F5, 0x7CEEC873, 0x1BA96334, 0x7CF9AEF0, 0x1B784D30, 0x7D048228,
    0x1B4732EF, 0x7D0F4218, 0x1B161479, 0x7D19EEBE, 0x1AE4F1D6, 0x7D24881A, 0x1AB3CB0C, 0x7D2F0E2A,
    0x1A82A025, 0x7D3980EC, 0x1A517127, 0x7D43E05E, 0x1A203E1B, 0x7D4E2C7E, 0x19EF0706, 0x7D58654C,
    0x19BDCBF2, 0x7D628AC5, 0x198C8CE6, 0x7D6C9CE9, 0x195B49E9, 0x7D769BB5, 0x192A0303, 0x7D808727,
    0x18F8B83C, 0x7D8A5F3F, 0x18C7699B, 0x7D9423FB, 0x18961727, 0x7D9DD55A, 0x1864C0E9, 0x7DA77359,
    0x183366E8, 0x7DB0FDF7, 0x1802092C, 0x7DBA7534, 0x17D0A7BB, 0x7DC3D90D, 0x179F429F, 0x7DCD2981,
    0x176DD9DE, 0x7DD6668E, 0x173C6D80, 0x7DDF9034, 0x170AFD8D, 0x7DE8A670, 0x16D98A0C, 0x7DF1A942,
    0x16A81305, 0x7DFA98A7, 0x1676987F, 0x7E03749F, 0x16451A83, 0x7E0C3D29, 0x16139917, 0x7E14F242,
    0x15E21444, 0x7E1D93E9, 0x15B08C11, 0x7E26221E, 0x157F0086, 0x7E2E9CDF, 0x154D71AA, 0x7E37042A,
    0x151BDF85, 0x7E3F57FE, 0x14EA4A1F, 0x7E47985B, 0x14B8B17F, 0x7E4FC53E, 0x148715AD, 0x7E57DEA6,
    0x145576B1, 0x7E5FE493, 0x1423D492, 0x7E67D702, 0x13F22F57, 0x7E6FB5F3, 0x13C0870A, 0x7E778165,
    0x138EDBB0, 0x7E7F3956, 0x135D2D53, 0x7E86DDC5, 0x132B7BF9, 0x7E8E6EB1, 0x12F9C7AA, 0x7E95EC19,
    0x12C8106E, 0x7E9D55FC, 0x1296564D, 0x7EA4AC58, 0x1264994E, 0x7EABEF2C, 0x1232D978, 0x7EB31E77,
    0x120116D4, 0x7EBA3A39, 0x11CF516A, 0x7EC1426F, 0x119D8940, 0x7EC8371A, 0x116BBE5F, 0x7ECF1837,
    0x1139F0CE, 0x7ED5E5C6, 0x11082096, 0x7EDC9FC6, 0x10D64DBC, 0x7EE34635, 0x10A4784A, 0x7EE9D913,
    0x1072A047, 0x7EF0585F, 0x1040C5BB, 0x7EF6C418, 0x100EE8AD, 0x7EFD1C3C, 0x0FDD0925, 0x7F0360CB,
    0x0FAB272B, 0x7F0991C3, 0x0F7942C6, 0x7F0FAF24, 0x0F475BFE, 0x7F15B8EE, 0x0F1572DC, 0x7F1BAF1E,
    0x0EE38765, 0x7F2191B4, 0x0EB199A3, 0x7F2760AF, 0x0E7FA99D, 0x7F2D1C0E, 0x0E4DB75B, 0x7F32C3D0,
    0x0E1BC2E3, 0x7F3857F5, 0x0DE9CC3F, 0x7F3DD87C, 0x0DB7D376, 0x7F434563, 0x0D85D88F, 0x7F489EAA,
    0x0D53DB92, 0x7F4DE450, 0x0D21DC87, 0x7F531654, 0x0CEFDB75, 0x7F5834B6, 0x0CBDD865, 0x7F5D3F75,
    0x0C8BD35E, 0x7F62368F, 0x0C59CC67, 0x7F671A04, 0x0C27C389, 0x7F6BE9D4, 0x0BF5B8CB, 0x7F70A5FD,
    0x0BC3AC35, 0x7F754E7F, 0x0B919DCE, 0x7F79E35A, 0x0B5F8D9F, 0x7F7E648B, 0x0B2D7BAE, 0x7F82D214,
    0x0AFB6805, 0x7F872BF3, 0x0AC952AA, 0x7F8B7226, 0x0A973BA5, 0x7F8FA4AF, 0x0A6522FE, 0x7F93C38C,
    0x0A3308BC, 0x7F97CEBC, 0x0A00ECE8, 0x7F9BC63F, 0x09CECF89, 0x7F9FAA15, 0x099CB0A7, 0x7FA37A3C,
    0x096A9049, 0x7FA736B4, 0x09386E77, 0x7FAADF7C, 0x09064B3A, 0x7FAE7494, 0x08D42698, 0x7FB1F5FC,
    0x08A2009A, 0x7FB563B2, 0x086FD947, 0x7FB8BDB7, 0x083DB0A7, 0x7FBC040A, 0x080B86C1, 0x7FBF36A9,
    0x07D95B9E, 0x7FC25596, 0x07A72F45, 0x7FC560CF, 0x077501BE, 0x7FC85853, 0x0742D310, 0x7FCB3C23,
    0x0710A344, 0x7FCE0C3E, 0x06DE7261, 0x7FD0C8A3, 0x06AC406F, 0x7FD37152, 0x067A0D75, 0x7FD6064B,
    0x0647D97C, 0x7FD8878D, 0x0615A48A, 0x7FDAF518, 0x05E36EA9, 0x7FDD4EEC, 0x05B137DF, 0x7FDF9508,
    0x057F0034, 0x7FE1C76B, 0x054CC7B0, 0x7FE3E616, 0x051A8E5C, 0x7FE5F108, 0x04E8543D, 0x7FE7E840,
    0x04B6195D, 0x7FE9CBC0, 0x0483DDC3, 0x7FEB9B85, 0x0451A176, 0x7FED5790, 0x041F647F, 0x7FEEFFE1,
    0x03ED26E6, 0x7FF09477, 0x03BAE8B1, 0x7FF21553, 0x0388A9E9, 0x7FF38273, 0x03566A96, 0x7FF4DBD8,
    0x03242ABF, 0x7FF62182, 0x02F1EA6B, 0x7FF7536F, 0x02BFA9A4, 0x7FF871A1, 0x028D6870, 0x7FF97C17,
    0x025B26D7, 0x7FFA72D1, 0x0228E4E1, 0x7FFB55CE, 0x01F6A296, 0x7FFC250F, 0x01C45FFE, 0x7FFCE093,
    0x01921D1F, 0x7FFD885A, 0x015FDA03, 0x7FFE1C64, 0x012D96B0, 0x7FFE9CB2, 0x00FB532F, 0x7FFF0942,
    0x00C90F88, 0x7FFF6216, 0x0096CBC1, 0x7FFFA72C, 0x006487E3, 0x7FFFD885, 0x003243F5, 0x7FFFF621,
    0x00000000, 0x7FFFFFFF, 0xFFCDBC0A, 0x7FFFF621, 0xFF9B781D, 0x7FFFD885, 0xFF69343E, 0x7FFFA72C,
    0xFF36F078, 0x7FFF6216, 0xFF04ACD0, 0x7FFF0942, 0xFED2694F, 0x7FFE9CB2, 0xFEA025FC, 0x7FFE1C64,
    0xFE6DE2E0, 0x7FFD885A, 0xFE3BA001, 0x7FFCE093, 0xFE095D69, 0x7FFC250F, 0xFDD71B1E, 0x7FFB55CE,
    0xFDA4D928, 0x7FFA72D1, 0xFD72978F, 0x7FF97C17, 0xFD40565B, 0x7FF871A1, 0xFD0E1594, 0x7FF7536F,
    0xFCDBD541, 0x7FF62182, 0xFCA99569, 0x7FF4DBD8, 0xFC775616, 0x7FF38273, 0xFC45174E, 0x7FF21553,
    0xFC12D919, 0x7FF09477, 0xFBE09B80, 0x7FEEFFE1, 0xFBAE5E89, 0x7FED5790, 0xFB7C223C, 0x7FEB9B85,
    0xFB49E6A2, 0x7FE9CBC0, 0xFB17ABC2, 0x7FE7E840, 0xFAE571A4, 0x7FE5F108, 0xFAB3384F, 0x7FE3E616,
    0xFA80FFCB, 0x7FE1C76B, 0xFA4EC820, 0x7FDF9508, 0xFA1C9156, 0x7FDD4EEC, 0xF9EA5B75, 0x7FDAF518,
    0xF9B82683, 0x7FD8878D, 0xF985F28A, 0x7FD6064B, 0xF953BF90, 0x7FD37152, 0xF9218D9E, 0x7FD0C8A3,
    0xF8EF5CBB, 0x7FCE0C3E, 0xF8BD2CEF, 0x7FCB3C23, 0xF88AFE41, 0x7FC85853, 0xF858D0BA, 0x7FC560CF,
    0xF826A461, 0x7FC25596, 0xF7F4793E, 0x7FBF36A9, 0xF7C24F58, 0x7FBC040A, 0xF79026B8, 0x7FB8BDB7,
    0xF75DFF65, 0x7FB563B2, 0xF72BD967, 0x7FB1F5FC, 0xF6F9B4C5, 0x7FAE7494, 0xF6C79188, 0x7FAADF7C,
    0xF6956FB6, 0x7FA736B4, 0xF6634F58, 0x7FA37A3C, 0xF6313076, 0x7F9FAA15, 0xF5FF1317, 0x7F9BC63F,
    0xF5CCF743, 0x7F97CEBC, 0xF59ADD01, 0x7F93C38C, 0xF568C45A, 0x7F8FA4AF, 0xF536AD55, 0x7F8B7226,
    0xF50497FA, 0x7F872BF3, 0xF4D28451, 0x7F82D214, 0xF4A07260, 0x7F7E648B, 0xF46E6231, 0x7F79E35A,
    0xF43C53CA, 0x7F754E7F, 0xF40A4734, 0x7F70A5FD, 0xF3D83C76, 0x7F6BE9D4, 0xF3A63398, 0x7F671A04,
    0xF3742CA1, 0x7F62368F, 0xF342279A, 0x7F5D3F75, 0xF310248A, 0x7F5834B6, 0xF2DE2378, 0x7F531654,
    0xF2AC246D, 0x7F4DE450, 0xF27A2770, 0x7F489EAA, 0xF2482C89, 0x7F434563, 0xF21633C0, 0x7F3DD87C,
    0xF1E43D1C, 0x7F3857F5, 0xF1B248A5, 0x7F32C3D0, 0xF1805662, 0x7F2D1C0E, 0xF14E665C, 0x7F2760AF,
    0xF11C789A, 0x7F2191B4, 0xF0EA8D23, 0x7F1BAF1E, 0xF0B8A401, 0x7F15B8EE, 0xF086BD39, 0x7F0FAF24,
    0xF054D8D4, 0x7F0991C3, 0xF022F6DA, 0x7F0360CB, 0xEFF11752, 0x7EFD1C3C, 0xEFBF3A44, 0x7EF6C418,
    0xEF8D5FB8, 0x7EF0585F, 0xEF5B87B5, 0x7EE9D913, 0xEF29B243, 0x7EE34635, 0xEEF7DF6A, 0x7EDC9FC6,
    0xEEC60F31, 0x7ED5E5C6, 0xEE9441A0, 0x7ECF1837, 0xEE6276BF, 0x7EC8371A, 0xEE30AE95, 0x7EC1426F,
    0xEDFEE92B, 0x7EBA3A39, 0xEDCD2687, 0x7EB31E77, 0xED9B66B2, 0x7EABEF2C, 0xED69A9B2, 0x7EA4AC58,
    0xED37EF91, 0x7E9D55FC, 0xED063855, 0x7E95EC19, 0xECD48406, 0x7E8E6EB1, 0xECA2D2AC, 0x7E86DDC5,
    0xEC71244F, 0x7E7F3956, 0xEC3F78F5, 0x7E778165, 0xEC0DD0A8, 0x7E6FB5F3, 0xEBDC2B6D, 0x7E67D702,
    0xEBAA894E, 0x7E5FE493, 0xEB78EA52, 0x7E57DEA6, 0xEB474E80, 0x7E4FC53E, 0xEB15B5E0, 0x7E47985B,
    0xEAE4207A, 0x7E3F57FE, 0xEAB28E55, 0x7E37042A, 0xEA80FF79, 0x7E2E9CDF, 0xEA4F73EE, 0x7E26221E,
    0xEA1DEBBB, 0x7E1D93E9, 0xE9EC66E8, 0x7E14F242, 0xE9BAE57C, 0x7E0C3D29, 0xE9896780, 0x7E03749F,
    0xE957ECFB, 0x7DFA98A7, 0xE92675F4, 0x7DF1A942, 0xE8F50273, 0x7DE8A670, 0xE8C3927F, 0x7DDF9034,
    0xE8922621, 0x7DD6668E, 0xE860BD60, 0x7DCD2981, 0xE82F5844, 0x7DC3D90D, 0xE7FDF6D3, 0x7DBA7534,
    0xE7CC9917, 0x7DB0FDF7, 0xE79B3F16, 0x7DA77359, 0xE769E8D8, 0x7D9DD55A, 0xE7389664, 0x7D9423FB,
    0xE70747C3, 0x7D8A5F3F, 0xE6D5FCFC, 0x7D808727, 0xE6A4B616, 0x7D769BB5, 0xE6737319, 0x7D6C9CE9,
    0xE642340D, 0x7D628AC5, 0xE610F8F9, 0x7D58654C, 0xE5DFC1E4, 0x7D4E2C7E, 0xE5AE8ED8, 0x7D43E05E,
    0xE57D5FDA, 0x7D3980EC, 0xE54C34F3, 0x7D2F0E2A, 0xE51B0E2A, 0x7D24881A, 0xE4E9EB86, 0x7D19EEBE,
    0xE4B8CD10, 0x7D0F4218, 0xE487B2CF, 0x7D048228, 0xE4569CCB, 0x7CF9AEF0, 0xE4258B0A, 0x7CEEC873,
    0xE3F47D95, 0x7CE3CEB1, 0xE3C37473, 0x7CD8C1AD, 0xE3926FAC, 0x7CCDA168, 0xE3616F47, 0x7CC26DE5,
    0xE330734C, 0x7CB72724, 0xE2FF7BC3, 0x7CABCD27, 0xE2CE88B2, 0x7CA05FF1, 0xE29D9A22, 0x7C94DF82,
    0xE26CB01A, 0x7C894BDD, 0xE23BCAA2, 0x7C7DA504, 0xE20AE9C1, 0x7C71EAF8, 0xE1DA0D7E, 0x7C661DBB,
    0xE1A935E1, 0x7C5A3D4F, 0xE17862F3, 0x7C4E49B6, 0xE14794B9, 0x7C4242F2, 0xE116CB3D, 0x7C362904,
    0xE0E60684, 0x7C29FBEE, 0xE0B54698, 0x7C1DBBB2, 0xE0848B7F, 0x7C116853, 0xE053D541, 0x7C0501D1,
    0xE02323E5, 0x7BF88830, 0xDFF27773, 0x7BEBFB70, 0xDFC1CFF2, 0x7BDF5B94, 0xDF912D6A, 0x7BD2A89E,
    0xDF608FE3, 0x7BC5E28F, 0xDF2FF764, 0x7BB9096A, 0xDEFF63F4, 0x7BAC1D31, 0xDECED59B, 0x7B9F1DE5,
    0xDE9E4C60, 0x7B920B89, 0xDE6DC84B, 0x7B84E61E, 0xDE3D4963, 0x7B77ADA8, 0xDE0CCFB1, 0x7B6A6227,
    0xDDDC5B3A, 0x7B5D039D, 0xDDABEC07, 0x7B4F920E, 0xDD7B8220, 0x7B420D7A, 0xDD4B1D8B, 0x7B3475E4,
    0xDD1ABE51, 0x7B26CB4F, 0xDCEA6478, 0x7B190DBB, 0xDCBA1008, 0x7B0B3D2C, 0xDC89C108, 0x7AFD59A3,
    0xDC597781, 0x7AEF6323, 0xDC293379, 0x7AE159AE, 0xDBF8F4F8, 0x7AD33D45, 0xDBC8BC05, 0x7AC50DEB,
    0xDB9888A8, 0x7AB6CBA3, 0xDB685AE8, 0x7AA8766E, 0xDB3832CD, 0x7A9A0E4F, 0xDB08105E, 0x7A8B9348,
    0xDAD7F3A2, 0x7A7D055B, 0xDAA7DCA1, 0x7A6E648A, 0xDA77CB62, 0x7A5FB0D8, 0xDA47BFED, 0x7A50EA46,
    0xDA17BA4A, 0x7A4210D8, 0xD9E7BA7E, 0x7A33248F, 0xD9B7C093, 0x7A24256E, 0xD987CC8F, 0x7A151377,
    0xD957DE7A, 0x7A05EEAD, 0xD927F65B, 0x79F6B711, 0xD8F81439, 0x79E76CA6, 0xD8C8381C, 0x79D80F6F,
    0xD898620C, 0x79C89F6D, 0xD868920F, 0x79B91CA4, 0xD838C82D, 0x79A98715, 0xD809046D, 0x7999DEC3,
    0xD7D946D7, 0x798A23B1, 0xD7A98F73, 0x797A55E0, 0xD779DE46, 0x796A7554, 0xD74A335A, 0x795A820E,
    0xD71A8EB5, 0x794A7C11, 0xD6EAF05E, 0x793A6360, 0xD6BB585D, 0x792A37FE, 0xD68BC6BA, 0x7919F9EB,
    0xD65C3B7B, 0x7909A92C, 0xD62CB6A7, 0x78F945C3, 0xD5FD3847, 0x78E8CFB1, 0xD5CDC062, 0x78D846FB,
    0xD59E4EFE, 0x78C7ABA1, 0xD56EE424, 0x78B6FDA8, 0xD53F7FDA, 0x78A63D10, 0xD5102227, 0x789569DE,
    0xD4E0CB14, 0x78848413, 0xD4B17AA7, 0x78738BB3, 0xD48230E8, 0x786280BF, 0xD452EDDE, 0x7851633B,
    0xD423B190, 0x78403328, 0xD3F47C06, 0x782EF08B, 0xD3C54D46, 0x781D9B64, 0xD3962559, 0x780C33B8,
    0xD3670445, 0x77FAB988, 0xD337EA12, 0x77E92CD8, 0xD308D6C6, 0x77D78DAA, 0xD2D9CA6A, 0x77C5DC01,
    0xD2AAC504, 0x77B417DF, 0xD27BC69C, 0x77A24148, 0xD24CCF38, 0x7790583D, 0xD21DDEE1, 0x777E5CC3,
    0xD1EEF59E, 0x776C4EDB, 0xD1C01374, 0x775A2E88, 0xD191386D, 0x7747FBCE, 0xD162648F, 0x7735B6AE,
    0xD13397E1, 0x77235F2D, 0xD104D26B, 0x7710F54B, 0xD0D61433, 0x76FE790E, 0xD0A75D42, 0x76EBEA77,
    0xD078AD9D, 0x76D94988, 0xD04A054D, 0x76C69646, 0xD01B6459, 0x76B3D0B3, 0xCFECCAC7, 0x76A0F8D2,
    0xCFBE389F, 0x768E0EA5, 0xCF8FADE8, 0x767B1230, 0xCF612AAA, 0x76680376, 0xCF32AEEB, 0x7654E279,
    0xCF043AB2, 0x7641AF3C, 0xCED5CE08, 0x762E69C3, 0xCEA768F2, 0x761B1211, 0xCE790B78, 0x7607A827,
    0xCE4AB5A2, 0x75F42C0A, 0xCE1C6776, 0x75E09DBD, 0xCDEE20FC, 0x75CCFD42, 0xCDBFE23A, 0x75B94A9C,
    0xCD91AB38, 0x75A585CF, 0xCD637BFD, 0x7591AEDD, 0xCD355490, 0x757DC5CA, 0xCD0734F8, 0x7569CA98,
    0xCCD91D3D, 0x7555BD4B, 0xCCAB0D65, 0x75419DE6, 0xCC7D0577, 0x752D6C6C, 0xCC4F057B, 0x751928E0,
    0xCC210D78, 0x7504D345, 0xCBF31D75, 0x74F06B9E, 0xCBC53578, 0x74DBF1EF, 0xCB975589, 0x74C7663A,
    0xCB697DB0, 0x74B2C883, 0xCB3BADF2, 0x749E18CD, 0xCB0DE658, 0x7489571B, 0xCAE026E8, 0x74748371,
    0xCAB26FA9, 0x745F9DD1, 0xCA84C0A2, 0x744AA63E, 0xCA5719DB, 0x74359CBD, 0xCA297B5A, 0x74208150,
    0xC9FBE527, 0x740B53FA, 0xC9CE5748, 0x73F614C0, 0xC9A0D1C4, 0x73E0C3A3, 0xC97354A3, 0x73CB60A7,
    0xC945DFEC, 0x73B5EBD0, 0xC91873A5, 0x73A06522, 0xC8EB0FD6, 0x738ACC9E, 0xC8BDB485, 0x73752249,
    0xC89061BA, 0x735F6626, 0xC863177B, 0x73499838, 0xC835D5D0, 0x7333B883, 0xC8089CBF, 0x731DC709,
    0xC7DB6C50, 0x7307C3D0, 0xC7AE4489, 0x72F1AED8, 0xC7812571, 0x72DB8828, 0xC7540F10, 0x72C54FC0,
    0xC727016C, 0x72AF05A6, 0xC6F9FC8D, 0x7298A9DC, 0xC6CD0079, 0x72823C66, 0xC6A00D36, 0x726BBD48,
    0xC67322CD, 0x72552C84, 0xC6464144, 0x723E8A1F, 0xC61968A2, 0x7227D61C, 0xC5EC98ED, 0x7211107D,
    0xC5BFD22E, 0x71FA3948, 0xC593146A, 0x71E3507F, 0xC5665FA8, 0x71CC5626, 0xC539B3F0, 0x71B54A40,
    0xC50D1148, 0x719E2CD2, 0xC4E077B8, 0x7186FDDE, 0xC4B3E746, 0x716FBD68, 0xC4875FF8, 0x71586B73,
    0xC45AE1D7, 0x71410804, 0xC42E6CE8, 0x7129931E, 0xC4020132, 0x71120CC5, 0xC3D59EBD, 0x70FA74FB,
    0xC3A9458F, 0x70E2CBC6, 0xC37CF5B0, 0x70CB1127, 0xC350AF25, 0x70B34524, 0xC32471F6, 0x709B67C0,
    0xC2F83E2A, 0x708378FE, 0xC2CC13C7, 0x706B78E3, 0xC29FF2D4, 0x70536771, 0xC273DB58, 0x703B44AC,
    0xC247CD5A, 0x70231099, 0xC21BC8E0, 0x700ACB3B, 0xC1EFCDF2, 0x6FF27496, 0xC1C3DC96, 0x6FDA0CAD,
    0xC197F4D3, 0x6FC19385, 0xC16C16B0, 0x6FA90920, 0xC1404233, 0x6F906D84, 0xC1147763, 0x6F77C0B3,
    0xC0E8B648, 0x6F5F02B1, 0xC0BCFEE7, 0x6F463383, 0xC0915147, 0x6F2D532C, 0xC065AD70, 0x6F1461AF,
    0xC03A1368, 0x6EFB5F12, 0xC00E8335, 0x6EE24B57, 0xBFE2FCDF, 0x6EC92682, 0xBFB7806C, 0x6EAFF098,
    0xBF8C0DE2, 0x6E96A99C, 0xBF60A54A, 0x6E7D5193, 0xBF3546A8, 0x6E63E87F, 0xBF09F204, 0x6E4A6E65,
    0xBEDEA765, 0x6E30E349, 0xBEB366D1, 0x6E17472F, 0xBE88304F, 0x6DFD9A1B, 0xBE5D03E5, 0x6DE3DC11,
    0xBE31E19B, 0x6DCA0D14, 0xBE06C977, 0x6DB02D29, 0xBDDBBB7F, 0x6D963C54, 0xBDB0B7BA, 0x6D7C3A98,
    0xBD85BE2F, 0x6D6227FA, 0xBD5ACEE5, 0x6D48047E, 0xBD2FE9E1, 0x6D2DD027, 0xBD050F2C, 0x6D138AFA,
    0xBCDA3ECA, 0x6CF934FB, 0xBCAF78C3, 0x6CDECE2E, 0xBC84BD1E, 0x6CC45697, 0xBC5A0BE1, 0x6CA9CE3A,
    0xBC2F6513, 0x6C8F351C, 0xBC04C8BA, 0x6C748B3F, 0xBBDA36DC, 0x6C59D0A9, 0xBBAFAF81, 0x6C3F055D,
    0xBB8532AF, 0x6C242960, 0xBB5AC06C, 0x6C093CB6, 0xBB3058C0, 0x6BEE3F62, 0xBB05FBB0, 0x6BD3316A,
    0xBADBA943, 0x6BB812D0, 0xBAB1617F, 0x6B9CE39B, 0xBA87246C, 0x6B81A3CD, 0xBA5CF210, 0x6B66536A,
    0xBA32CA70, 0x6B4AF278, 0xBA08AD94, 0x6B2F80FA, 0xB9DE9B83, 0x6B13FEF5, 0xB9B49442, 0x6AF86C6C,
    0xB98A97D8, 0x6ADCC964, 0xB960A64B, 0x6AC115E1, 0xB936BFA3, 0x6AA551E8, 0xB90CE3E6, 0x6A897D7D,
    0xB8E31319, 0x6A6D98A4, 0xB8B94D44, 0x6A51A361, 0xB88F926C, 0x6A359DB9, 0xB865E299, 0x6A1987B0,
    0xB83C3DD1, 0x69FD614A, 0xB812A419, 0x69E12A8C, 0xB7E9157A, 0x69C4E37A, 0xB7BF91F8, 0x69A88C18,
    0xB796199B, 0x698C246C, 0xB76CAC68, 0x696FAC78, 0xB7434A67, 0x69532442, 0xB719F39D, 0x69368BCE,
    0xB6F0A811, 0x6919E320, 0xB6C767CA, 0x68FD2A3D, 0xB69E32CD, 0x68E06129, 0xB6750921, 0x68C387E9,
    0xB64BEACC, 0x68A69E81, 0xB622D7D5, 0x6889A4F5, 0xB5F9D042, 0x686C9B4B, 0xB5D0D41A, 0x684F8186,
    0xB5A7E362, 0x683257AA, 0xB57EFE21, 0x68151DBE, 0xB556245E, 0x67F7D3C4, 0xB52D561E, 0x67DA79C2,
    0xB5049368, 0x67BD0FBC, 0xB4DBDC42, 0x679F95B7, 0xB4B330B2, 0x67820BB6, 0xB48A90C0, 0x676471C0,
    0xB461FC70, 0x6746C7D7, 0xB43973C9, 0x67290E02, 0xB410F6D2, 0x670B4443, 0xB3E88591, 0x66ED6AA1,
    0xB3C0200C, 0x66CF811F, 0xB397C649, 0x66B187C3, 0xB36F784E, 0x66937E90, 0xB3473622, 0x6675658C,
    0xB31EFFCB, 0x66573CBB, 0xB2F6D54F, 0x66390422, 0xB2CEB6B5, 0x661ABBC5, 0xB2A6A401, 0x65FC63A9,
    0xB27E9D3B, 0x65DDFBD3, 0xB256A26A, 0x65BF8447, 0xB22EB392, 0x65A0FD0B, 0xB206D0BA, 0x65826622,
    0xB1DEF9E8, 0x6563BF92, 0xB1B72F23, 0x6545095F, 0xB18F7070, 0x6526438E, 0xB167BDD6, 0x65076E24,
    0xB140175B, 0x64E88926, 0xB1187D05, 0x64C99498, 0xB0F0EEDA, 0x64AA907F, 0xB0C96CDF, 0x648B7CDF,
    0xB0A1F71C, 0x646C59BF, 0xB07A8D97, 0x644D2722, 0xB0533055, 0x642DE50D, 0xB02BDF5C, 0x640E9385,
    0xB0049AB2, 0x63EF328F, 0xAFDD625F, 0x63CFC230, 0xAFB63667, 0x63B0426D, 0xAF8F16D0, 0x6390B34A,
    0xAF6803A1, 0x637114CC, 0xAF40FCE0, 0x635166F8, 0xAF1A0293, 0x6331A9D4, 0xAEF314BF, 0x6311DD63,
    0xAECC336B, 0x62F201AC, 0xAEA55E9D, 0x62D216B2, 0xAE7E965B, 0x62B21C7B, 0xAE57DAAA, 0x6292130C,
    0xAE312B91, 0x6271FA69, 0xAE0A8916, 0x6251D297, 0xADE3F33E, 0x62319B9D, 0xADBD6A10, 0x6211557D,
    0xAD96ED91, 0x61F1003E, 0xAD707DC8, 0x61D09BE5, 0xAD4A1ABA, 0x61B02876, 0xAD23C46D, 0x618FA5F6,
    0xACFD7AE8, 0x616F146B, 0xACD73E30, 0x614E73D9, 0xACB10E4A, 0x612DC446, 0xAC8AEB3E, 0x610D05B7,
    0xAC64D510, 0x60EC3830, 0xAC3ECBC7, 0x60CB5BB6, 0xAC18CF68, 0x60AA704F, 0xABF2DFFA, 0x60897600,
    0xABCCFD82, 0x60686CCE, 0xABA72806, 0x604754BE, 0xAB815F8C, 0x60262DD5, 0xAB5BA41A, 0x6004F818,
    0xAB35F5B5, 0x5FE3B38D, 0xAB105464, 0x5FC26038, 0xAAEAC02B, 0x5FA0FE1E, 0xAAC53912, 0x5F7F8D46,
    0xAA9FBF1D, 0x5F5E0DB3, 0xAA7A5253, 0x5F3C7F6B, 0xAA54F2B9, 0x5F1AE273, 0xAA2FA055, 0x5EF936D1,
    0xAA0A5B2D, 0x5ED77C89, 0xA9E52347, 0x5EB5B3A1, 0xA9BFF8A8, 0x5E93DC1F, 0xA99ADB56, 0x5E71F606,
    0xA975CB56, 0x5E50015D, 0xA950C8AF, 0x5E2DFE28, 0xA92BD366, 0x5E0BEC6E, 0xA906EB81, 0x5DE9CC32,
    0xA8E21106, 0x5DC79D7C, 0xA8BD43FA, 0x5DA5604E, 0xA8988463, 0x5D8314B0, 0xA873D246, 0x5D60BAA6,
    0xA84F2DA9, 0x5D3E5236, 0xA82A9693, 0x5D1BDB65, 0xA8060D08, 0x5CF95638, 0xA7E1910E, 0x5CD6C2B4,
    0xA7BD22AB, 0x5CB420DF, 0xA798C1E4, 0x5C9170BF, 0xA7746EC0, 0x5C6EB258, 0xA7502943, 0x5C4BE5B0,
    0xA72BF173, 0x5C290ACC, 0xA707C756, 0x5C0621B2, 0xA6E3AAF2, 0x5BE32A67, 0xA6BF9C4B, 0x5BC024F0,
    0xA69B9B68, 0x5B9D1153, 0xA677A84E, 0x5B79EF96, 0xA653C302, 0x5B56BFBD, 0xA62FEB8B, 0x5B3381CE,
    0xA60C21ED, 0x5B1035CF, 0xA5E8662F, 0x5AECDBC4, 0xA5C4B855, 0x5AC973B4, 0xA5A11865, 0x5AA5FDA4,
    0xA57D8666, 0x5A82799A, 0xA55A025B, 0x5A5EE79A, 0xA5368C4B, 0x5A3B47AA, 0xA513243B, 0x5A1799D0,
    0xA4EFCA31, 0x59F3DE12, 0xA4CC7E31, 0x59D01474, 0xA4A94042, 0x59AC3CFD, 0xA4861069, 0x598857B1,
    0xA462EEAC, 0x59646497, 0xA43FDB0F, 0x594063B4, 0xA41CD598, 0x591C550E, 0xA3F9DE4D, 0x58F838A9,
    0xA3D6F533, 0x58D40E8C, 0xA3B41A4F, 0x58AFD6BC, 0xA3914DA7, 0x588B913F, 0xA36E8F40, 0x58673E1B,
    0xA34BDF20, 0x5842DD54, 0xA3293D4B, 0x581E6EF1, 0xA306A9C7, 0x57F9F2F7, 0xA2E4249A, 0x57D5696C,
    0xA2C1ADC9, 0x57B0D256, 0xA29F4559, 0x578C2DB9, 0xA27CEB4F, 0x57677B9D, 0xA25A9FB1, 0x5742BC05,
    0xA2386283, 0x571DEEF9, 0xA21633CD, 0x56F9147E, 0xA1F41391, 0x56D42C99, 0xA1D201D7, 0x56AF3750,
    0xA1AFFEA2, 0x568A34A9, 0xA18E09F9, 0x566524AA, 0xA16C23E1, 0x56400757, 0xA14A4C5E, 0x561ADCB8,
    0xA1288376, 0x55F5A4D2, 0xA106C92E, 0x55D05FAA, 0xA0E51D8C, 0x55AB0D46, 0xA0C38094, 0x5585ADAC,
    0xA0A1F24C, 0x556040E2, 0xA08072BA, 0x553AC6ED, 0xA05F01E1, 0x55153FD4, 0xA03D9FC7, 0x54EFAB9C,
    0xA01C4C72, 0x54CA0A4A, 0x9FFB07E7, 0x54A45BE5, 0x9FD9D22A, 0x547EA073, 0x9FB8AB41, 0x5458D7F9,
    0x9F979331, 0x5433027D, 0x9F7689FF, 0x540D2005, 0x9F558FB0, 0x53E73097, 0x9F34A449, 0x53C13438,
    0x9F13C7D0, 0x539B2AEF, 0x9EF2FA48, 0x537514C1, 0x9ED23BB9, 0x534EF1B5, 0x9EB18C26, 0x5328C1D0,
    0x9E90EB94, 0x53028517, 0x9E705A09, 0x52DC3B92, 0x9E4FD789, 0x52B5E545, 0x9E2F641A, 0x528F8237,
    0x9E0EFFC1, 0x5269126E, 0x9DEEAA82, 0x524295EF, 0x9DCE6462, 0x521C0CC1, 0x9DAE2D68, 0x51F576E9,
    0x9D8E0596, 0x51CED46E, 0x9D6DECF4, 0x51A82555, 0x9D4DE384, 0x518169A4, 0x9D2DE94D, 0x515AA162,
    0x9D0DFE53, 0x5133CC94, 0x9CEE229C, 0x510CEB40, 0x9CCE562B, 0x50E5FD6C, 0x9CAE9907, 0x50BF031F,
    0x9C8EEB33, 0x5097FC5E, 0x9C6F4CB5, 0x5070E92F, 0x9C4FBD92, 0x5049C999, 0x9C303DCF, 0x50229DA0,
    0x9C10CD70, 0x4FFB654D, 0x9BF16C7A, 0x4FD420A3, 0x9BD21AF2, 0x4FACCFAB, 0x9BB2D8DD, 0x4F857268,
    0x9B93A640, 0x4F5E08E3, 0x9B748320, 0x4F369320, 0x9B556F80, 0x4F0F1126, 0x9B366B67, 0x4EE782FA,
    0x9B1776D9, 0x4EBFE8A4, 0x9AF891DB, 0x4E984229, 0x9AD9BC71, 0x4E708F8F, 0x9ABAF6A0, 0x4E48D0DC,
    0x9A9C406D, 0x4E210617, 0x9A7D99DD, 0x4DF92F45, 0x9A5F02F5, 0x4DD14C6E, 0x9A407BB8, 0x4DA95D96,
    0x9A22042C, 0x4D8162C4, 0x9A039C56, 0x4D595BFE, 0x99E5443A, 0x4D31494B, 0x99C6FBDE, 0x4D092AB0,
    0x99A8C344, 0x4CE10034, 0x998A9A73, 0x4CB8C9DD, 0x996C816F, 0x4C9087B1, 0x994E783C, 0x4C6839B6,
    0x99307EE0, 0x4C3FDFF3, 0x9912955E, 0x4C177A6E, 0x98F4BBBC, 0x4BEF092D, 0x98D6F1FE, 0x4BC68C36,
    0x98B93828, 0x4B9E038F, 0x989B8E3F, 0x4B756F3F, 0x987DF449, 0x4B4CCF4D, 0x98606A48, 0x4B2423BD,
    0x9842F043, 0x4AFB6C97, 0x9825863D, 0x4AD2A9E1, 0x98082C3B, 0x4AA9DBA1, 0x97EAE241, 0x4A8101DE,
    0x97CDA855, 0x4A581C9D, 0x97B07E7A, 0x4A2F2BE5, 0x979364B5, 0x4A062FBD, 0x97765B0A, 0x49DD282A,
    0x9759617E, 0x49B41533, 0x973C7816, 0x498AF6DE, 0x971F9ED6, 0x4961CD32, 0x9702D5C2, 0x49389836,
    0x96E61CDF, 0x490F57EE, 0x96C97431, 0x48E60C62, 0x96ACDBBD, 0x48BCB598, 0x96905387, 0x48935397,
    0x9673DB94, 0x4869E664, 0x965773E7, 0x48406E07, 0x963B1C85, 0x4816EA85, 0x961ED573, 0x47ED5BE6,
    0x96029EB5, 0x47C3C22E, 0x95E6784F, 0x479A1D66, 0x95CA6246, 0x47706D93, 0x95AE5C9E, 0x4746B2BC,
    0x9592675B, 0x471CECE6, 0x95768282, 0x46F31C1A, 0x955AAE17, 0x46C9405C, 0x953EEA1E, 0x469F59B4,
    0x9523369B, 0x46756827, 0x95079393, 0x464B6BBD, 0x94EC010B, 0x4621647C, 0x94D07F05, 0x45F7526B,
    0x94B50D87, 0x45CD358F, 0x9499AC95, 0x45A30DF0, 0x947E5C32, 0x4578DB93, 0x94631C64, 0x454E9E80,
    0x9447ED2F, 0x452456BC, 0x942CCE95, 0x44FA044F, 0x9411C09D, 0x44CFA73F, 0x93F6C34A, 0x44A53F93,
    0x93DBD69F, 0x447ACD50, 0x93C0FAA2, 0x4450507E, 0x93A62F56, 0x4425C923, 0x938B74C0, 0x43FB3745,
    0x9370CAE4, 0x43D09AEC, 0x935631C5, 0x43A5F41E, 0x933BA968, 0x437B42E1, 0x932131D1, 0x4350873C,
    0x9306CB04, 0x4325C135, 0x92EC7505, 0x42FAF0D4, 0x92D22FD8, 0x42D0161E, 0x92B7FB82, 0x42A5311A,
    0x929DD805, 0x427A41D0, 0x9283C567, 0x424F4845, 0x9269C3AC, 0x42244480, 0x924FD2D6, 0x41F93688,
    0x9235F2EB, 0x41CE1E64, 0x921C23EE, 0x41A2FC1A, 0x920265E4, 0x4177CFB0, 0x91E8B8D0, 0x414C992E,
    0x91CF1CB6, 0x4121589A, 0x91B5919A, 0x40F60DFB, 0x919C1780, 0x40CAB957, 0x9182AE6C, 0x409F5AB6,
    0x91695663, 0x4073F21D, 0x91500F67, 0x40487F93, 0x9136D97D, 0x401D0320, 0x911DB4A8, 0x3FF17CCA,
    0x9104A0ED, 0x3FC5EC97, 0x90EB9E50, 0x3F9A528F, 0x90D2ACD3, 0x3F6EAEB8, 0x90B9CC7C, 0x3F430118,
    0x90A0FD4E, 0x3F1749B7, 0x90883F4C, 0x3EEB889C, 0x906F927B, 0x3EBFBDCC, 0x9056F6DF, 0x3E93E94F,
    0x903E6C7A, 0x3E680B2C, 0x9025F352, 0x3E3C2369, 0x900D8B69, 0x3E10320D, 0x8FF534C4, 0x3DE4371F,
    0x8FDCEF66, 0x3DB832A5, 0x8FC4BB53, 0x3D8C24A7, 0x8FAC988E, 0x3D600D2B, 0x8F94871D, 0x3D33EC39,
    0x8F7C8701, 0x3D07C1D5, 0x8F64983F, 0x3CDB8E09, 0x8F4CBADB, 0x3CAF50DA, 0x8F34EED8, 0x3C830A4F,
    0x8F1D343A, 0x3C56BA70, 0x8F058B04, 0x3C2A6142, 0x8EEDF33B, 0x3BFDFECD, 0x8ED66CE1, 0x3BD19317,
    0x8EBEF7FB, 0x3BA51E29, 0x8EA7948C, 0x3B78A007, 0x8E904298, 0x3B4C18BA, 0x8E790222, 0x3B1F8847,
    0x8E61D32D, 0x3AF2EEB7, 0x8E4AB5BF, 0x3AC64C0F, 0x8E33A9D9, 0x3A99A057, 0x8E1CAF80, 0x3A6CEB95,
    0x8E05C6B7, 0x3A402DD1, 0x8DEEEF82, 0x3A136712, 0x8DD829E4, 0x39E6975D, 0x8DC175E0, 0x39B9BEBB,
    0x8DAAD37B, 0x398CDD32, 0x8D9442B7, 0x395FF2C9, 0x8D7DC399, 0x3932FF87, 0x8D675623, 0x39060372,
    0x8D50FA59, 0x38D8FE93, 0x8D3AB03F, 0x38ABF0EF, 0x8D2477D8, 0x387EDA8E, 0x8D0E5127, 0x3851BB76,
    0x8CF83C30, 0x382493B0, 0x8CE238F6, 0x37F76340, 0x8CCC477D, 0x37CA2A30, 0x8CB667C7, 0x379CE884,
    0x8CA099D9, 0x376F9E46, 0x8C8ADDB6, 0x37424B7A, 0x8C753361, 0x3714F02A, 0x8C5F9ADD, 0x36E78C5A,
    0x8C4A142F, 0x36BA2013, 0x8C349F58, 0x368CAB5C, 0x8C1F3C5C, 0x365F2E3B, 0x8C09EB40, 0x3631A8B7,
    0x8BF4AC05, 0x36041AD9, 0x8BDF7EAF, 0x35D684A5, 0x8BCA6342, 0x35A8E624, 0x8BB559C1, 0x357B3F5D,
    0x8BA0622F, 0x354D9056, 0x8B8B7C8F, 0x351FD917, 0x8B76A8E4, 0x34F219A7, 0x8B61E732, 0x34C4520D,
    0x8B4D377C, 0x3496824F, 0x8B3899C5, 0x3468AA76, 0x8B240E10, 0x343ACA87, 0x8B0F9461, 0x340CE28A,
    0x8AFB2CBA, 0x33DEF287, 0x8AE6D71F, 0x33B0FA84, 0x8AD29393, 0x3382FA88, 0x8ABE6219, 0x3354F29A,
    0x8AAA42B4, 0x3326E2C2, 0x8A963567, 0x32F8CB07, 0x8A823A35, 0x32CAAB6F, 0x8A6E5122, 0x329C8402,
    0x8A5A7A30, 0x326E54C7, 0x8A46B563, 0x32401DC5, 0x8A3302BD, 0x3211DF03, 0x8A1F6242, 0x31E39889,
    0x8A0BD3F5, 0x31B54A5D, 0x89F857D8, 0x3186F487, 0x89E4EDEE, 0x3158970D, 0x89D1963C, 0x312A31F8,
    0x89BE50C3, 0x30FBC54D, 0x89AB1D86, 0x30CD5114, 0x8997FC89, 0x309ED555, 0x8984EDCF, 0x30705217,
    0x8971F15A, 0x3041C760, 0x895F072D, 0x30133538, 0x894C2F4C, 0x2FE49BA6, 0x893969B9, 0x2FB5FAB2,
    0x8926B677, 0x2F875262, 0x89141589, 0x2F58A2BD, 0x890186F1, 0x2F29EBCC, 0x88EF0AB4, 0x2EFB2D94,
    0x88DCA0D3, 0x2ECC681E, 0x88CA4951, 0x2E9D9B70, 0x88B80431, 0x2E6EC792, 0x88A5D177, 0x2E3FEC8B,
    0x8893B124, 0x2E110A62, 0x8881A33C, 0x2DE2211E, 0x886FA7C2, 0x2DB330C7, 0x885DBEB7, 0x2D843963,
    0x884BE820, 0x2D553AFB, 0x883A23FE, 0x2D263595, 0x88287255, 0x2CF72939, 0x8816D327, 0x2CC815ED,
    0x88054677, 0x2C98FBBA, 0x87F3CC47, 0x2C69DAA6, 0x87E2649B, 0x2C3AB2B9, 0x87D10F75, 0x2C0B83F9,
    0x87BFCCD7, 0x2BDC4E6F, 0x87AE9CC5, 0x2BAD1221, 0x879D7F40, 0x2B7DCF17, 0x878C744C, 0x2B4E8558,
    0x877B7BEC, 0x2B1F34EB, 0x876A9621, 0x2AEFDDD8, 0x8759C2EF, 0x2AC08025, 0x87490257, 0x2A911BDB,
    0x8738545E, 0x2A61B101, 0x8727B904, 0x2A323F9D, 0x8717304E, 0x2A02C7B8, 0x8706BA3C, 0x29D34958,
    0x86F656D3, 0x29A3C484, 0x86E60614, 0x29743945, 0x86D5C802, 0x2944A7A2, 0x86C59C9F, 0x29150FA1,
    0x86B583EE, 0x28E5714A, 0x86A57DF1, 0x28B5CCA5, 0x86958AAB, 0x288621B9, 0x8685AA1F, 0x2856708C,
    0x8675DC4E, 0x2826B928, 0x8666213C, 0x27F6FB92, 0x865678EA, 0x27C737D2, 0x8646E35B, 0x27976DF1,
    0x86376092, 0x27679DF4, 0x8627F090, 0x2737C7E3, 0x86189359, 0x2707EBC6, 0x860948EE, 0x26D809A5,
    0x85FA1152, 0x26A82185, 0x85EAEC88, 0x26783370, 0x85DBDA91, 0x26483F6C, 0x85CCDB70, 0x26184581,
    0x85BDEF27, 0x25E845B5, 0x85AF15B9, 0x25B84012, 0x85A04F28, 0x2588349D, 0x85919B75, 0x2558235E,
    0x8582FAA4, 0x25280C5D, 0x85746CB7, 0x24F7EFA1, 0x8565F1B0, 0x24C7CD32, 0x85578991, 0x2497A517,
    0x8549345C, 0x24677757, 0x853AF214, 0x243743FA, 0x852CC2BA, 0x24070B07, 0x851EA652, 0x23D6CC86,
    0x85109CDC, 0x23A6887E, 0x8502A65C, 0x23763EF7, 0x84F4C2D3, 0x2345EFF7, 0x84E6F244, 0x23159B87,
    0x84D934B0, 0x22E541AE, 0x84CB8A1B, 0x22B4E274, 0x84BDF285, 0x22847DDF, 0x84B06DF1, 0x225413F8,
    0x84A2FC62, 0x2223A4C5, 0x84959DD9, 0x21F3304E, 0x84885257, 0x21C2B69C, 0x847B19E1, 0x219237B4,
    0x846DF476, 0x2161B39F, 0x8460E21A, 0x21312A65, 0x8453E2CE, 0x21009C0B, 0x8446F695, 0x20D0089B,
    0x843A1D70, 0x209F701C, 0x842D5761, 0x206ED295, 0x8420A46B, 0x203E300D, 0x8414048F, 0x200D888C,
    0x840777CF, 0x1FDCDC1A, 0x83FAFE2E, 0x1FAC2ABF, 0x83EE97AC, 0x1F7B7480, 0x83E2444D, 0x1F4AB967,
    0x83D60411, 0x1F19F97B, 0x83C9D6FB, 0x1EE934C2, 0x83BDBD0D, 0x1EB86B46, 0x83B1B649, 0x1E879D0C,
    0x83A5C2B0, 0x1E56CA1E, 0x8399E244, 0x1E25F281, 0x838E1507, 0x1DF5163F, 0x83825AFB, 0x1DC4355D,
    0x8376B422, 0x1D934FE5, 0x836B207D, 0x1D6265DD, 0x835FA00E, 0x1D31774D, 0x835432D8, 0x1D00843C,
    0x8348D8DB, 0x1CCF8CB3, 0x833D921A, 0x1C9E90B8, 0x83325E97, 0x1C6D9053, 0x83273E52, 0x1C3C8B8C,
    0x831C314E, 0x1C0B826A, 0x8311378C, 0x1BDA74F5, 0x8306510F, 0x1BA96334, 0x82FB7DD8, 0x1B784D30,
    0x82F0BDE8, 0x1B4732EF, 0x82E61141, 0x1B161479, 0x82DB77E5, 0x1AE4F1D6, 0x82D0F1D5, 0x1AB3CB0C,
    0x82C67F13, 0x1A82A025, 0x82BC1FA1, 0x1A517127, 0x82B1D381, 0x1A203E1B, 0x82A79AB3, 0x19EF0706,
    0x829D753A, 0x19BDCBF2, 0x82936316, 0x198C8CE6, 0x8289644A, 0x195B49E9, 0x827F78D8, 0x192A0303,
    0x8275A0C0, 0x18F8B83C, 0x826BDC04, 0x18C7699B, 0x82622AA5, 0x18961727, 0x82588CA6, 0x1864C0E9,
    0x824F0208, 0x183366E8, 0x82458ACB, 0x1802092C, 0x823C26F2, 0x17D0A7BB, 0x8232D67E, 0x179F429F,
    0x82299971, 0x176DD9DE, 0x82206FCB, 0x173C6D80, 0x8217598F, 0x170AFD8D, 0x820E56BE, 0x16D98A0C,
    0x82056758, 0x16A81305, 0x81FC8B60, 0x1676987F, 0x81F3C2D7, 0x16451A83, 0x81EB0DBD, 0x16139917,
    0x81E26C16, 0x15E21444, 0x81D9DDE1, 0x15B08C11, 0x81D16320, 0x157F0086, 0x81C8FBD5, 0x154D71AA,
    0x81C0A801, 0x151BDF85, 0x81B867A4, 0x14EA4A1F, 0x81B03AC1, 0x14B8B17F, 0x81A82159, 0x148715AD,
    0x81A01B6C, 0x145576B1, 0x819828FD, 0x1423D492, 0x81904A0C, 0x13F22F57, 0x81887E9A, 0x13C0870A,
    0x8180C6A9, 0x138EDBB0, 0x8179223A, 0x135D2D53, 0x8171914E, 0x132B7BF9, 0x816A13E6, 0x12F9C7AA,
    0x8162AA03, 0x12C8106E, 0x815B53A8, 0x1296564D, 0x815410D3, 0x1264994E, 0x814CE188, 0x1232D978,
    0x8145C5C6, 0x120116D4, 0x813EBD90, 0x11CF516A, 0x8137C8E6, 0x119D8940, 0x8130E7C8, 0x116BBE5F,
    0x812A1A39, 0x1139F0CE, 0x81236039, 0x11082096, 0x811CB9CA, 0x10D64DBC, 0x811626EC, 0x10A4784A,
    0x810FA7A0, 0x1072A047, 0x81093BE8, 0x1040C5BB, 0x8102E3C3, 0x100EE8AD, 0x80FC9F35, 0x0FDD0925,
    0x80F66E3C, 0x0FAB272B, 0x80F050DB, 0x0F7942C6, 0x80EA4712, 0x0F475BFE, 0x80E450E2, 0x0F1572DC,
    0x80DE6E4C, 0x0EE38765, 0x80D89F51, 0x0EB199A3, 0x80D2E3F1, 0x0E7FA99D, 0x80CD3C2F, 0x0E4DB75B,
    0x80C7A80A, 0x0E1BC2E3, 0x80C22783, 0x0DE9CC3F, 0x80BCBA9C, 0x0DB7D376, 0x80B76155, 0x0D85D88F,
    0x80B21BAF, 0x0D53DB92, 0x80ACE9AB, 0x0D21DC87, 0x80A7CB49, 0x0CEFDB75, 0x80A2C08B, 0x0CBDD865,
    0x809DC970, 0x0C8BD35E, 0x8098E5FB, 0x0C59CC67, 0x8094162B, 0x0C27C389, 0x808F5A02, 0x0BF5B8CB,
    0x808AB180, 0x0BC3AC35, 0x80861CA5, 0x0B919DCE, 0x80819B74, 0x0B5F8D9F, 0x807D2DEB, 0x0B2D7BAE,
    0x8078D40D, 0x0AFB6805, 0x80748DD9, 0x0AC952AA, 0x80705B50, 0x0A973BA5, 0x806C3C73, 0x0A6522FE,
    0x80683143, 0x0A3308BC, 0x806439C0, 0x0A00ECE8, 0x806055EA, 0x09CECF89, 0x805C85C3, 0x099CB0A7,
    0x8058C94C, 0x096A9049, 0x80552083, 0x09386E77, 0x80518B6B, 0x09064B3A, 0x804E0A03, 0x08D42698,
    0x804A9C4D, 0x08A2009A, 0x80474248, 0x086FD947, 0x8043FBF6, 0x083DB0A7, 0x8040C956, 0x080B86C1,
    0x803DAA69, 0x07D95B9E, 0x803A9F31, 0x07A72F45, 0x8037A7AC, 0x077501BE, 0x8034C3DC, 0x0742D310,
    0x8031F3C1, 0x0710A344, 0x802F375C, 0x06DE7261, 0x802C8EAD, 0x06AC406F, 0x8029F9B4, 0x067A0D75,
    0x80277872, 0x0647D97C, 0x80250AE7, 0x0615A48A, 0x8022B113, 0x05E36EA9, 0x80206AF8, 0x05B137DF,
    0x801E3894, 0x057F0034, 0x801C19E9, 0x054CC7B0, 0x801A0EF7, 0x051A8E5C, 0x801817BF, 0x04E8543D,
    0x80163440, 0x04B6195D, 0x8014647A, 0x0483DDC3, 0x8012A86F, 0x0451A176, 0x8011001E, 0x041F647F,
    0x800F6B88, 0x03ED26E6, 0x800DEAAC, 0x03BAE8B1, 0x800C7D8C, 0x0388A9E9, 0x800B2427, 0x03566A96,
    0x8009DE7D, 0x03242ABF, 0x8008AC90, 0x02F1EA6B, 0x80078E5E, 0x02BFA9A4, 0x800683E8, 0x028D6870,
    0x80058D2E, 0x025B26D7, 0x8004AA31, 0x0228E4E1, 0x8003DAF0, 0x01F6A296, 0x80031F6C, 0x01C45FFE,
    0x800277A5, 0x01921D1F, 0x8001E39B, 0x015FDA03, 0x8001634D, 0x012D96B0, 0x8000F6BD, 0x00FB532F,
    0x80009DE9, 0x00C90F88, 0x800058D3, 0x0096CBC1, 0x8000277A, 0x006487E3, 0x800009DE, 0x003243F5,
    0x80000000, 0x00000000, 0x800009DE, 0xFFCDBC0A, 0x8000277A, 0xFF9B781D, 0x800058D3, 0xFF69343E,
    0x80009DE9, 0xFF36F078, 0x8000F6BD, 0xFF04ACD0, 0x8001634D, 0xFED2694F, 0x8001E39B, 0xFEA025FC,
    0x800277A5, 0xFE6DE2E0, 0x80031F6C, 0xFE3BA001, 0x8003DAF0, 0xFE095D69, 0x8004AA31, 0xFDD71B1E,
    0x80058D2E, 0xFDA4D928, 0x800683E8, 0xFD72978F, 0x80078E5E, 0xFD40565B, 0x8008AC90, 0xFD0E1594,
    0x8009DE7D, 0xFCDBD541, 0x800B2427, 0xFCA99569, 0x800C7D8C, 0xFC775616, 0x800DEAAC, 0xFC45174E,
    0x800F6B88, 0xFC12D919, 0x8011001E, 0xFBE09B80, 0x8012A86F, 0xFBAE5E89, 0x8014647A, 0xFB7C223C,
    0x80163440, 0xFB49E6A2, 0x801817BF, 0xFB17ABC2, 0x801A0EF7, 0xFAE571A4, 0x801C19E9, 0xFAB3384F,
    0x801E3894, 0xFA80FFCB, 0x80206AF8, 0xFA4EC820, 0x8022B113, 0xFA1C9156, 0x80250AE7, 0xF9EA5B75,
    0x80277872, 0xF9B82683, 0x8029F9B4, 0xF985F28A, 0x802C8EAD, 0xF953BF90, 0x802F375C, 0xF9218D9E,
    0x8031F3C1, 0xF8EF5CBB, 0x8034C3DC, 0xF8BD2CEF, 0x8037A7AC, 0xF88AFE41, 0x803A9F31, 0xF858D0BA,
    0x803DAA69, 0xF826A461, 0x8040C956, 0xF7F4793E, 0x8043FBF6, 0xF7C24F58, 0x80474248, 0xF79026B8,
    0x804A9C4D, 0xF75DFF65, 0x804E0A03, 0xF72BD967, 0x80518B6B, 0xF6F9B4C5, 0x80552083, 0xF6C79188,
    0x8058C94C, 0xF6956FB6, 0x805C85C3, 0xF6634F58, 0x806055EA, 0xF6313076, 0x806439C0, 0xF5FF1317,
    0x80683143, 0xF5CCF743, 0x806C3C73, 0xF59ADD01, 0x80705B50, 0xF568C45A, 0x80748DD9, 0xF536AD55,
    0x8078D40D, 0xF50497FA, 0x807D2DEB, 0xF4D28451, 0x80819B74, 0xF4A07260, 0x80861CA5, 0xF46E6231,
    0x808AB180, 0xF43C53CA, 0x808F5A02, 0xF40A4734, 0x8094162B, 0xF3D83C76, 0x8098E5FB, 0xF3A63398,
    0x809DC970, 0xF3742CA1, 0x80A2C08B, 0xF342279A, 0x80A7CB49, 0xF310248A, 0x80ACE9AB, 0xF2DE2378,
    0x80B21BAF, 0xF2AC246D, 0x80B76155, 0xF27A2770, 0x80BCBA9C, 0xF2482C89, 0x80C22783, 0xF21633C0,
    0x80C7A80A, 0xF1E43D1C, 0x80CD3C2F, 0xF1B248A5, 0x80D2E3F1, 0xF1805662, 0x80D89F51, 0xF14E665C,
    0x80DE6E4C, 0xF11C789A, 0x80E450E2, 0xF0EA8D23, 0x80EA4712, 0xF0B8A401, 0x80F050DB, 0xF086BD39,
    0x80F66E3C, 0xF054D8D4, 0x80FC9F35, 0xF022F6DA, 0x8102E3C3, 0xEFF11752, 0x81093BE8, 0xEFBF3A44,
    0x810FA7A0, 0xEF8D5FB8, 0x811626EC, 0xEF5B87B5, 0x811CB9CA, 0xEF29B243, 0x81236039, 0xEEF7DF6A,
    0x812A1A39, 0xEEC60F31, 0x8130E7C8, 0xEE9441A0, 0x8137C8E6, 0xEE6276BF, 0x813EBD90, 0xEE30AE95,
    0x8145C5C6, 0xEDFEE92B, 0x814CE188, 0xEDCD2687, 0x815410D3, 0xED9B66B2, 0x815B53A8, 0xED69A9B2,
    0x8162AA03, 0xED37EF91, 0x816A13E6, 0xED063855, 0x8171914E, 0xECD48406, 0x8179223A, 0xECA2D2AC,
    0x8180C6A9, 0xEC71244F, 0x81887E9A, 0xEC3F78F5, 0x81904A0C, 0xEC0DD0A8, 0x819828FD, 0xEBDC2B6D,
    0x81A01B6C, 0xEBAA894E, 0x81A82159, 0xEB78EA52, 0x81B03AC1, 0xEB474E80, 0x81B867A4, 0xEB15B5E0,
    0x81C0A801, 0xEAE4207A, 0x81C8FBD5, 0xEAB28E55, 0x81D16320, 0xEA80FF79, 0x81D9DDE1, 0xEA4F73EE,
    0x81E26C16, 0xEA1DEBBB, 0x81EB0DBD, 0xE9EC66E8, 0x81F3C2D7, 0xE9BAE57C, 0x81FC8B60, 0xE9896780,
    0x82056758, 0xE957ECFB, 0x820E56BE, 0xE92675F4, 0x8217598F, 0xE8F50273, 0x82206FCB, 0xE8C3927F,
    0x82299971, 0xE8922621, 0x8232D67E, 0xE860BD60, 0x823C26F2, 0xE82F5844, 0x82458ACB, 0xE7FDF6D3,
    0x824F0208, 0xE7CC9917, 0x82588CA6, 0xE79B3F16, 0x82622AA5, 0xE769E8D8, 0x826BDC04, 0xE7389664,
    0x8275A0C0, 0xE70747C3, 0x827F78D8, 0xE6D5FCFC, 0x8289644A, 0xE6A4B616, 0x82936316, 0xE6737319,
    0x829D753A, 0xE642340D, 0x82A79AB3, 0xE610F8F9, 0x82B1D381, 0xE5DFC1E4, 0x82BC1FA1, 0xE5AE8ED8,
    0x82C67F13, 0xE57D5FDA, 0x82D0F1D5, 0xE54C34F3, 0x82DB77E5, 0xE51B0E2A, 0x82E61141, 0xE4E9EB86,
    0x82F0BDE8, 0xE4B8CD10, 0x82FB7DD8, 0xE487B2CF, 0x8306510F, 0xE4569CCB, 0x8311378C, 0xE4258B0A,
    0x831C314E, 0xE3F47D95, 0x83273E52, 0xE3C37473, 0x83325E97, 0xE3926FAC, 0x833D921A, 0xE3616F47,
    0x8348D8DB, 0xE330734C, 0x835432D8, 0xE2FF7BC3, 0x835FA00E, 0xE2CE88B2, 0x836B207D, 0xE29D9A22,
    0x8376B422, 0xE26CB01A, 0x83825AFB, 0xE23BCAA2, 0x838E1507, 0xE20AE9C1, 0x8399E244, 0xE1DA0D7E,
    0x83A5C2B0, 0xE1A935E1, 0x83B1B649, 0xE17862F3, 0x83BDBD0D, 0xE14794B9, 0x83C9D6FB, 0xE116CB3D,
    0x83D60411, 0xE0E60684, 0x83E2444D, 0xE0B54698, 0x83EE97AC, 0xE0848B7F, 0x83FAFE2E, 0xE053D541,
    0x840777CF, 0xE02323E5, 0x8414048F, 0xDFF27773, 0x8420A46B, 0xDFC1CFF2, 0x842D5761, 0xDF912D6A,
    0x843A1D70, 0xDF608FE3, 0x8446F695, 0xDF2FF764, 0x8453E2CE, 0xDEFF63F4, 0x8460E21A, 0xDECED59B,
    0x846DF476, 0xDE9E4C60, 0x847B19E1, 0xDE6DC84B, 0x84885257, 0xDE3D4963, 0x84959DD9, 0xDE0CCFB1,
    0x84A2FC62, 0xDDDC5B3A, 0x84B06DF1, 0xDDABEC07, 0x84BDF285, 0xDD7B8220, 0x84CB8A1B, 0xDD4B1D8B,
    0x84D934B0, 0xDD1ABE51, 0x84E6F244, 0xDCEA6478, 0x84F4C2D3, 0xDCBA1008, 0x8502A65C, 0xDC89C108,
    0x85109CDC, 0xDC597781, 0x851EA652, 0xDC293379, 0x852CC2BA, 0xDBF8F4F8, 0x853AF214, 0xDBC8BC05,
    0x8549345C, 0xDB9888A8, 0x85578991, 0xDB685AE8, 0x8565F1B0, 0xDB3832CD, 0x85746CB7, 0xDB08105E,
    0x8582FAA4, 0xDAD7F3A2, 0x85919B75, 0xDAA7DCA1, 0x85A04F28, 0xDA77CB62, 0x85AF15B9, 0xDA47BFED,
    0x85BDEF27, 0xDA17BA4A, 0x85CCDB70, 0xD9E7BA7E, 0x85DBDA91, 0xD9B7C093, 0x85EAEC88, 0xD987CC8F,
    0x85FA1152, 0xD957DE7A, 0x860948EE, 0xD927F65B, 0x86189359, 0xD8F81439, 0x8627F090, 0xD8C8381C,
    0x86376092, 0xD898620C, 0x8646E35B, 0xD868920F, 0x865678EA, 0xD838C82D, 0x8666213C, 0xD809046D,
    0x8675DC4E, 0xD7D946D7, 0x8685AA1F, 0xD7A98F73, 0x86958AAB, 0xD779DE46, 0x86A57DF1, 0xD74A335A,
    0x86B583EE, 0xD71A8EB5, 0x86C59C9F, 0xD6EAF05E, 0x86D5C802, 0xD6BB585D, 0x86E60614, 0xD68BC6BA,
    0x86F656D3, 0xD65C3B7B, 0x8706BA3C, 0xD62CB6A7, 0x8717304E, 0xD5FD3847, 0x8727B904, 0xD5CDC062,
    0x8738545E, 0xD59E4EFE, 0x87490257, 0xD56EE424, 0x8759C2EF, 0xD53F7FDA, 0x876A9621, 0xD5102227,
    0x877B7BEC, 0xD4E0CB14, 0x878C744C, 0xD4B17AA7, 0x879D7F40, 0xD48230E8, 0x87AE9CC5, 0xD452EDDE,
    0x87BFCCD7, 0xD423B190, 0x87D10F75, 0xD3F47C06, 0x87E2649B, 0xD3C54D46, 0x87F3CC47, 0xD3962559,
    0x88054677, 0xD3670445, 0x8816D327, 0xD337EA12, 0x88287255, 0xD308D6C6, 0x883A23FE, 0xD2D9CA6A,
    0x884BE820, 0xD2AAC504, 0x885DBEB7, 0xD27BC69C, 0x886FA7C2, 0xD24CCF38, 0x8881A33C, 0xD21DDEE1,
    0x8893B124, 0xD1EEF59E, 0x88A5D177, 0xD1C01374, 0x88B80431, 0xD191386D, 0x88CA4951, 0xD162648F,
    0x88DCA0D3, 0xD13397E1, 0x88EF0AB4, 0xD104D26B, 0x890186F1, 0xD0D61433, 0x89141589, 0xD0A75D42,
    0x8926B677, 0xD078AD9D, 0x893969B9, 0xD04A054D, 0x894C2F4C, 0xD01B6459, 0x895F072D, 0xCFECCAC7,
    0x8971F15A, 0xCFBE389F, 0x8984EDCF, 0xCF8FADE8, 0x8997FC89, 0xCF612AAA, 0x89AB1D86, 0xCF32AEEB,
    0x89BE50C3, 0xCF043AB2, 0x89D1963C, 0xCED5CE08, 0x89E4EDEE, 0xCEA768F2, 0x89F857D8, 0xCE790B78,
    0x8A0BD3F5, 0xCE4AB5A2, 0x8A1F6242, 0xCE1C6776, 0x8A3302BD, 0xCDEE20FC, 0x8A46B563, 0xCDBFE23A,
    0x8A5A7A30, 0xCD91AB38, 0x8A6E5122, 0xCD637BFD, 0x8A823A35, 0xCD355490, 0x8A963567, 0xCD0734F8,
    0x8AAA42B4, 0xCCD91D3D, 0x8ABE6219, 0xCCAB0D65, 0x8AD29393, 0xCC7D0577, 0x8AE6D71F, 0xCC4F057B,
    0x8AFB2CBA, 0xCC210D78, 0x8B0F9461, 0xCBF31D75, 0x8B240E10, 0xCBC53578, 0x8B3899C5, 0xCB975589,
    0x8B4D377C, 0xCB697DB0, 0x8B61E732, 0xCB3BADF2, 0x8B76A8E4, 0xCB0DE658, 0x8B8B7C8F, 0xCAE026E8,
    0x8BA0622F, 0xCAB26FA9, 0x8BB559C1, 0xCA84C0A2, 0x8BCA6342, 0xCA5719DB, 0x8BDF7EAF, 0xCA297B5A,
    0x8BF4AC05, 0xC9FBE527, 0x8C09EB40, 0xC9CE5748, 0x8C1F3C5C, 0xC9A0D1C4, 0x8C349F58, 0xC97354A3,
    0x8C4A142F, 0xC945DFEC, 0x8C5F9ADD, 0xC91873A5, 0x8C753361, 0xC8EB0FD6, 0x8C8ADDB6, 0xC8BDB485,
    0x8CA099D9, 0xC89061BA, 0x8CB667C7, 0xC863177B, 0x8CCC477D, 0xC835D5D0, 0x8CE238F6, 0xC8089CBF,
    0x8CF83C30, 0xC7DB6C50, 0x8D0E5127, 0xC7AE4489, 0x8D2477D8, 0xC7812571, 0x8D3AB03F, 0xC7540F10,
    0x8D50FA59, 0xC727016C, 0x8D675623, 0xC6F9FC8D, 0x8D7DC399, 0xC6CD0079, 0x8D9442B7, 0xC6A00D36,
    0x8DAAD37B, 0xC67322CD, 0x8DC175E0, 0xC6464144, 0x8DD829E4, 0xC61968A2, 0x8DEEEF82, 0xC5EC98ED,
    0x8E05C6B7, 0xC5BFD22E, 0x8E1CAF80, 0xC593146A, 0x8E33A9D9, 0xC5665FA8, 0x8E4AB5BF, 0xC539B3F0,
    0x8E61D32D, 0xC50D1148, 0x8E790222, 0xC4E077B8, 0x8E904298, 0xC4B3E746, 0x8EA7948C, 0xC4875FF8,
    0x8EBEF7FB, 0xC45AE1D7, 0x8ED66CE1, 0xC42E6CE8, 0x8EEDF33B, 0xC4020132, 0x8F058B04, 0xC3D59EBD,
    0x8F1D343A, 0xC3A9458F, 0x8F34EED8, 0xC37CF5B0, 0x8F4CBADB, 0xC350AF25, 0x8F64983F, 0xC32471F6,
    0x8F7C8701, 0xC2F83E2A, 0x8F94871D, 0xC2CC13C7, 0x8FAC988E, 0xC29FF2D4, 0x8FC4BB53, 0xC273DB58,
    0x8FDCEF66, 0xC247CD5A, 0x8FF534C4, 0xC21BC8E0, 0x900D8B69, 0xC1EFCDF2, 0x9025F352, 0xC1C3DC96,
    0x903E6C7A, 0xC197F4D3, 0x9056F6DF, 0xC16C16B0, 0x906F927B, 0xC1404233, 0x90883F4C, 0xC1147763,
    0x90A0FD4E, 0xC0E8B648, 0x90B9CC7C, 0xC0BCFEE7, 0x90D2ACD3, 0xC0915147, 0x90EB9E50, 0xC065AD70,
    0x9104A0ED, 0xC03A1368, 0x911DB4A8, 0xC00E8335, 0x9136D97D, 0xBFE2FCDF, 0x91500F67, 0xBFB7806C,
    0x91695663, 0xBF8C0DE2, 0x9182AE6C, 0xBF60A54A, 0x919C1780, 0xBF3546A8, 0x91B5919A, 0xBF09F204,
    0x91CF1CB6, 0xBEDEA765, 0x91E8B8D0, 0xBEB366D1, 0x920265E4, 0xBE88304F, 0x921C23EE, 0xBE5D03E5,
    0x9235F2EB, 0xBE31E19B, 0x924FD2D6, 0xBE06C977, 0x9269C3AC, 0xBDDBBB7F, 0x9283C567, 0xBDB0B7BA,
    0x929DD805, 0xBD85BE2F, 0x92B7FB82, 0xBD5ACEE5, 0x92D22FD8, 0xBD2FE9E1, 0x92EC7505, 0xBD050F2C,
    0x9306CB04, 0xBCDA3ECA, 0x932131D1, 0xBCAF78C3, 0x933BA968, 0xBC84BD1E, 0x935631C5, 0xBC5A0BE1,
    0x9370CAE4, 0xBC2F6513, 0x938B74C0, 0xBC04C8BA, 0x93A62F56, 0xBBDA36DC, 0x93C0FAA2, 0xBBAFAF81,
    0x93DBD69F, 0xBB8532AF, 0x93F6C34A, 0xBB5AC06C, 0x9411C09D, 0xBB3058C0, 0x942CCE95, 0xBB05FBB0,
    0x9447ED2F, 0xBADBA943, 0x94631C64, 0xBAB1617F, 0x947E5C32, 0xBA87246C, 0x9499AC95, 0xBA5CF210,
    0x94B50D87, 0xBA32CA70, 0x94D07F05, 0xBA08AD94, 0x94EC010B, 0xB9DE9B83, 0x95079393, 0xB9B49442,
    0x9523369B, 0xB98A97D8, 0x953EEA1E, 0xB960A64B, 0x955AAE17, 0xB936BFA3, 0x95768282, 0xB90CE3E6,
    0x9592675B, 0xB8E31319, 0x95AE5C9E, 0xB8B94D44, 0x95CA6246, 0xB88F926C, 0x95E6784F, 0xB865E299,
    0x96029EB5, 0xB83C3DD1, 0x961ED573, 0xB812A419, 0x963B1C85, 0xB7E9157A, 0x965773E7, 0xB7BF91F8,
    0x9673DB94, 0xB796199B, 0x96905387, 0xB76CAC68, 0x96ACDBBD, 0xB7434A67, 0x96C97431, 0xB719F39D,
    0x96E61CDF, 0xB6F0A811, 0x9702D5C2, 0xB6C767CA, 0x971F9ED6, 0xB69E32CD, 0x973C7816, 0xB6750921,
    0x9759617E, 0xB64BEACC, 0x97765B0A, 0xB622D7D5, 0x979364B5, 0xB5F9D042, 0x97B07E7A, 0xB5D0D41A,
    0x97CDA855, 0xB5A7E362, 0x97EAE241, 0xB57EFE21, 0x98082C3B, 0xB556245E, 0x9825863D, 0xB52D561E,
    0x9842F043, 0xB5049368, 0x98606A48, 0xB4DBDC42, 0x987DF449, 0xB4B330B2, 0x989B8E3F, 0xB48A90C0,
    0x98B93828, 0xB461FC70, 0x98D6F1FE, 0xB43973C9, 0x98F4BBBC, 0xB410F6D2, 0x9912955E, 0xB3E88591,
    0x99307EE0, 0xB3C0200C, 0x994E783C, 0xB397C649, 0x996C816F, 0xB36F784E, 0x998A9A73, 0xB3473622,
    0x99A8C344, 0xB31EFFCB, 0x99C6FBDE, 0xB2F6D54F, 0x99E5443A, 0xB2CEB6B5, 0x9A039C56, 0xB2A6A401,
    0x9A22042C, 0xB27E9D3B, 0x9A407BB8, 0xB256A26A, 0x9A5F02F5, 0xB22EB392, 0x9A7D99DD, 0xB206D0BA,
    0x9A9C406D, 0xB1DEF9E8, 0x9ABAF6A0, 0xB1B72F23, 0x9AD9BC71, 0xB18F7070, 0x9AF891DB, 0xB167BDD6,
    0x9B1776D9, 0xB140175B, 0x9B366B67, 0xB1187D05, 0x9B556F80, 0xB0F0EEDA, 0x9B748320, 0xB0C96CDF,
    0x9B93A640, 0xB0A1F71C, 0x9BB2D8DD, 0xB07A8D97, 0x9BD21AF2, 0xB0533055, 0x9BF16C7A, 0xB02BDF5C,
    0x9C10CD70, 0xB0049AB2, 0x9C303DCF, 0xAFDD625F, 0x9C4FBD92, 0xAFB63667, 0x9C6F4CB5, 0xAF8F16D0,
    0x9C8EEB33, 0xAF6803A1, 0x9CAE9907, 0xAF40FCE0, 0x9CCE562B, 0xAF1A0293, 0x9CEE229C, 0xAEF314BF,
    0x9D0DFE53, 0xAECC336B, 0x9D2DE94D, 0xAEA55E9D, 0x9D4DE384, 0xAE7E965B, 0x9D6DECF4, 0xAE57DAAA,
    0x9D8E0596, 0xAE312B91, 0x9DAE2D68, 0xAE0A8916, 0x9DCE6462, 0xADE3F33E, 0x9DEEAA82, 0xADBD6A10,
    0x9E0EFFC1, 0xAD96ED91, 0x9E2F641A, 0xAD707DC8, 0x9E4FD789, 0xAD4A1ABA, 0x9E705A09, 0xAD23C46D,
    0x9E90EB94, 0xACFD7AE8, 0x9EB18C26, 0xACD73E30, 0x9ED23BB9, 0xACB10E4A, 0x9EF2FA48, 0xAC8AEB3E,
    0x9F13C7D0, 0xAC64D510, 0x9F34A449, 0xAC3ECBC7, 0x9F558FB0, 0xAC18CF68, 0x9F7689FF, 0xABF2DFFA,
    0x9F979331, 0xABCCFD82, 0x9FB8AB41, 0xABA72806, 0x9FD9D22A, 0xAB815F8C, 0x9FFB07E7, 0xAB5BA41A,
    0xA01C4C72, 0xAB35F5B5, 0xA03D9FC7, 0xAB105464, 0xA05F01E1, 0xAAEAC02B, 0xA08072BA, 0xAAC53912,
    0xA0A1F24C, 0xAA9FBF1D, 0xA0C38094, 0xAA7A5253, 0xA0E51D8C, 0xAA54F2B9, 0xA106C92E, 0xAA2FA055,
    0xA1288376, 0xAA0A5B2D, 0xA14A4C5E, 0xA9E52347, 0xA16C23E1, 0xA9BFF8A8, 0xA18E09F9, 0xA99ADB56,
    0xA1AFFEA2, 0xA975CB56, 0xA1D201D7, 0xA950C8AF, 0xA1F41391, 0xA92BD366, 0xA21633CD, 0xA906EB81,
    0xA2386283, 0xA8E21106, 0xA25A9FB1, 0xA8BD43FA, 0xA27CEB4F, 0xA8988463, 0xA29F4559, 0xA873D246,
    0xA2C1ADC9, 0xA84F2DA9, 0xA2E4249A, 0xA82A9693, 0xA306A9C7, 0xA8060D08, 0xA3293D4B, 0xA7E1910E,
    0xA34BDF20, 0xA7BD22AB, 0xA36E8F40, 0xA798C1E4, 0xA3914DA7, 0xA7746EC0, 0xA3B41A4F, 0xA7502943,
    0xA3D6F533, 0xA72BF173, 0xA3F9DE4D, 0xA707C756, 0xA41CD598, 0xA6E3AAF2, 0xA43FDB0F, 0xA6BF9C4B,
    0xA462EEAC, 0xA69B9B68, 0xA4861069, 0xA677A84E, 0xA4A94042, 0xA653C302, 0xA4CC7E31, 0xA62FEB8B,
    0xA4EFCA31, 0xA60C21ED, 0xA513243B, 0xA5E8662F, 0xA5368C4B, 0xA5C4B855, 0xA55A025B, 0xA5A11865,
    0xA57D8666, 0xA57D8666, 0xA5A11865, 0xA55A025B, 0xA5C4B855, 0xA5368C4B, 0xA5E8662F, 0xA513243B,
    0xA60C21ED, 0xA4EFCA31, 0xA62FEB8B, 0xA4CC7E31, 0xA653C302, 0xA4A94042, 0xA677A84E, 0xA4861069,
    0xA69B9B68, 0xA462EEAC, 0xA6BF9C4B, 0xA43FDB0F, 0xA6E3AAF2, 0xA41CD598, 0xA707C756, 0xA3F9DE4D,
    0xA72BF173, 0xA3D6F533, 0xA7502943, 0xA3B41A4F, 0xA7746EC0, 0xA3914DA7, 0xA798C1E4, 0xA36E8F40,
    0xA7BD22AB, 0xA34BDF20, 0xA7E1910E, 0xA3293D4B, 0xA8060D08, 0xA306A9C7, 0xA82A9693, 0xA2E4249A,
    0xA84F2DA9, 0xA2C1ADC9, 0xA873D246, 0xA29F4559, 0xA8988463, 0xA27CEB4F, 0xA8BD43FA, 0xA25A9FB1,
    0xA8E21106, 0xA2386283, 0xA906EB81, 0xA21633CD, 0xA92BD366, 0xA1F41391, 0xA950C8AF, 0xA1D201D7,
    0xA975CB56, 0xA1AFFEA2, 0xA99ADB56, 0xA18E09F9, 0xA9BFF8A8, 0xA16C23E1, 0xA9E52347, 0xA14A4C5E,
    0xAA0A5B2D, 0xA1288376, 0xAA2FA055, 0xA106C92E, 0xAA54F2B9, 0xA0E51D8C, 0xAA7A5253, 0xA0C38094,
    0xAA9FBF1D, 0xA0A1F24C, 0xAAC53912, 0xA08072BA, 0xAAEAC02B, 0xA05F01E1, 0xAB105464, 0xA03D9FC7,
    0xAB35F5B5, 0xA01C4C72, 0xAB5BA41A, 0x9FFB07E7, 0xAB815F8C, 0x9FD9D22A, 0xABA72806, 0x9FB8AB41,
    0xABCCFD82, 0x9F979331, 0xABF2DFFA, 0x9F7689FF, 0xAC18CF68, 0x9F558FB0, 0xAC3ECBC7, 0x9F34A449,
    0xAC64D510, 0x9F13C7D0, 0xAC8AEB3E, 0x9EF2FA48, 0xACB10E4A, 0x9ED23BB9, 0xACD73E30, 0x9EB18C26,
    0xACFD7AE8, 0x9E90EB94, 0xAD23C46D, 0x9E705A09, 0xAD4A1ABA, 0x9E4FD789, 0xAD707DC8, 0x9E2F641A,
    0xAD96ED91, 0x9E0EFFC1, 0xADBD6A10, 0x9DEEAA82, 0xADE3F33E, 0x9DCE6462, 0xAE0A8916, 0x9DAE2D68,
    0xAE312B91, 0x9D8E0596, 0xAE57DAAA, 0x9D6DECF4, 0xAE7E965B, 0x9D4DE384, 0xAEA55E9D, 0x9D2DE94D,
    0xAECC336B, 0x9D0DFE53, 0xAEF314BF, 0x9CEE229C, 0xAF1A0293, 0x9CCE562B, 0xAF40FCE0, 0x9CAE9907,
    0xAF6803A1, 0x9C8EEB33, 0xAF8F16D0, 0x9C6F4CB5, 0xAFB63667, 0x9C4FBD92, 0xAFDD625F, 0x9C303DCF,
    0xB0049AB2, 0x9C10CD70, 0xB02BDF5C, 0x9BF16C7A, 0xB0533055, 0x9BD21AF2, 0xB07A8D97, 0x9BB2D8DD,
    0xB0A1F71C, 0x9B93A640, 0xB0C96CDF, 0x9B748320, 0xB0F0EEDA, 0x9B556F80, 0xB1187D05, 0x9B366B67,
    0xB140175B, 0x9B1776D9, 0xB167BDD6, 0x9AF891DB, 0xB18F7070, 0x9AD9BC71, 0xB1B72F23, 0x9ABAF6A0,
    0xB1DEF9E8, 0x9A9C406D, 0xB206D0BA, 0x9A7D99DD, 0xB22EB392, 0x9A5F02F5, 0xB256A26A, 0x9A407BB8,
    0xB27E9D3B, 0x9A22042C, 0xB2A6A401, 0x9A039C56, 0xB2CEB6B5, 0x99E5443A, 0xB2F6D54F, 0x99C6FBDE,
    0xB31EFFCB, 0x99A8C344, 0xB3473622, 0x998A9A73, 0xB36F784E, 0x996C816F, 0xB397C649, 0x994E783C,
    0xB3C0200C, 0x99307EE0, 0xB3E88591, 0x9912955E, 0xB410F6D2, 0x98F4BBBC, 0xB43973C9, 0x98D6F1FE,
    0xB461FC70, 0x98B93828, 0xB48A90C0, 0x989B8E3F, 0xB4B330B2, 0x987DF449, 0xB4DBDC42, 0x98606A48,
    0xB5049368, 0x9842F043, 0xB52D561E, 0x9825863D, 0xB556245E, 0x98082C3B, 0xB57EFE21, 0x97EAE241,
    0xB5A7E362, 0x97CDA855, 0xB5D0D41A, 0x97B07E7A, 0xB5F9D042, 0x979364B5, 0xB622D7D5, 0x97765B0A,
    0xB64BEACC, 0x9759617E, 0xB6750921, 0x973C7816, 0xB69E32CD, 0x971F9ED6, 0xB6C767CA, 0x9702D5C2,
    0xB6F0A811, 0x96E61CDF, 0xB719F39D, 0x96C97431, 0xB7434A67, 0x96ACDBBD, 0xB76CAC68, 0x96905387,
    0xB796199B, 0x9673DB94, 0xB7BF91F8, 0x965773E7, 0xB7E9157A, 0x963B1C85, 0xB812A419, 0x961ED573,
    0xB83C3DD1, 0x96029EB5, 0xB865E299, 0x95E6784F, 0xB88F926C, 0x95CA6246, 0xB8B94D44, 0x95AE5C9E,
    0xB8E31319, 0x9592675B, 0xB90CE3E6, 0x95768282, 0xB936BFA3, 0x955AAE17, 0xB960A64B, 0x953EEA1E,
    0xB98A97D8, 0x9523369B, 0xB9B49442, 0x95079393, 0xB9DE9B83, 0x94EC010B, 0xBA08AD94, 0x94D07F05,
    0xBA32CA70, 0x94B50D87, 0xBA5CF210, 0x9499AC95, 0xBA87246C, 0x947E5C32, 0xBAB1617F, 0x94631C64,
    0xBADBA943, 0x9447ED2F, 0xBB05FBB0, 0x942CCE95, 0xBB3058C0, 0x9411C09D, 0xBB5AC06C, 0x93F6C34A,
    0xBB8532AF, 0x93DBD69F, 0xBBAFAF81, 0x93C0FAA2, 0xBBDA36DC, 0x93A62F56, 0xBC04C8BA, 0x938B74C0,
    0xBC2F6513, 0x9370CAE4, 0xBC5A0BE1, 0x935631C5, 0xBC84BD1E, 0x933BA968, 0xBCAF78C3, 0x932131D1,
    0xBCDA3ECA, 0x9306CB04, 0xBD050F2C, 0x92EC7505, 0xBD2FE9E1, 0x92D22FD8, 0xBD5ACEE5, 0x92B7FB82,
    0xBD85BE2F, 0x929DD805, 0xBDB0B7BA, 0x9283C567, 0xBDDBBB7F, 0x9269C3AC, 0xBE06C977, 0x924FD2D6,
    0xBE31E19B, 0x9235F2EB, 0xBE5D03E5, 0x921C23EE, 0xBE88304F, 0x920265E4, 0xBEB366D1, 0x91E8B8D0,
    0xBEDEA765, 0x91CF1CB6, 0xBF09F204, 0x91B5919A, 0xBF3546A8, 0x919C1780, 0xBF60A54A, 0x9182AE6C,
    0xBF8C0DE2, 0x91695663, 0xBFB7806C, 0x91500F67, 0xBFE2FCDF, 0x9136D97D, 0xC00E8335, 0x911DB4A8,
    0xC03A1368, 0x9104A0ED, 0xC065AD70, 0x90EB9E50, 0xC0915147, 0x90D2ACD3, 0xC0BCFEE7, 0x90B9CC7C,
    0xC0E8B648, 0x90A0FD4E, 0xC1147763, 0x90883F4C, 0xC1404233, 0x906F927B, 0xC16C16B0, 0x9056F6DF,
    0xC197F4D3, 0x903E6C7A, 0xC1C3DC96, 0x9025F352, 0xC1EFCDF2, 0x900D8B69, 0xC21BC8E0, 0x8FF534C4,
    0xC247CD5A, 0x8FDCEF66, 0xC273DB58, 0x8FC4BB53, 0xC29FF2D4, 0x8FAC988E, 0xC2CC13C7, 0x8F94871D,
    0xC2F83E2A, 0x8F7C8701, 0xC32471F6, 0x8F64983F, 0xC350AF25, 0x8F4CBADB, 0xC37CF5B0, 0x8F34EED8,
    0xC3A9458F, 0x8F1D343A, 0xC3D59EBD, 0x8F058B04, 0xC4020132, 0x8EEDF33B, 0xC42E6CE8, 0x8ED66CE1,
    0xC45AE1D7, 0x8EBEF7FB, 0xC4875FF8, 0x8EA7948C, 0xC4B3E746, 0x8E904298, 0xC4E077B8, 0x8E790222,
    0xC50D1148, 0x8E61D32D, 0xC539B3F0, 0x8E4AB5BF, 0xC5665FA8, 0x8E33A9D9, 0xC593146A, 0x8E1CAF80,
    0xC5BFD22E, 0x8E05C6B7, 0xC5EC98ED, 0x8DEEEF82, 0xC61968A2, 0x8DD829E4, 0xC6464144, 0x8DC175E0,
    0xC67322CD, 0x8DAAD37B, 0xC6A00D36, 0x8D9442B7, 0xC6CD0079, 0x8D7DC399, 0xC6F9FC8D, 0x8D675623,
    0xC727016C, 0x8D50FA59, 0xC7540F10, 0x8D3AB03F, 0xC7812571, 0x8D2477D8, 0xC7AE4489, 0x8D0E5127,
    0xC7DB6C50, 0x8CF83C30, 0xC8089CBF, 0x8CE238F6, 0xC835D5D0, 0x8CCC477D, 0xC863177B, 0x8CB667C7,
    0xC89061BA, 0x8CA099D9, 0xC8BDB485, 0x8C8ADDB6, 0xC8EB0FD6, 0x8C753361, 0xC91873A5, 0x8C5F9ADD,
    0xC945DFEC, 0x8C4A142F, 0xC97354A3, 0x8C349F58, 0xC9A0D1C4, 0x8C1F3C5C, 0xC9CE5748, 0x8C09EB40,
    0xC9FBE527, 0x8BF4AC05, 0xCA297B5A, 0x8BDF7EAF, 0xCA5719DB, 0x8BCA6342, 0xCA84C0A2, 0x8BB559C1,
    0xCAB26FA9, 0x8BA0622F, 0xCAE026E8, 0x8B8B7C8F, 0xCB0DE658, 0x8B76A8E4, 0xCB3BADF2, 0x8B61E732,
    0xCB697DB0, 0x8B4D377C, 0xCB975589, 0x8B3899C5, 0xCBC53578, 0x8B240E10, 0xCBF31D75, 0x8B0F9461,
    0xCC210D78, 0x8AFB2CBA, 0xCC4F057B, 0x8AE6D71F, 0xCC7D0577, 0x8AD29393, 0xCCAB0D65, 0x8ABE6219,
    0xCCD91D3D, 0x8AAA42B4, 0xCD0734F8, 0x8A963567, 0xCD355490, 0x8A823A35, 0xCD637BFD, 0x8A6E5122,
    0xCD91AB38, 0x8A5A7A30, 0xCDBFE23A, 0x8A46B563, 0xCDEE20FC, 0x8A3302BD, 0xCE1C6776, 0x8A1F6242,
    0xCE4AB5A2, 0x8A0BD3F5, 0xCE790B78, 0x89F857D8, 0xCEA768F2, 0x89E4EDEE, 0xCED5CE08, 0x89D1963C,
    0xCF043AB2, 0x89BE50C3, 0xCF32AEEB, 0x89AB1D86, 0xCF612AAA, 0x8997FC89, 0xCF8FADE8, 0x8984EDCF,
    0xCFBE389F, 0x8971F15A, 0xCFECCAC7, 0x895F072D, 0xD01B6459, 0x894C2F4C, 0xD04A054D, 0x893969B9,
    0xD078AD9D, 0x8926B677, 0xD0A75D42, 0x89141589, 0xD0D61433, 0x890186F1, 0xD104D26B, 0x88EF0AB4,
    0xD13397E1, 0x88DCA0D3, 0xD162648F, 0x88CA4951, 0xD191386D, 0x88B80431, 0xD1C01374, 0x88A5D177,
    0xD1EEF59E, 0x8893B124, 0xD21DDEE1, 0x8881A33C, 0xD24CCF38, 0x886FA7C2, 0xD27BC69C, 0x885DBEB7,
    0xD2AAC504, 0x884BE820, 0xD2D9CA6A, 0x883A23FE, 0xD308D6C6, 0x88287255, 0xD337EA12, 0x8816D327,
    0xD3670445, 0x88054677, 0xD3962559, 0x87F3CC47, 0xD3C54D46, 0x87E2649B, 0xD3F47C06, 0x87D10F75,
    0xD423B190, 0x87BFCCD7, 0xD452EDDE, 0x87AE9CC5, 0xD48230E8, 0x879D7F40, 0xD4B17AA7, 0x878C744C,
    0xD4E0CB14, 0x877B7BEC, 0xD5102227, 0x876A9621, 0xD53F7FDA, 0x8759C2EF, 0xD56EE424, 0x87490257,
    0xD59E4EFE, 0x8738545E, 0xD5CDC062, 0x8727B904, 0xD5FD3847, 0x8717304E, 0xD62CB6A7, 0x8706BA3C,
    0xD65C3B7B, 0x86F656D3, 0xD68BC6BA, 0x86E60614, 0xD6BB585D, 0x86D5C802, 0xD6EAF05E, 0x86C59C9F,
    0xD71A8EB5, 0x86B583EE, 0xD74A335A, 0x86A57DF1, 0xD779DE46, 0x86958AAB, 0xD7A98F73, 0x8685AA1F,
    0xD7D946D7, 0x8675DC4E, 0xD809046D, 0x8666213C, 0xD838C82D, 0x865678EA, 0xD868920F, 0x8646E35B,
    0xD898620C, 0x86376092, 0xD8C8381C, 0x8627F090, 0xD8F81439, 0x86189359, 0xD927F65B, 0x860948EE,
    0xD957DE7A, 0x85FA1152, 0xD987CC8F, 0x85EAEC88, 0xD9B7C093, 0x85DBDA91, 0xD9E7BA7E, 0x85CCDB70,
    0xDA17BA4A, 0x85BDEF27, 0xDA47BFED, 0x85AF15B9, 0xDA77CB62, 0x85A04F28, 0xDAA7DCA1, 0x85919B75,
    0xDAD7F3A2, 0x8582FAA4, 0xDB08105E, 0x85746CB7, 0xDB3832CD, 0x8565F1B0, 0xDB685AE8, 0x85578991,
    0xDB9888A8, 0x8549345C, 0xDBC8BC05, 0x853AF214, 0xDBF8F4F8, 0x852CC2BA, 0xDC293379, 0x851EA652,
    0xDC597781, 0x85109CDC, 0xDC89C108, 0x8502A65C, 0xDCBA1008, 0x84F4C2D3, 0xDCEA6478, 0x84E6F244,
    0xDD1ABE51, 0x84D934B0, 0xDD4B1D8B, 0x84CB8A1B, 0xDD7B8220, 0x84BDF285, 0xDDABEC07, 0x84B06DF1,
    0xDDDC5B3A, 0x84A2FC62, 0xDE0CCFB1, 0x84959DD9, 0xDE3D4963, 0x84885257, 0xDE6DC84B, 0x847B19E1,
    0xDE9E4C60, 0x846DF476, 0xDECED59B, 0x8460E21A, 0xDEFF63F4, 0x8453E2CE, 0xDF2FF764, 0x8446F695,
    0xDF608FE3, 0x843A1D70, 0xDF912D6A, 0x842D5761, 0xDFC1CFF2, 0x8420A46B, 0xDFF27773, 0x8414048F,
    0xE02323E5, 0x840777CF, 0xE053D541, 0x83FAFE2E, 0xE0848B7F, 0x83EE97AC, 0xE0B54698, 0x83E2444D,
    0xE0E60684, 0x83D60411, 0xE116CB3D, 0x83C9D6FB, 0xE14794B9, 0x83BDBD0D, 0xE17862F3, 0x83B1B649,
    0xE1A935E1, 0x83A5C2B0, 0xE1DA0D7E, 0x8399E244, 0xE20AE9C1, 0x838E1507, 0xE23BCAA2, 0x83825AFB,
    0xE26CB01A, 0x8376B422, 0xE29D9A22, 0x836B207D, 0xE2CE88B2, 0x835FA00E, 0xE2FF7BC3, 0x835432D8,
    0xE330734C, 0x8348D8DB, 0xE3616F47, 0x833D921A, 0xE3926FAC, 0x83325E97, 0xE3C37473, 0x83273E52,
    0xE3F47D95, 0x831C314E, 0xE4258B0A, 0x8311378C, 0xE4569CCB, 0x8306510F, 0xE487B2CF, 0x82FB7DD8,
    0xE4B8CD10, 0x82F0BDE8, 0xE4E9EB86, 0x82E61141, 0xE51B0E2A, 0x82DB77E5, 0xE54C34F3, 0x82D0F1D5,
    0xE57D5FDA, 0x82C67F13, 0xE5AE8ED8, 0x82BC1FA1, 0xE5DFC1E4, 0x82B1D381, 0xE610F8F9, 0x82A79AB3,
    0xE642340D, 0x829D753A, 0xE6737319, 0x82936316, 0xE6A4B616, 0x8289644A, 0xE6D5FCFC, 0x827F78D8,
    0xE70747C3, 0x8275A0C0, 0xE7389664, 0x826BDC04, 0xE769E8D8, 0x82622AA5, 0xE79B3F16, 0x82588CA6,
    0xE7CC9917, 0x824F0208, 0xE7FDF6D3, 0x82458ACB, 0xE82F5844, 0x823C26F2, 0xE860BD60, 0x8232D67E,
    0xE8922621, 0x82299971, 0xE8C3927F, 0x82206FCB, 0xE8F50273, 0x8217598F, 0xE92675F4, 0x820E56BE,
    0xE957ECFB, 0x82056758, 0xE9896780, 0x81FC8B60, 0xE9BAE57C, 0x81F3C2D7, 0xE9EC66E8, 0x81EB0DBD,
    0xEA1DEBBB, 0x81E26C16, 0xEA4F73EE, 0x81D9DDE1, 0xEA80FF79, 0x81D16320, 0xEAB28E55, 0x81C8FBD5,
    0xEAE4207A, 0x81C0A801, 0xEB15B5E0, 0x81B867A4, 0xEB474E80, 0x81B03AC1, 0xEB78EA52, 0x81A82159,
    0xEBAA894E, 0x81A01B6C, 0xEBDC2B6D, 0x819828FD, 0xEC0DD0A8, 0x81904A0C, 0xEC3F78F5, 0x81887E9A,
    0xEC71244F, 0x8180C6A9, 0xECA2D2AC, 0x8179223A, 0xECD48406, 0x8171914E, 0xED063855, 0x816A13E6,
    0xED37EF91, 0x8162AA03, 0xED69A9B2, 0x815B53A8, 0xED9B66B2, 0x815410D3, 0xEDCD2687, 0x814CE188,
    0xEDFEE92B, 0x8145C5C6, 0xEE30AE95, 0x813EBD90, 0xEE6276BF, 0x8137C8E6, 0xEE9441A0, 0x8130E7C8,
    0xEEC60F31, 0x812A1A39, 0xEEF7DF6A, 0x81236039, 0xEF29B243, 0x811CB9CA, 0xEF5B87B5, 0x811626EC,
    0xEF8D5FB8, 0x810FA7A0, 0xEFBF3A44, 0x81093BE8, 0xEFF11752, 0x8102E3C3, 0xF022F6DA, 0x80FC9F35,
    0xF054D8D4, 0x80F66E3C, 0xF086BD39, 0x80F050DB, 0xF0B8A401, 0x80EA4712, 0xF0EA8D23, 0x80E450E2,
    0xF11C789A, 0x80DE6E4C, 0xF14E665C, 0x80D89F51, 0xF1805662, 0x80D2E3F1, 0xF1B248A5, 0x80CD3C2F,
    0xF1E43D1C, 0x80C7A80A, 0xF21633C0, 0x80C22783, 0xF2482C89, 0x80BCBA9C, 0xF27A2770, 0x80B76155,
    0xF2AC246D, 0x80B21BAF, 0xF2DE2378, 0x80ACE9AB, 0xF310248A, 0x80A7CB49, 0xF342279A, 0x80A2C08B,
    0xF3742CA1, 0x809DC970, 0xF3A63398, 0x8098E5FB, 0xF3D83C76, 0x8094162B, 0xF40A4734, 0x808F5A02,
    0xF43C53CA, 0x808AB180, 0xF46E6231, 0x80861CA5, 0xF4A07260, 0x80819B74, 0xF4D28451, 0x807D2DEB,
    0xF50497FA, 0x8078D40D, 0xF536AD55, 0x80748DD9, 0xF568C45A, 0x80705B50, 0xF59ADD01, 0x806C3C73,
    0xF5CCF743, 0x80683143, 0xF5FF1317, 0x806439C0, 0xF6313076, 0x806055EA, 0xF6634F58, 0x805C85C3,
    0xF6956FB6, 0x8058C94C, 0xF6C79188, 0x80552083, 0xF6F9B4C5, 0x80518B6B, 0xF72BD967, 0x804E0A03,
    0xF75DFF65, 0x804A9C4D, 0xF79026B8, 0x80474248, 0xF7C24F58, 0x8043FBF6, 0xF7F4793E, 0x8040C956,
    0xF826A461, 0x803DAA69, 0xF858D0BA, 0x803A9F31, 0xF88AFE41, 0x8037A7AC, 0xF8BD2CEF, 0x8034C3DC,
    0xF8EF5CBB, 0x8031F3C1, 0xF9218D9E, 0x802F375C, 0xF953BF90, 0x802C8EAD, 0xF985F28A, 0x8029F9B4,
    0xF9B82683, 0x80277872, 0xF9EA5B75, 0x80250AE7, 0xFA1C9156, 0x8022B113, 0xFA4EC820, 0x80206AF8,
    0xFA80FFCB, 0x801E3894, 0xFAB3384F, 0x801C19E9, 0xFAE571A4, 0x801A0EF7, 0xFB17ABC2, 0x801817BF,
    0xFB49E6A2, 0x80163440, 0xFB7C223C, 0x8014647A, 0xFBAE5E89, 0x8012A86F, 0xFBE09B80, 0x8011001E,
    0xFC12D919, 0x800F6B88, 0xFC45174E, 0x800DEAAC, 0xFC775616, 0x800C7D8C, 0xFCA99569, 0x800B2427,
    0xFCDBD541, 0x8009DE7D, 0xFD0E1594, 0x8008AC90, 0xFD40565B, 0x80078E5E, 0xFD72978F, 0x800683E8,
    0xFDA4D928, 0x80058D2E, 0xFDD71B1E, 0x8004AA31, 0xFE095D69, 0x8003DAF0, 0xFE3BA001, 0x80031F6C,
    0xFE6DE2E0, 0x800277A5, 0xFEA025FC, 0x8001E39B, 0xFED2694F, 0x8001634D, 0xFF04ACD0, 0x8000F6BD,
    0xFF36F078, 0x80009DE9, 0xFF69343E, 0x800058D3, 0xFF9B781D, 0x8000277A, 0xFFCDBC0A, 0x800009DE,
];

pub const BIT_REV_TABLE_16: [u16; 12] = [
    /* radix 4, size 12 */
    0x0008, 0x0040, 0x0010, 0x0020, 0x0018, 0x0060, 0x0028, 0x0050, 0x0038, 0x0070, 0x0058, 0x0068,
];

pub const BIT_REV_TABLE_32: [u16; 24] = [
    /* 4x2, size 24 */
    0x0008, 0x0080, 0x0010, 0x0040, 0x0018, 0x00C0, 0x0028, 0x00A0, 0x0030, 0x0060, 0x0038, 0x00E0,
    0x0048, 0x0090, 0x0058, 0x00D0, 0x0068, 0x00B0, 0x0078, 0x00F0, 0x0098, 0x00C8, 0x00B8, 0x00E8,
];

pub const BIT_REV_TABLE_64: [u16; 56] = [
    /* radix 4, size 56 */
    0x0008, 0x0100, 0x0010, 0x0080, 0x0018, 0x0180, 0x0020, 0x0040, 0x0028, 0x0140, 0x0030, 0x00C0,
    0x0038, 0x01C0, 0x0048, 0x0120, 0x0050, 0x00A0, 0x0058, 0x01A0, 0x0068, 0x0160, 0x0070, 0x00E0,
    0x0078, 0x01E0, 0x0088, 0x0110, 0x0098, 0x0190, 0x00A8, 0x0150, 0x00B0, 0x00D0, 0x00B8, 0x01D0,
    0x00C8, 0x0130, 0x00D8, 0x01B0, 0x00E8, 0x0170, 0x00F8, 0x01F0, 0x0118, 0x0188, 0x0128, 0x0148,
    0x0138, 0x01C8, 0x0158, 0x01A8, 0x0178, 0x01E8, 0x01B8, 0x01D8,
];

pub const BIT_REV_TABLE_128: [u16; 112] = [
    /* 4x2, size 112 */
    0x0008, 0x0200, 0x0010, 0x0100, 0x0018, 0x0300, 0x0020, 0x0080, 0x0028, 0x0280, 0x0030, 0x0180,
    0x0038, 0x0380, 0x0048, 0x0240, 0x0050, 0x0140, 0x0058, 0x0340, 0x0060, 0x00C0, 0x0068, 0x02C0,
    0x0070, 0x01C0, 0x0078, 0x03C0, 0x0088, 0x0220, 0x0090, 0x0120, 0x0098, 0x0320, 0x00A8, 0x02A0,
    0x00B0, 0x01A0, 0x00B8, 0x03A0, 0x00C8, 0x0260, 0x00D0, 0x0160, 0x00D8, 0x0360, 0x00E8, 0x02E0,
    0x00F0, 0x01E0, 0x00F8, 0x03E0, 0x0108, 0x0210, 0x0118, 0x0310, 0x0128, 0x0290, 0x0130, 0x0190,
    0x0138, 0x0390, 0x0148, 0x0250, 0x0158, 0x0350, 0x0168, 0x02D0, 0x0170, 0x01D0, 0x0178, 0x03D0,
    0x0188, 0x0230, 0x0198, 0x0330, 0x01A8, 0x02B0, 0x01B8, 0x03B0, 0x01C8, 0x0270, 0x01D8, 0x0370,
    0x01E8, 0x02F0, 0x01F8, 0x03F0, 0x0218, 0x0308, 0x0228, 0x0288, 0x0238, 0x0388, 0x0258, 0x0348,
    0x0268, 0x02C8, 0x0278, 0x03C8, 0x0298, 0x0328, 0x02B8, 0x03A8, 0x02D8, 0x0368, 0x02F8, 0x03E8,
    0x0338, 0x0398, 0x0378, 0x03D8,
];

pub const BIT_REV_TABLE_256: [u16; 240] = [
    /* radix 4, size 240 */
    0x0008, 0x0400, 0x0010, 0x0200, 0x0018, 0x0600, 0x0020, 0x0100, 0x0028, 0x0500, 0x0030, 0x0300,
    0x0038, 0x0700, 0x0040, 0x0080, 0x0048, 0x0480, 0x0050, 0x0280, 0x0058, 0x0680, 0x0060, 0x0180,
    0x0068, 0x0580, 0x0070, 0x0380, 0x0078, 0x0780, 0x0088, 0x0440, 0x0090, 0x0240, 0x0098, 0x0640,
    0x00A0, 0x0140, 0x00A8, 0x0540, 0x00B0, 0x0340, 0x00B8, 0x0740, 0x00C8, 0x04C0, 0x00D0, 0x02C0,
    0x00D8, 0x06C0, 0x00E0, 0x01C0, 0x00E8, 0x05C0, 0x00F0, 0x03C0, 0x00F8, 0x07C0, 0x0108, 0x0420,
    0x0110, 0x0220, 0x0118, 0x0620, 0x0128, 0x0520, 0x0130, 0x0320, 0x0138, 0x0720, 0x0148, 0x04A0,
    0x0150, 0x02A0, 0x0158, 0x06A0, 0x0160, 0x01A0, 0x0168, 0x05A0, 0x0170, 0x03A0, 0x0178, 0x07A0,
    0x0188, 0x0460, 0x0190, 0x0260, 0x0198, 0x0660, 0x01A8, 0x0560, 0x01B0, 0x0360, 0x01B8, 0x0760,
    0x01C8, 0x04E0, 0x01D0, 0x02E0, 0x01D8, 0x06E0, 0x01E8, 0x05E0, 0x01F0, 0x03E0, 0x01F8, 0x07E0,
    0x0208, 0x0410, 0x0218, 0x0610, 0x0228, 0x0510, 0x0230, 0x0310, 0x0238, 0x0710, 0x0248, 0x0490,
    0x0250, 0x0290, 0x0258, 0x0690, 0x0268, 0x0590, 0x0270, 0x0390, 0x0278, 0x0790, 0x0288, 0x0450,
    0x0298, 0x0650, 0x02A8, 0x0550, 0x02B0, 0x0350, 0x02B8, 0x0750, 0x02C8, 0x04D0, 0x02D8, 0x06D0,
    0x02E8, 0x05D0, 0x02F0, 0x03D0, 0x02F8, 0x07D0, 0x0308, 0x0430, 0x0318, 0x0630, 0x0328, 0x0530,
    0x0338, 0x0730, 0x0348, 0x04B0, 0x0358, 0x06B0, 0x0368, 0x05B0, 0x0370, 0x03B0, 0x0378, 0x07B0,
    0x0388, 0x0470, 0x0398, 0x0670, 0x03A8, 0x0570, 0x03B8, 0x0770, 0x03C8, 0x04F0, 0x03D8, 0x06F0,
    0x03E8, 0x05F0, 0x03F8, 0x07F0, 0x0418, 0x0608, 0x0428, 0x0508, 0x0438, 0x0708, 0x0448, 0x0488,
    0x0458, 0x0688, 0x0468, 0x0588, 0x0478, 0x0788, 0x0498, 0x0648, 0x04A8, 0x0548, 0x04B8, 0x0748,
    0x04D8, 0x06C8, 0x04E8, 0x05C8, 0x04F8, 0x07C8, 0x0518, 0x0628, 0x0538, 0x0728, 0x0558, 0x06A8,
    0x0568, 0x05A8, 0x0578, 0x07A8, 0x0598, 0x0668, 0x05B8, 0x0768, 0x05D8, 0x06E8, 0x05F8, 0x07E8,
    0x0638, 0x0718, 0x0658, 0x0698, 0x0678, 0x0798, 0x06B8, 0x0758, 0x06F8, 0x07D8, 0x0778, 0x07B8,
];

pub const BIT_REV_TABLE_512: [u16; 480] = [
    /* 4x2, size 480 */
    0x0008, 0x0800, 0x0010, 0x0400, 0x0018, 0x0C00, 0x0020, 0x0200, 0x0028, 0x0A00, 0x0030, 0x0600,
    0x0038, 0x0E00, 0x0040, 0x0100, 0x0048, 0x0900, 0x0050, 0x0500, 0x0058, 0x0D00, 0x0060, 0x0300,
    0x0068, 0x0B00, 0x0070, 0x0700, 0x0078, 0x0F00, 0x0088, 0x0880, 0x0090, 0x0480, 0x0098, 0x0C80,
    0x00A0, 0x0280, 0x00A8, 0x0A80, 0x00B0, 0x0680, 0x00B8, 0x0E80, 0x00C0, 0x0180, 0x00C8, 0x0980,
    0x00D0, 0x0580, 0x00D8, 0x0D80, 0x00E0, 0x0380, 0x00E8, 0x0B80, 0x00F0, 0x0780, 0x00F8, 0x0F80,
    0x0108, 0x0840, 0x0110, 0x0440, 0x0118, 0x0C40, 0x0120, 0x0240, 0x0128, 0x0A40, 0x0130, 0x0640,
    0x0138, 0x0E40, 0x0148, 0x0940, 0x0150, 0x0540, 0x0158, 0x0D40, 0x0160, 0x0340, 0x0168, 0x0B40,
    0x0170, 0x0740, 0x0178, 0x0F40, 0x0188, 0x08C0, 0x0190, 0x04C0, 0x0198, 0x0CC0, 0x01A0, 0x02C0,
    0x01A8, 0x0AC0, 0x01B0, 0x06C0, 0x01B8, 0x0EC0, 0x01C8, 0x09C0, 0x01D0, 0x05C0, 0x01D8, 0x0DC0,
    0x01E0, 0x03C0, 0x01E8, 0x0BC0, 0x01F0, 0x07C0, 0x01F8, 0x0FC0, 0x0208, 0x0820, 0x0210, 0x0420,
    0x0218, 0x0C20, 0x0228, 0x0A20, 0x0230, 0x0620, 0x0238, 0x0E20, 0x0248, 0x0920, 0x0250, 0x0520,
    0x0258, 0x0D20, 0x0260, 0x0320, 0x0268, 0x0B20, 0x0270, 0x0720, 0x0278, 0x0F20, 0x0288, 0x08A0,
    0x0290, 0x04A0, 0x0298, 0x0CA0, 0x02A8, 0x0AA0, 0x02B0, 0x06A0, 0x02B8, 0x0EA0, 0x02C8, 0x09A0,
    0x02D0, 0x05A0, 0x02D8, 0x0DA0, 0x02E0, 0x03A0, 0x02E8, 0x0BA0, 0x02F0, 0x07A0, 0x02F8, 0x0FA0,
    0x0308, 0x0860, 0x0310, 0x0460, 0x0318, 0x0C60, 0x0328, 0x0A60, 0x0330, 0x0660, 0x0338, 0x0E60,
    0x0348, 0x0960, 0x0350, 0x0560, 0x0358, 0x0D60, 0x0368, 0x0B60, 0x0370, 0x0760, 0x0378, 0x0F60,
    0x0388, 0x08E0, 0x0390, 0x04E0, 0x0398, 0x0CE0, 0x03A8, 0x0AE0, 0x03B0, 0x06E0, 0x03B8, 0x0EE0,
    0x03C8, 0x09E0, 0x03D0, 0x05E0, 0x03D8, 0x0DE0, 0x03E8, 0x0BE0, 0x03F0, 0x07E0, 0x03F8, 0x0FE0,
    0x0408, 0x0810, 0x0418, 0x0C10, 0x0428, 0x0A10, 0x0430, 0x0610, 0x0438, 0x0E10, 0x0448, 0x0910,
    0x0450, 0x0510, 0x0458, 0x0D10, 0x0468, 0x0B10, 0x0470, 0x0710, 0x0478, 0x0F10, 0x0488, 0x0890,
    0x0498, 0x0C90, 0x04A8, 0x0A90, 0x04B0, 0x0690, 0x04B8, 0x0E90, 0x04C8, 0x0990, 0x04D0, 0x0590,
    0x04D8, 0x0D90, 0x04E8, 0x0B90, 0x04F0, 0x0790, 0x04F8, 0x0F90, 0x0508, 0x0850, 0x0518, 0x0C50,
    0x0528, 0x0A50, 0x0530, 0x0650, 0x0538, 0x0E50, 0x0548, 0x0950, 0x0558, 0x0D50, 0x0568, 0x0B50,
    0x0570, 0x0750, 0x0578, 0x0F50, 0x0588, 0x08D0, 0x0598, 0x0CD0, 0x05A8, 0x0AD0, 0x05B0, 0x06D0,
    0x05B8, 0x0ED0, 0x05C8, 0x09D0, 0x05D8, 0x0DD0, 0x05E8, 0x0BD0, 0x05F0, 0x07D0, 0x05F8, 0x0FD0,
    0x0608, 0x0830, 0x0618, 0x0C30, 0x0628, 0x0A30, 0x0638, 0x0E30, 0x0648, 0x0930, 0x0658, 0x0D30,
    0x0668, 0x0B30, 0x0670, 0x0730, 0x0678, 0x0F30, 0x0688, 0x08B0, 0x0698, 0x0CB0, 0x06A8, 0x0AB0,
    0x06B8, 0x0EB0, 0x06C8, 0x09B0, 0x06D8, 0x0DB0, 0x06E8, 0x0BB0, 0x06F0, 0x07B0, 0x06F8, 0x0FB0,
    0x0708, 0x0870, 0x0718, 0x0C70, 0x0728, 0x0A70, 0x0738, 0x0E70, 0x0748, 0x0970, 0x0758, 0x0D70,
    0x0768, 0x0B70, 0x0778, 0x0F70, 0x0788, 0x08F0, 0x0798, 0x0CF0, 0x07A8, 0x0AF0, 0x07B8, 0x0EF0,
    0x07C8, 0x09F0, 0x07D8, 0x0DF0, 0x07E8, 0x0BF0, 0x07F8, 0x0FF0, 0x0818, 0x0C08, 0x0828, 0x0A08,
    0x0838, 0x0E08, 0x0848, 0x0908, 0x0858, 0x0D08, 0x0868, 0x0B08, 0x0878, 0x0F08, 0x0898, 0x0C88,
    0x08A8, 0x0A88, 0x08B8, 0x0E88, 0x08C8, 0x0988, 0x08D8, 0x0D88, 0x08E8, 0x0B88, 0x08F8, 0x0F88,
    0x0918, 0x0C48, 0x0928, 0x0A48, 0x0938, 0x0E48, 0x0958, 0x0D48, 0x0968, 0x0B48, 0x0978, 0x0F48,
    0x0998, 0x0CC8, 0x09A8, 0x0AC8, 0x09B8, 0x0EC8, 0x09D8, 0x0DC8, 0x09E8, 0x0BC8, 0x09F8, 0x0FC8,
    0x0A18, 0x0C28, 0x0A38, 0x0E28, 0x0A58, 0x0D28, 0x0A68, 0x0B28, 0x0A78, 0x0F28, 0x0A98, 0x0CA8,
    0x0AB8, 0x0EA8, 0x0AD8, 0x0DA8, 0x0AE8, 0x0BA8, 0x0AF8, 0x0FA8, 0x0B18, 0x0C68, 0x0B38, 0x0E68,
    0x0B58, 0x0D68, 0x0B78, 0x0F68, 0x0B98, 0x0CE8, 0x0BB8, 0x0EE8, 0x0BD8, 0x0DE8, 0x0BF8, 0x0FE8,
    0x0C38, 0x0E18, 0x0C58, 0x0D18, 0x0C78, 0x0F18, 0x0CB8, 0x0E98, 0x0CD8, 0x0D98, 0x0CF8, 0x0F98,
    0x0D38, 0x0E58, 0x0D78, 0x0F58, 0x0DB8, 0x0ED8, 0x0DF8, 0x0FD8, 0x0E78, 0x0F38, 0x0EF8, 0x0FB8,
];

pub const BIT_REV_TABLE_1024: [u16; 992] = [
    /* radix 4, size 992 */
    0x0008, 0x1000, 0x0010, 0x0800, 0x0018, 0x1800, 0x0020, 0x0400, 0x0028, 0x1400, 0x0030, 0x0C00,
    0x0038, 0x1C00, 0x0040, 0x0200, 0x0048, 0x1200, 0x0050, 0x0A00, 0x0058, 0x1A00, 0x0060, 0x0600,
    0x0068, 0x1600, 0x0070, 0x0E00, 0x0078, 0x1E00, 0x0080, 0x0100, 0x0088, 0x1100, 0x0090, 0x0900,
    0x0098, 0x1900, 0x00A0, 0x0500, 0x00A8, 0x1500, 0x00B0, 0x0D00, 0x00B8, 0x1D00, 0x00C0, 0x0300,
    0x00C8, 0x1300, 0x00D0, 0x0B00, 0x00D8, 0x1B00, 0x00E0, 0x0700, 0x00E8, 0x1700, 0x00F0, 0x0F00,
    0x00F8, 0x1F00, 0x0108, 0x1080, 0x0110, 0x0880, 0x0118, 0x1880, 0x0120, 0x0480, 0x0128, 0x1480,
    0x0130, 0x0C80, 0x0138, 0x1C80, 0x0140, 0x0280, 0x0148, 0x1280, 0x0150, 0x0A80, 0x0158, 0x1A80,
    0x0160, 0x0680, 0x0168, 0x1680, 0x0170, 0x0E80, 0x0178, 0x1E80, 0x0188, 0x1180, 0x0190, 0x0980,
    0x0198, 0x1980, 0x01A0, 0x0580, 0x01A8, 0x1580, 0x01B0, 0x0D80, 0x01B8, 0x1D80, 0x01C0, 0x0380,
    0x01C8, 0x1380, 0x01D0, 0x0B80, 0x01D8, 0x1B80, 0x01E0, 0x0780, 0x01E8, 0x1780, 0x01F0, 0x0F80,
    0x01F8, 0x1F80, 0x0208, 0x1040, 0x0210, 0x0840, 0x0218, 0x1840, 0x0220, 0x0440, 0x0228, 0x1440,
    0x0230, 0x0C40, 0x0238, 0x1C40, 0x0248, 0x1240, 0x0250, 0x0A40, 0x0258, 0x1A40, 0x0260, 0x0640,
    0x0268, 0x1640, 0x0270, 0x0E40, 0x0278, 0x1E40, 0x0288, 0x1140, 0x0290, 0x0940, 0x0298, 0x1940,
    0x02A0, 0x0540, 0x02A8, 0x1540, 0x02B0, 0x0D40, 0x02B8, 0x1D40, 0x02C0, 0x0340, 0x02C8, 0x1340,
    0x02D0, 0x0B40, 0x02D8, 0x1B40, 0x02E0, 0x0740, 0x02E8, 0x1740, 0x02F0, 0x0F40, 0x02F8, 0x1F40,
    0x0308, 0x10C0, 0x0310, 0x08C0, 0x0318, 0x18C0, 0x0320, 0x04C0, 0x0328, 0x14C0, 0x0330, 0x0CC0,
    0x0338, 0x1CC0, 0x0348, 0x12C0, 0x0350, 0x0AC0, 0x0358, 0x1AC0, 0x0360, 0x06C0, 0x0368, 0x16C0,
    0x0370, 0x0EC0, 0x0378, 0x1EC0, 0x0388, 0x11C0, 0x0390, 0x09C0, 0x0398, 0x19C0, 0x03A0, 0x05C0,
    0x03A8, 0x15C0, 0x03B0, 0x0DC0, 0x03B8, 0x1DC0, 0x03C8, 0x13C0, 0x03D0, 0x0BC0, 0x03D8, 0x1BC0,
    0x03E0, 0x07C0, 0x03E8, 0x17C0, 0x03F0, 0x0FC0, 0x03F8, 0x1FC0, 0x0408, 0x1020, 0x0410, 0x0820,
    0x0418, 0x1820, 0x0428, 0x1420, 0x0430, 0x0C20, 0x0438, 0x1C20, 0x0448, 0x1220, 0x0450, 0x0A20,
    0x0458, 0x1A20, 0x0460, 0x0620, 0x0468, 0x1620, 0x0470, 0x0E20, 0x0478, 0x1E20, 0x0488, 0x1120,
    0x0490, 0x0920, 0x0498, 0x1920, 0x04A0, 0x0520, 0x04A8, 0x1520, 0x04B0, 0x0D20, 0x04B8, 0x1D20,
    0x04C8, 0x1320, 0x04D0, 0x0B20, 0x04D8, 0x1B20, 0x04E0, 0x0720, 0x04E8, 0x1720, 0x04F0, 0x0F20,
    0x04F8, 0x1F20, 0x0508, 0x10A0, 0x0510, 0x08A0, 0x0518, 0x18A0, 0x0528, 0x14A0, 0x0530, 0x0CA0,
    0x0538, 0x1CA0, 0x0548, 0x12A0, 0x0550, 0x0AA0, 0x0558, 0x1AA0, 0x0560, 0x06A0, 0x0568, 0x16A0,
    0x0570, 0x0EA0, 0x0578, 0x1EA0, 0x0588, 0x11A0, 0x0590, 0x09A0, 0x0598, 0x19A0, 0x05A8, 0x15A0,
    0x05B0, 0x0DA0, 0x05B8, 0x1DA0, 0x05C8, 0x13A0, 0x05D0, 0x0BA0, 0x05D8, 0x1BA0, 0x05E0, 0x07A0,
    0x05E8, 0x17A0, 0x05F0, 0x0FA0, 0x05F8, 0x1FA0, 0x0608, 0x1060, 0x0610, 0x0860, 0x0618, 0x1860,
    0x0628, 0x1460, 0x0630, 0x0C60, 0x0638, 0x1C60, 0x0648, 0x1260, 0x0650, 0x0A60, 0x0658, 0x1A60,
    0x0668, 0x1660, 0x0670, 0x0E60, 0x0678, 0x1E60, 0x0688, 0x1160, 0x0690, 0x0960, 0x0698, 0x1960,
    0x06A8, 0x1560, 0x06B0, 0x0D60, 0x06B8, 0x1D60, 0x06C8, 0x1360, 0x06D0, 0x0B60, 0x06D8, 0x1B60,
    0x06E0, 0x0760, 0x06E8, 0x1760, 0x06F0, 0x0F60, 0x06F8, 0x1F60, 0x0708, 0x10E0, 0x0710, 0x08E0,
    0x0718, 0x18E0, 0x0728, 0x14E0, 0x0730, 0x0CE0, 0x0738, 0x1CE0, 0x0748, 0x12E0, 0x0750, 0x0AE0,
    0x0758, 0x1AE0, 0x0768, 0x16E0, 0x0770, 0x0EE0, 0x0778, 0x1EE0, 0x0788, 0x11E0, 0x0790, 0x09E0,
    0x0798, 0x19E0, 0x07A8, 0x15E0, 0x07B0, 0x0DE0, 0x07B8, 0x1DE0, 0x07C8, 0x13E0, 0x07D0, 0x0BE0,
    0x07D8, 0x1BE0, 0x07E8, 0x17E0, 0x07F0, 0x0FE0, 0x07F8, 0x1FE0, 0x0808, 0x1010, 0x0818, 0x1810,
    0x0828, 0x1410, 0x0830, 0x0C10, 0x0838, 0x1C10, 0x0848, 0x1210, 0x0850, 0x0A10, 0x0858, 0x1A10,
    0x0868, 0x1610, 0x0870, 0x0E10, 0x0878, 0x1E10, 0x0888, 0x1110, 0x0890, 0x0910, 0x0898, 0x1910,
    0x08A8, 0x1510, 0x08B0, 0x0D10, 0x08B8, 0x1D10, 0x08C8, 0x1310, 0x08D0, 0x0B10, 0x08D8, 0x1B10,
    0x08E8, 0x1710, 0x08F0, 0x0F10, 0x08F8, 0x1F10, 0x0908, 0x1090, 0x0918, 0x1890, 0x0928, 0x1490,
    0x0930, 0x0C90, 0x0938, 0x1C90, 0x0948, 0x1290, 0x0950, 0x0A90, 0x0958, 0x1A90, 0x0968, 0x1690,
    0x0970, 0x0E90, 0x0978, 0x1E90, 0x0988, 0x1190, 0x0998, 0x1990, 0x09A8, 0x1590, 0x09B0, 0x0D90,
    0x09B8, 0x1D90, 0x09C8, 0x1390, 0x09D0, 0x0B90, 0x09D8, 0x1B90, 0x09E8, 0x1790, 0x09F0, 0x0F90,
    0x09F8, 0x1F90, 0x0A08, 0x1050, 0x0A18, 0x1850, 0x0A28, 0x1450, 0x0A30, 0x0C50, 0x0A38, 0x1C50,
    0x0A48, 0x1250, 0x0A58, 0x1A50, 0x0A68, 0x1650, 0x0A70, 0x0E50, 0x0A78, 0x1E50, 0x0A88, 0x1150,
    0x0A98, 0x1950, 0x0AA8, 0x1550, 0x0AB0, 0x0D50, 0x0AB8, 0x1D50, 0x0AC8, 0x1350, 0x0AD0, 0x0B50,
    0x0AD8, 0x1B50, 0x0AE8, 0x1750, 0x0AF0, 0x0F50, 0x0AF8, 0x1F50, 0x0B08, 0x10D0, 0x0B18, 0x18D0,
    0x0B28, 0x14D0, 0x0B30, 0x0CD0, 0x0B38, 0x1CD0, 0x0B48, 0x12D0, 0x0B58, 0x1AD0, 0x0B68, 0x16D0,
    0x0B70, 0x0ED0, 0x0B78, 0x1ED0, 0x0B88, 0x11D0, 0x0B98, 0x19D0, 0x0BA8, 0x15D0, 0x0BB0, 0x0DD0,
    0x0BB8, 0x1DD0, 0x0BC8, 0x13D0, 0x0BD8, 0x1BD0, 0x0BE8, 0x17D0, 0x0BF0, 0x0FD0, 0x0BF8, 0x1FD0,
    0x0C08, 0x1030, 0x0C18, 0x1830, 0x0C28, 0x1430, 0x0C38, 0x1C30, 0x0C48, 0x1230, 0x0C58, 0x1A30,
    0x0C68, 0x1630, 0x0C70, 0x0E30, 0x0C78, 0x1E30, 0x0C88, 0x1130, 0x0C98, 0x1930, 0x0CA8, 0x1530,
    0x0CB0, 0x0D30, 0x0CB8, 0x1D30, 0x0CC8, 0x1330, 0x0CD8, 0x1B30, 0x0CE8, 0x1730, 0x0CF0, 0x0F30,
    0x0CF8, 0x1F30, 0x0D08, 0x10B0, 0x0D18, 0x18B0, 0x0D28, 0x14B0, 0x0D38, 0x1CB0, 0x0D48, 0x12B0,
    0x0D58, 0x1AB0, 0x0D68, 0x16B0, 0x0D70, 0x0EB0, 0x0D78, 0x1EB0, 0x0D88, 0x11B0, 0x0D98, 0x19B0,
    0x0DA8, 0x15B0, 0x0DB8, 0x1DB0, 0x0DC8, 0x13B0, 0x0DD8, 0x1BB0, 0x0DE8, 0x17B0, 0x0DF0, 0x0FB0,
    0x0DF8, 0x1FB0, 0x0E08, 0x1070, 0x0E18, 0x1870, 0x0E28, 0x1470, 0x0E38, 0x1C70, 0x0E48, 0x1270,
    0x0E58, 0x1A70, 0x0E68, 0x1670, 0x0E78, 0x1E70, 0x0E88, 0x1170, 0x0E98, 0x1970, 0x0EA8, 0x1570,
    0x0EB8, 0x1D70, 0x0EC8, 0x1370, 0x0ED8, 0x1B70, 0x0EE8, 0x1770, 0x0EF0, 0x0F70, 0x0EF8, 0x1F70,
    0x0F08, 0x10F0, 0x0F18, 0x18F0, 0x0F28, 0x14F0, 0x0F38, 0x1CF0, 0x0F48, 0x12F0, 0x0F58, 0x1AF0,
    0x0F68, 0x16F0, 0x0F78, 0x1EF0, 0x0F88, 0x11F0, 0x0F98, 0x19F0, 0x0FA8, 0x15F0, 0x0FB8, 0x1DF0,
    0x0FC8, 0x13F0, 0x0FD8, 0x1BF0, 0x0FE8, 0x17F0, 0x0FF8, 0x1FF0, 0x1018, 0x1808, 0x1028, 0x1408,
    0x1038, 0x1C08, 0x1048, 0x1208, 0x1058, 0x1A08, 0x1068, 0x1608, 0x1078, 0x1E08, 0x1088, 0x1108,
    0x1098, 0x1908, 0x10A8, 0x1508, 0x10B8, 0x1D08, 0x10C8, 0x1308, 0x10D8, 0x1B08, 0x10E8, 0x1708,
    0x10F8, 0x1F08, 0x1118, 0x1888, 0x1128, 0x1488, 0x1138, 0x1C88, 0x1148, 0x1288, 0x1158, 0x1A88,
    0x1168, 0x1688, 0x1178, 0x1E88, 0x1198, 0x1988, 0x11A8, 0x1588, 0x11B8, 0x1D88, 0x11C8, 0x1388,
    0x11D8, 0x1B88, 0x11E8, 0x1788, 0x11F8, 0x1F88, 0x1218, 0x1848, 0x1228, 0x1448, 0x1238, 0x1C48,
    0x1258, 0x1A48, 0x1268, 0x1648, 0x1278, 0x1E48, 0x1298, 0x1948, 0x12A8, 0x1548, 0x12B8, 0x1D48,
    0x12C8, 0x1348, 0x12D8, 0x1B48, 0x12E8, 0x1748, 0x12F8, 0x1F48, 0x1318, 0x18C8, 0x1328, 0x14C8,
    0x1338, 0x1CC8, 0x1358, 0x1AC8, 0x1368, 0x16C8, 0x1378, 0x1EC8, 0x1398, 0x19C8, 0x13A8, 0x15C8,
    0x13B8, 0x1DC8, 0x13D8, 0x1BC8, 0x13E8, 0x17C8, 0x13F8, 0x1FC8, 0x1418, 0x1828, 0x1438, 0x1C28,
    0x1458, 0x1A28, 0x1468, 0x1628, 0x1478, 0x1E28, 0x1498, 0x1928, 0x14A8, 0x1528, 0x14B8, 0x1D28,
    0x14D8, 0x1B28, 0x14E8, 0x1728, 0x14F8, 0x1F28, 0x1518, 0x18A8, 0x1538, 0x1CA8, 0x1558, 0x1AA8,
    0x1568, 0x16A8, 0x1578, 0x1EA8, 0x1598, 0x19A8, 0x15B8, 0x1DA8, 0x15D8, 0x1BA8, 0x15E8, 0x17A8,
    0x15F8, 0x1FA8, 0x1618, 0x1868, 0x1638, 0x1C68, 0x1658, 0x1A68, 0x1678, 0x1E68, 0x1698, 0x1968,
    0x16B8, 0x1D68, 0x16D8, 0x1B68, 0x16E8, 0x1768, 0x16F8, 0x1F68, 0x1718, 0x18E8, 0x1738, 0x1CE8,
    0x1758, 0x1AE8, 0x1778, 0x1EE8, 0x1798, 0x19E8, 0x17B8, 0x1DE8, 0x17D8, 0x1BE8, 0x17F8, 0x1FE8,
    0x1838, 0x1C18, 0x1858, 0x1A18, 0x1878, 0x1E18, 0x1898, 0x1918, 0x18B8, 0x1D18, 0x18D8, 0x1B18,
    0x18F8, 0x1F18, 0x1938, 0x1C98, 0x1958, 0x1A98, 0x1978, 0x1E98, 0x19B8, 0x1D98, 0x19D8, 0x1B98,
    0x19F8, 0x1F98, 0x1A38, 0x1C58, 0x1A78, 0x1E58, 0x1AB8, 0x1D58, 0x1AD8, 0x1B58, 0x1AF8, 0x1F58,
    0x1B38, 0x1CD8, 0x1B78, 0x1ED8, 0x1BB8, 0x1DD8, 0x1BF8, 0x1FD8, 0x1C78, 0x1E38, 0x1CB8, 0x1D38,
    0x1CF8, 0x1F38, 0x1D78, 0x1EB8, 0x1DF8, 0x1FB8, 0x1EF8, 0x1F78,
];

pub const BIT_REV_TABLE_2048: [u16; 1984] = [
    /* 4x2, size 1984 */
    0x0008, 0x2000, 0x0010, 0x1000, 0x0018, 0x3000, 0x0020, 0x0800, 0x0028, 0x2800, 0x0030, 0x1800,
    0x0038, 0x3800, 0x0040, 0x0400, 0x0048, 0x2400, 0x0050, 0x1400, 0x0058, 0x3400, 0x0060, 0x0C00,
    0x0068, 0x2C00, 0x0070, 0x1C00, 0x0078, 0x3C00, 0x0080, 0x0200, 0x0088, 0x2200, 0x0090, 0x1200,
    0x0098, 0x3200, 0x00A0, 0x0A00, 0x00A8, 0x2A00, 0x00B0, 0x1A00, 0x00B8, 0x3A00, 0x00C0, 0x0600,
    0x00C8, 0x2600, 0x00D0, 0x1600, 0x00D8, 0x3600, 0x00E0, 0x0E00, 0x00E8, 0x2E00, 0x00F0, 0x1E00,
    0x00F8, 0x3E00, 0x0108, 0x2100, 0x0110, 0x1100, 0x0118, 0x3100, 0x0120, 0x0900, 0x0128, 0x2900,
    0x0130, 0x1900, 0x0138, 0x3900, 0x0140, 0x0500, 0x0148, 0x2500, 0x0150, 0x1500, 0x0158, 0x3500,
    0x0160, 0x0D00, 0x0168, 0x2D00, 0x0170, 0x1D00, 0x0178, 0x3D00, 0x0180, 0x0300, 0x0188, 0x2300,
    0x0190, 0x1300, 0x0198, 0x3300, 0x01A0, 0x0B00, 0x01A8, 0x2B00, 0x01B0, 0x1B00, 0x01B8, 0x3B00,
    0x01C0, 0x0700, 0x01C8, 0x2700, 0x01D0, 0x1700, 0x01D8, 0x3700, 0x01E0, 0x0F00, 0x01E8, 0x2F00,
    0x01F0, 0x1F00, 0x01F8, 0x3F00, 0x0208, 0x2080, 0x0210, 0x1080, 0x0218, 0x3080, 0x0220, 0x0880,
    0x0228, 0x2880, 0x0230, 0x1880, 0x0238, 0x3880, 0x0240, 0x0480, 0x0248, 0x2480, 0x0250, 0x1480,
    0x0258, 0x3480, 0x0260, 0x0C80, 0x0268, 0x2C80, 0x0270, 0x1C80, 0x0278, 0x3C80, 0x0288, 0x2280,
    0x0290, 0x1280, 0x0298, 0x3280, 0x02A0, 0x0A80, 0x02A8, 0x2A80, 0x02B0, 0x1A80, 0x02B8, 0x3A80,
    0x02C0, 0x0680, 0x02C8, 0x2680, 0x02D0, 0x1680, 0x02D8, 0x3680, 0x02E0, 0x0E80, 0x02E8, 0x2E80,
    0x02F0, 0x1E80, 0x02F8, 0x3E80, 0x0308, 0x2180, 0x0310, 0x1180, 0x0318, 0x3180, 0x0320, 0x0980,
    0x0328, 0x2980, 0x0330, 0x1980, 0x0338, 0x3980, 0x0340, 0x0580, 0x0348, 0x2580, 0x0350, 0x1580,
    0x0358, 0x3580, 0x0360, 0x0D80, 0x0368, 0x2D80, 0x0370, 0x1D80, 0x0378, 0x3D80, 0x0388, 0x2380,
    0x0390, 0x1380, 0x0398, 0x3380, 0x03A0, 0x0B80, 0x03A8, 0x2B80, 0x03B0, 0x1B80, 0x03B8, 0x3B80,
    0x03C0, 0x0780, 0x03C8, 0x2780, 0x03D0, 0x1780, 0x03D8, 0x3780, 0x03E0, 0x0F80, 0x03E8, 0x2F80,
    0x03F0, 0x1F80, 0x03F8, 0x3F80, 0x0408, 0x2040, 0x0410, 0x1040, 0x0418, 0x3040, 0x0420, 0x0840,
    0x0428, 0x2840, 0x0430, 0x1840, 0x0438, 0x3840, 0x0448, 0x2440, 0x0450, 0x1440, 0x0458, 0x3440,
    0x0460, 0x0C40, 0x0468, 0x2C40, 0x0470, 0x1C40, 0x0478, 0x3C40, 0x0488, 0x2240, 0x0490, 0x1240,
    0x0498, 0x3240, 0x04A0, 0x0A40, 0x04A8, 0x2A40, 0x04B0, 0x1A40, 0x04B8, 0x3A40, 0x04C0, 0x0640,
    0x04C8, 0x2640, 0x04D0, 0x1640, 0x04D8, 0x3640, 0x04E0, 0x0E40, 0x04E8, 0x2E40, 0x04F0, 0x1E40,
    0x04F8, 0x3E40, 0x0508, 0x2140, 0x0510, 0x1140, 0x0518, 0x3140, 0x0520, 0x0940, 0x0528, 0x2940,
    0x0530, 0x1940, 0x0538, 0x3940, 0x0548, 0x2540, 0x0550, 0x1540, 0x0558, 0x3540, 0x0560, 0x0D40,
    0x0568, 0x2D40, 0x0570, 0x1D40, 0x0578, 0x3D40, 0x0588, 0x2340, 0x0590, 0x1340, 0x0598, 0x3340,
    0x05A0, 0x0B40, 0x05A8, 0x2B40, 0x05B0, 0x1B40, 0x05B8, 0x3B40, 0x05C0, 0x0740, 0x05C8, 0x2740,
    0x05D0, 0x1740, 0x05D8, 0x3740, 0x05E0, 0x0F40, 0x05E8, 0x2F40, 0x05F0, 0x1F40, 0x05F8, 0x3F40,
    0x0608, 0x20C0, 0x0610, 0x10C0, 0x0618, 0x30C0, 0x0620, 0x08C0, 0x0628, 0x28C0, 0x0630, 0x18C0,
    0x0638, 0x38C0, 0x0648, 0x24C0, 0x0650, 0x14C0, 0x0658, 0x34C0, 0x0660, 0x0CC0, 0x0668, 0x2CC0,
    0x0670, 0x1CC0, 0x0678, 0x3CC0, 0x0688, 0x22C0, 0x0690, 0x12C0, 0x0698, 0x32C0, 0x06A0, 0x0AC0,
    0x06A8, 0x2AC0, 0x06B0, 0x1AC0, 0x06B8, 0x3AC0, 0x06C8, 0x26C0, 0x06D0, 0x16C0, 0x06D8, 0x36C0,
    0x06E0, 0x0EC0, 0x06E8, 0x2EC0, 0x06F0, 0x1EC0, 0x06F8, 0x3EC0, 0x0708, 0x21C0, 0x0710, 0x11C0,
    0x0718, 0x31C0, 0x0720, 0x09C0, 0x0728, 0x29C0, 0x0730, 0x19C0, 0x0738, 0x39C0, 0x0748, 0x25C0,
    0x0750, 0x15C0, 0x0758, 0x35C0, 0x0760, 0x0DC0, 0x0768, 0x2DC0, 0x0770, 0x1DC0, 0x0778, 0x3DC0,
    0x0788, 0x23C0, 0x0790, 0x13C0, 0x0798, 0x33C0, 0x07A0, 0x0BC0, 0x07A8, 0x2BC0, 0x07B0, 0x1BC0,
    0x07B8, 0x3BC0, 0x07C8, 0x27C0, 0x07D0, 0x17C0, 0x07D8, 0x37C0, 0x07E0, 0x0FC0, 0x07E8, 0x2FC0,
    0x07F0, 0x1FC0, 0x07F8, 0x3FC0, 0x0808, 0x2020, 0x0810, 0x1020, 0x0818, 0x3020, 0x0828, 0x2820,
    0x0830, 0x1820, 0x0838, 0x3820, 0x0848, 0x2420, 0x0850, 0x1420, 0x0858, 0x3420, 0x0860, 0x0C20,
    0x0868, 0x2C20, 0x0870, 0x1C20, 0x0878, 0x3C20, 0x0888, 0x2220, 0x0890, 0x1220, 0x0898, 0x3220,
    0x08A0, 0x0A20, 0x08A8, 0x2A20, 0x08B0, 0x1A20, 0x08B8, 0x3A20, 0x08C8, 0x2620, 0x08D0, 0x1620,
    0x08D8, 0x3620, 0x08E0, 0x0E20, 0x08E8, 0x2E20, 0x08F0, 0x1E20, 0x08F8, 0x3E20, 0x0908, 0x2120,
    0x0910, 0x1120, 0x0918, 0x3120, 0x0928, 0x2920, 0x0930, 0x1920, 0x0938, 0x3920, 0x0948, 0x2520,
    0x0950, 0x1520, 0x0958, 0x3520, 0x0960, 0x0D20, 0x0968, 0x2D20, 0x0970, 0x1D20, 0x0978, 0x3D20,
    0x0988, 0x2320, 0x0990, 0x1320, 0x0998, 0x3320, 0x09A0, 0x0B20, 0x09A8, 0x2B20, 0x09B0, 0x1B20,
    0x09B8, 0x3B20, 0x09C8, 0x2720, 0x09D0, 0x1720, 0x09D8, 0x3720, 0x09E0, 0x0F20, 0x09E8, 0x2F20,
    0x09F0, 0x1F20, 0x09F8, 0x3F20, 0x0A08, 0x20A0, 0x0A10, 0x10A0, 0x0A18, 0x30A0, 0x0A28, 0x28A0,
    0x0A30, 0x18A0, 0x0A38, 0x38A0, 0x0A48, 0x24A0, 0x0A50, 0x14A0, 0x0A58, 0x34A0, 0x0A60, 0x0CA0,
    0x0A68, 0x2CA0, 0x0A70, 0x1CA0, 0x0A78, 0x3CA0, 0x0A88, 0x22A0, 0x0A90, 0x12A0, 0x0A98, 0x32A0,
    0x0AA8, 0x2AA0, 0x0AB0, 0x1AA0, 0x0AB8, 0x3AA0, 0x0AC8, 0x26A0, 0x0AD0, 0x16A0, 0x0AD8, 0x36A0,
    0x0AE0, 0x0EA0, 0x0AE8, 0x2EA0, 0x0AF0, 0x1EA0, 0x0AF8, 0x3EA0, 0x0B08, 0x21A0, 0x0B10, 0x11A0,
    0x0B18, 0x31A0, 0x0B28, 0x29A0, 0x0B30, 0x19A0, 0x0B38, 0x39A0, 0x0B48, 0x25A0, 0x0B50, 0x15A0,
    0x0B58, 0x35A0, 0x0B60, 0x0DA0, 0x0B68, 0x2DA0, 0x0B70, 0x1DA0, 0x0B78, 0x3DA0, 0x0B88, 0x23A0,
    0x0B90, 0x13A0, 0x0B98, 0x33A0, 0x0BA8, 0x2BA0, 0x0BB0, 0x1BA0, 0x0BB8, 0x3BA0, 0x0BC8, 0x27A0,
    0x0BD0, 0x17A0, 0x0BD8, 0x37A0, 0x0BE0, 0x0FA0, 0x0BE8, 0x2FA0, 0x0BF0, 0x1FA0, 0x0BF8, 0x3FA0,
    0x0C08, 0x2060, 0x0C10, 0x1060, 0x0C18, 0x3060, 0x0C28, 0x2860, 0x0C30, 0x1860, 0x0C38, 0x3860,
    0x0C48, 0x2460, 0x0C50, 0x1460, 0x0C58, 0x3460, 0x0C68, 0x2C60, 0x0C70, 0x1C60, 0x0C78, 0x3C60,
    0x0C88, 0x2260, 0x0C90, 0x1260, 0x0C98, 0x3260, 0x0CA8, 0x2A60, 0x0CB0, 0x1A60, 0x0CB8, 0x3A60,
    0x0CC8, 0x2660, 0x0CD0, 0x1660, 0x0CD8, 0x3660, 0x0CE0, 0x0E60, 0x0CE8, 0x2E60, 0x0CF0, 0x1E60,
    0x0CF8, 0x3E60, 0x0D08, 0x2160, 0x0D10, 0x1160, 0x0D18, 0x3160, 0x0D28, 0x2960, 0x0D30, 0x1960,
    0x0D38, 0x3960, 0x0D48, 0x2560, 0x0D50, 0x1560, 0x0D58, 0x3560, 0x0D68, 0x2D60, 0x0D70, 0x1D60,
    0x0D78, 0x3D60, 0x0D88, 0x2360, 0x0D90, 0x1360, 0x0D98, 0x3360, 0x0DA8, 0x2B60, 0x0DB0, 0x1B60,
    0x0DB8, 0x3B60, 0x0DC8, 0x2760, 0x0DD0, 0x1760, 0x0DD8, 0x3760, 0x0DE0, 0x0F60, 0x0DE8, 0x2F60,
    0x0DF0, 0x1F60, 0x0DF8, 0x3F60, 0x0E08, 0x20E0, 0x0E10, 0x10E0, 0x0E18, 0x30E0, 0x0E28, 0x28E0,
    0x0E30, 0x18E0, 0x0E38, 0x38E0, 0x0E48, 0x24E0, 0x0E50, 0x14E0, 0x0E58, 0x34E0, 0x0E68, 0x2CE0,
    0x0E70, 0x1CE0, 0x0E78, 0x3CE0, 0x0E88, 0x22E0, 0x0E90, 0x12E0, 0x0E98, 0x32E0, 0x0EA8, 0x2AE0,
    0x0EB0, 0x1AE0, 0x0EB8, 0x3AE0, 0x0EC8, 0x26E0, 0x0ED0, 0x16E0, 0x0ED8, 0x36E0, 0x0EE8, 0x2EE0,
    0x0EF0, 0x1EE0, 0x0EF8, 0x3EE0, 0x0F08, 0x21E0, 0x0F10, 0x11E0, 0x0F18, 0x31E0, 0x0F28, 0x29E0,
    0x0F30, 0x19E0, 0x0F38, 0x39E0, 0x0F48, 0x25E0, 0x0F50, 0x15E0, 0x0F58, 0x35E0, 0x0F68, 0x2DE0,
    0x0F70, 0x1DE0, 0x0F78, 0x3DE0, 0x0F88, 0x23E0, 0x0F90, 0x13E0, 0x0F98, 0x33E0, 0x0FA8, 0x2BE0,
    0x0FB0, 0x1BE0, 0x0FB8, 0x3BE0, 0x0FC8, 0x27E0, 0x0FD0, 0x17E0, 0x0FD8, 0x37E0, 0x0FE8, 0x2FE0,
    0x0FF0, 0x1FE0, 0x0FF8, 0x3FE0, 0x1008, 0x2010, 0x1018, 0x3010, 0x1028, 0x2810, 0x1030, 0x1810,
    0x1038, 0x3810, 0x1048, 0x2410, 0x1050, 0x1410, 0x1058, 0x3410, 0x1068, 0x2C10, 0x1070, 0x1C10,
    0x1078, 0x3C10, 0x1088, 0x2210, 0x1090, 0x1210, 0x1098, 0x3210, 0x10A8, 0x2A10, 0x10B0, 0x1A10,
    0x10B8, 0x3A10, 0x10C8, 0x2610, 0x10D0, 0x1610, 0x10D8, 0x3610, 0x10E8, 0x2E10, 0x10F0, 0x1E10,
    0x10F8, 0x3E10, 0x1108, 0x2110, 0x1118, 0x3110, 0x1128, 0x2910, 0x1130, 0x1910, 0x1138, 0x3910,
    0x1148, 0x2510, 0x1150, 0x1510, 0x1158, 0x3510, 0x1168, 0x2D10, 0x1170, 0x1D10, 0x1178, 0x3D10,
    0x1188, 0x2310, 0x1190, 0x1310, 0x1198, 0x3310, 0x11A8, 0x2B10, 0x11B0, 0x1B10, 0x11B8, 0x3B10,
    0x11C8, 0x2710, 0x11D0, 0x1710, 0x11D8, 0x3710, 0x11E8, 0x2F10, 0x11F0, 0x1F10, 0x11F8, 0x3F10,
    0x1208, 0x2090, 0x1218, 0x3090, 0x1228, 0x2890, 0x1230, 0x1890, 0x1238, 0x3890, 0x1248, 0x2490,
    0x1250, 0x1490, 0x1258, 0x3490, 0x1268, 0x2C90, 0x1270, 0x1C90, 0x1278, 0x3C90, 0x1288, 0x2290,
    0x1298, 0x3290, 0x12A8, 0x2A90, 0x12B0, 0x1A90, 0x12B8, 0x3A90, 0x12C8, 0x2690, 0x12D0, 0x1690,
    0x12D8, 0x3690, 0x12E8, 0x2E90, 0x12F0, 0x1E90, 0x12F8, 0x3E90, 0x1308, 0x2190, 0x1318, 0x3190,
    0x1328, 0x2990, 0x1330, 0x1990, 0x1338, 0x3990, 0x1348, 0x2590, 0x1350, 0x1590, 0x1358, 0x3590,
    0x1368, 0x2D90, 0x1370, 0x1D90, 0x1378, 0x3D90, 0x1388, 0x2390, 0x1398, 0x3390, 0x13A8, 0x2B90,
    0x13B0, 0x1B90, 0x13B8, 0x3B90, 0x13C8, 0x2790, 0x13D0, 0x1790, 0x13D8, 0x3790, 0x13E8, 0x2F90,
    0x13F0, 0x1F90, 0x13F8, 0x3F90, 0x1408, 0x2050, 0x1418, 0x3050, 0x1428, 0x2850, 0x1430, 0x1850,
    0x1438, 0x3850, 0x1448, 0x2450, 0x1458, 0x3450, 0x1468, 0x2C50, 0x1470, 0x1C50, 0x1478, 0x3C50,
    0x1488, 0x2250, 0x1498, 0x3250, 0x14A8, 0x2A50, 0x14B0, 0x1A50, 0x14B8, 0x3A50, 0x14C8, 0x2650,
    0x14D0, 0x1650, 0x14D8, 0x3650, 0x14E8, 0x2E50, 0x14F0, 0x1E50, 0x14F8, 0x3E50, 0x1508, 0x2150,
    0x1518, 0x3150, 0x1528, 0x2950, 0x1530, 0x1950, 0x1538, 0x3950, 0x1548, 0x2550, 0x1558, 0x3550,
    0x1568, 0x2D50, 0x1570, 0x1D50, 0x1578, 0x3D50, 0x1588, 0x2350, 0x1598, 0x3350, 0x15A8, 0x2B50,
    0x15B0, 0x1B50, 0x15B8, 0x3B50, 0x15C8, 0x2750, 0x15D0, 0x1750, 0x15D8, 0x3750, 0x15E8, 0x2F50,
    0x15F0, 0x1F50, 0x15F8, 0x3F50, 0x1608, 0x20D0, 0x1618, 0x30D0, 0x1628, 0x28D0, 0x1630, 0x18D0,
    0x1638, 0x38D0, 0x1648, 0x24D0, 0x1658, 0x34D0, 0x1668, 0x2CD0, 0x1670, 0x1CD0, 0x1678, 0x3CD0,
    0x1688, 0x22D0, 0x1698, 0x32D0, 0x16A8, 0x2AD0, 0x16B0, 0x1AD0, 0x16B8, 0x3AD0, 0x16C8, 0x26D0,
    0x16D8, 0x36D0, 0x16E8, 0x2ED0, 0x16F0, 0x1ED0, 0x16F8, 0x3ED0, 0x1708, 0x21D0, 0x1718, 0x31D0,
    0x1728, 0x29D0, 0x1730, 0x19D0, 0x1738, 0x39D0, 0x1748, 0x25D0, 0x1758, 0x35D0, 0x1768, 0x2DD0,
    0x1770, 0x1DD0, 0x1778, 0x3DD0, 0x1788, 0x23D0, 0x1798, 0x33D0, 0x17A8, 0x2BD0, 0x17B0, 0x1BD0,
    0x17B8, 0x3BD0, 0x17C8, 0x27D0, 0x17D8, 0x37D0, 0x17E8, 0x2FD0, 0x17F0, 0x1FD0, 0x17F8, 0x3FD0,
    0x1808, 0x2030, 0x1818, 0x3030, 0x1828, 0x2830, 0x1838, 0x3830, 0x1848, 0x2430, 0x1858, 0x3430,
    0x1868, 0x2C30, 0x1870, 0x1C30, 0x1878, 0x3C30, 0x1888, 0x2230, 0x1898, 0x3230, 0x18A8, 0x2A30,
    0x18B0, 0x1A30, 0x18B8, 0x3A30, 0x18C8, 0x2630, 0x18D8, 0x3630, 0x18E8, 0x2E30, 0x18F0, 0x1E30,
    0x18F8, 0x3E30, 0x1908, 0x2130, 0x1918, 0x3130, 0x1928, 0x2930, 0x1938, 0x3930, 0x1948, 0x2530,
    0x1958, 0x3530, 0x1968, 0x2D30, 0x1970, 0x1D30, 0x1978, 0x3D30, 0x1988, 0x2330, 0x1998, 0x3330,
    0x19A8, 0x2B30, 0x19B0, 0x1B30, 0x19B8, 0x3B30, 0x19C8, 0x2730, 0x19D8, 0x3730, 0x19E8, 0x2F30,
    0x19F0, 0x1F30, 0x19F8, 0x3F30, 0x1A08, 0x20B0, 0x1A18, 0x30B0, 0x1A28, 0x28B0, 0x1A38, 0x38B0,
    0x1A48, 0x24B0, 0x1A58, 0x34B0, 0x1A68, 0x2CB0, 0x1A70, 0x1CB0, 0x1A78, 0x3CB0, 0x1A88, 0x22B0,
    0x1A98, 0x32B0, 0x1AA8, 0x2AB0, 0x1AB8, 0x3AB0, 0x1AC8, 0x26B0, 0x1AD8, 0x36B0, 0x1AE8, 0x2EB0,
    0x1AF0, 0x1EB0, 0x1AF8, 0x3EB0, 0x1B08, 0x21B0, 0x1B18, 0x31B0, 0x1B28, 0x29B0, 0x1B38, 0x39B0,
    0x1B48, 0x25B0, 0x1B58, 0x35B0, 0x1B68, 0x2DB0, 0x1B70, 0x1DB0, 0x1B78, 0x3DB0, 0x1B88, 0x23B0,
    0x1B98, 0x33B0, 0x1BA8, 0x2BB0, 0x1BB8, 0x3BB0, 0x1BC8, 0x27B0, 0x1BD8, 0x37B0, 0x1BE8, 0x2FB0,
    0x1BF0, 0x1FB0, 0x1BF8, 0x3FB0, 0x1C08, 0x2070, 0x1C18, 0x3070, 0x1C28, 0x2870, 0x1C38, 0x3870,
    0x1C48, 0x2470, 0x1C58, 0x3470, 0x1C68, 0x2C70, 0x1C78, 0x3C70, 0x1C88, 0x2270, 0x1C98, 0x3270,
    0x1CA8, 0x2A70, 0x1CB8, 0x3A70, 0x1CC8, 0x2670, 0x1CD8, 0x3670, 0x1CE8, 0x2E70, 0x1CF0, 0x1E70,
    0x1CF8, 0x3E70, 0x1D08, 0x2170, 0x1D18, 0x3170, 0x1D28, 0x2970, 0x1D38, 0x3970, 0x1D48, 0x2570,
    0x1D58, 0x3570, 0x1D68, 0x2D70, 0x1D78, 0x3D70, 0x1D88, 0x2370, 0x1D98, 0x3370, 0x1DA8, 0x2B70,
    0x1DB8, 0x3B70, 0x1DC8, 0x2770, 0x1DD8, 0x3770, 0x1DE8, 0x2F70, 0x1DF0, 0x1F70, 0x1DF8, 0x3F70,
    0x1E08, 0x20F0, 0x1E18, 0x30F0, 0x1E28, 0x28F0, 0x1E38, 0x38F0, 0x1E48, 0x24F0, 0x1E58, 0x34F0,
    0x1E68, 0x2CF0, 0x1E78, 0x3CF0, 0x1E88, 0x22F0, 0x1E98, 0x32F0, 0x1EA8, 0x2AF0, 0x1EB8, 0x3AF0,
    0x1EC8, 0x26F0, 0x1ED8, 0x36F0, 0x1EE8, 0x2EF0, 0x1EF8, 0x3EF0, 0x1F08, 0x21F0, 0x1F18, 0x31F0,
    0x1F28, 0x29F0, 0x1F38, 0x39F0, 0x1F48, 0x25F0, 0x1F58, 0x35F0, 0x1F68, 0x2DF0, 0x1F78, 0x3DF0,
    0x1F88, 0x23F0, 0x1F98, 0x33F0, 0x1FA8, 0x2BF0, 0x1FB8, 0x3BF0, 0x1FC8, 0x27F0, 0x1FD8, 0x37F0,
    0x1FE8, 0x2FF0, 0x1FF8, 0x3FF0, 0x2018, 0x3008, 0x2028, 0x2808, 0x2038, 0x3808, 0x2048, 0x2408,
    0x2058, 0x3408, 0x2068, 0x2C08, 0x2078, 0x3C08, 0x2088, 0x2208, 0x2098, 0x3208, 0x20A8, 0x2A08,
    0x20B8, 0x3A08, 0x20C8, 0x2608, 0x20D8, 0x3608, 0x20E8, 0x2E08, 0x20F8, 0x3E08, 0x2118, 0x3108,
    0x2128, 0x2908, 0x2138, 0x3908, 0x2148, 0x2508, 0x2158, 0x3508, 0x2168, 0x2D08, 0x2178, 0x3D08,
    0x2188, 0x2308, 0x2198, 0x3308, 0x21A8, 0x2B08, 0x21B8, 0x3B08, 0x21C8, 0x2708, 0x21D8, 0x3708,
    0x21E8, 0x2F08, 0x21F8, 0x3F08, 0x2218, 0x3088, 0x2228, 0x2888, 0x2238, 0x3888, 0x2248, 0x2488,
    0x2258, 0x3488, 0x2268, 0x2C88, 0x2278, 0x3C88, 0x2298, 0x3288, 0x22A8, 0x2A88, 0x22B8, 0x3A88,
    0x22C8, 0x2688, 0x22D8, 0x3688, 0x22E8, 0x2E88, 0x22F8, 0x3E88, 0x2318, 0x3188, 0x2328, 0x2988,
    0x2338, 0x3988, 0x2348, 0x2588, 0x2358, 0x3588, 0x2368, 0x2D88, 0x2378, 0x3D88, 0x2398, 0x3388,
    0x23A8, 0x2B88, 0x23B8, 0x3B88, 0x23C8, 0x2788, 0x23D8, 0x3788, 0x23E8, 0x2F88, 0x23F8, 0x3F88,
    0x2418, 0x3048, 0x2428, 0x2848, 0x2438, 0x3848, 0x2458, 0x3448, 0x2468, 0x2C48, 0x2478, 0x3C48,
    0x2498, 0x3248, 0x24A8, 0x2A48, 0x24B8, 0x3A48, 0x24C8, 0x2648, 0x24D8, 0x3648, 0x24E8, 0x2E48,
    0x24F8, 0x3E48, 0x2518, 0x3148, 0x2528, 0x2948, 0x2538, 0x3948, 0x2558, 0x3548, 0x2568, 0x2D48,
    0x2578, 0x3D48, 0x2598, 0x3348, 0x25A8, 0x2B48, 0x25B8, 0x3B48, 0x25C8, 0x2748, 0x25D8, 0x3748,
    0x25E8, 0x2F48, 0x25F8, 0x3F48, 0x2618, 0x30C8, 0x2628, 0x28C8, 0x2638, 0x38C8, 0x2658, 0x34C8,
    0x2668, 0x2CC8, 0x2678, 0x3CC8, 0x2698, 0x32C8, 0x26A8, 0x2AC8, 0x26B8, 0x3AC8, 0x26D8, 0x36C8,
    0x26E8, 0x2EC8, 0x26F8, 0x3EC8, 0x2718, 0x31C8, 0x2728, 0x29C8, 0x2738, 0x39C8, 0x2758, 0x35C8,
    0x2768, 0x2DC8, 0x2778, 0x3DC8, 0x2798, 0x33C8, 0x27A8, 0x2BC8, 0x27B8, 0x3BC8, 0x27D8, 0x37C8,
    0x27E8, 0x2FC8, 0x27F8, 0x3FC8, 0x2818, 0x3028, 0x2838, 0x3828, 0x2858, 0x3428, 0x2868, 0x2C28,
    0x2878, 0x3C28, 0x2898, 0x3228, 0x28A8, 0x2A28, 0x28B8, 0x3A28, 0x28D8, 0x3628, 0x28E8, 0x2E28,
    0x28F8, 0x3E28, 0x2918, 0x3128, 0x2938, 0x3928, 0x2958, 0x3528, 0x2968, 0x2D28, 0x2978, 0x3D28,
    0x2998, 0x3328, 0x29A8, 0x2B28, 0x29B8, 0x3B28, 0x29D8, 0x3728, 0x29E8, 0x2F28, 0x29F8, 0x3F28,
    0x2A18, 0x30A8, 0x2A38, 0x38A8, 0x2A58, 0x34A8, 0x2A68, 0x2CA8, 0x2A78, 0x3CA8, 0x2A98, 0x32A8,
    0x2AB8, 0x3AA8, 0x2AD8, 0x36A8, 0x2AE8, 0x2EA8, 0x2AF8, 0x3EA8, 0x2B18, 0x31A8, 0x2B38, 0x39A8,
    0x2B58, 0x35A8, 0x2B68, 0x2DA8, 0x2B78, 0x3DA8, 0x2B98, 0x33A8, 0x2BB8, 0x3BA8, 0x2BD8, 0x37A8,
    0x2BE8, 0x2FA8, 0x2BF8, 0x3FA8, 0x2C18, 0x3068, 0x2C38, 0x3868, 0x2C58, 0x3468, 0x2C78, 0x3C68,
    0x2C98, 0x3268, 0x2CB8, 0x3A68, 0x2CD8, 0x3668, 0x2CE8, 0x2E68, 0x2CF8, 0x3E68, 0x2D18, 0x3168,
    0x2D38, 0x3968, 0x2D58, 0x3568, 0x2D78, 0x3D68, 0x2D98, 0x3368, 0x2DB8, 0x3B68, 0x2DD8, 0x3768,
    0x2DE8, 0x2F68, 0x2DF8, 0x3F68, 0x2E18, 0x30E8, 0x2E38, 0x38E8, 0x2E58, 0x34E8, 0x2E78, 0x3CE8,
    0x2E98, 0x32E8, 0x2EB8, 0x3AE8, 0x2ED8, 0x36E8, 0x2EF8, 0x3EE8, 0x2F18, 0x31E8, 0x2F38, 0x39E8,
    0x2F58, 0x35E8, 0x2F78, 0x3DE8, 0x2F98, 0x33E8, 0x2FB8, 0x3BE8, 0x2FD8, 0x37E8, 0x2FF8, 0x3FE8,
    0x3038, 0x3818, 0x3058, 0x3418, 0x3078, 0x3C18, 0x3098, 0x3218, 0x30B8, 0x3A18, 0x30D8, 0x3618,
    0x30F8, 0x3E18, 0x3138, 0x3918, 0x3158, 0x3518, 0x3178, 0x3D18, 0x3198, 0x3318, 0x31B8, 0x3B18,
    0x31D8, 0x3718, 0x31F8, 0x3F18, 0x3238, 0x3898, 0x3258, 0x3498, 0x3278, 0x3C98, 0x32B8, 0x3A98,
    0x32D8, 0x3698, 0x32F8, 0x3E98, 0x3338, 0x3998, 0x3358, 0x3598, 0x3378, 0x3D98, 0x33B8, 0x3B98,
    0x33D8, 0x3798, 0x33F8, 0x3F98, 0x3438, 0x3858, 0x3478, 0x3C58, 0x34B8, 0x3A58, 0x34D8, 0x3658,
    0x34F8, 0x3E58, 0x3538, 0x3958, 0x3578, 0x3D58, 0x35B8, 0x3B58, 0x35D8, 0x3758, 0x35F8, 0x3F58,
    0x3638, 0x38D8, 0x3678, 0x3CD8, 0x36B8, 0x3AD8, 0x36F8, 0x3ED8, 0x3738, 0x39D8, 0x3778, 0x3DD8,
    0x37B8, 0x3BD8, 0x37F8, 0x3FD8, 0x3878, 0x3C38, 0x38B8, 0x3A38, 0x38F8, 0x3E38, 0x3978, 0x3D38,
    0x39B8, 0x3B38, 0x39F8, 0x3F38, 0x3A78, 0x3CB8, 0x3AF8, 0x3EB8, 0x3B78, 0x3DB8, 0x3BF8, 0x3FB8,
    0x3CF8, 0x3E78, 0x3DF8, 0x3F78,
];

pub const BIT_REV_TABLE_4096: [u16; 4032] = [
    /* radix 4, size 4032 */
    0x0008, 0x4000, 0x0010, 0x2000, 0x0018, 0x6000, 0x0020, 0x1000, 0x0028, 0x5000, 0x0030, 0x3000,
    0x0038, 0x7000, 0x0040, 0x0800, 0x0048, 0x4800, 0x0050, 0x2800, 0x0058, 0x6800, 0x0060, 0x1800,
    0x0068, 0x5800, 0x0070, 0x3800, 0x0078, 0x7800, 0x0080, 0x0400, 0x0088, 0x4400, 0x0090, 0x2400,
    0x0098, 0x6400, 0x00A0, 0x1400, 0x00A8, 0x5400, 0x00B0, 0x3400, 0x00B8, 0x7400, 0x00C0, 0x0C00,
    0x00C8, 0x4C00, 0x00D0, 0x2C00, 0x00D8, 0x6C00, 0x00E0, 0x1C00, 0x00E8, 0x5C00, 0x00F0, 0x3C00,
    0x00F8, 0x7C00, 0x0100, 0x0200, 0x0108, 0x4200, 0x0110, 0x2200, 0x0118, 0x6200, 0x0120, 0x1200,
    0x0128, 0x5200, 0x0130, 0x3200, 0x0138, 0x7200, 0x0140, 0x0A00, 0x0148, 0x4A00, 0x0150, 0x2A00,
    0x0158, 0x6A00, 0x0160, 0x1A00, 0x0168, 0x5A00, 0x0170, 0x3A00, 0x0178, 0x7A00, 0x0180, 0x0600,
    0x0188, 0x4600, 0x0190, 0x2600, 0x0198, 0x6600, 0x01A0, 0x1600, 0x01A8, 0x5600, 0x01B0, 0x3600,
    0x01B8, 0x7600, 0x01C0, 0x0E00, 0x01C8, 0x4E00, 0x01D0, 0x2E00, 0x01D8, 0x6E00, 0x01E0, 0x1E00,
    0x01E8, 0x5E00, 0x01F0, 0x3E00, 0x01F8, 0x7E00, 0x0208, 0x4100, 0x0210, 0x2100, 0x0218, 0x6100,
    0x0220, 0x1100, 0x0228, 0x5100, 0x0230, 0x3100, 0x0238, 0x7100, 0x0240, 0x0900, 0x0248, 0x4900,
    0x0250, 0x2900, 0x0258, 0x6900, 0x0260, 0x1900, 0x0268, 0x5900, 0x0270, 0x3900, 0x0278, 0x7900,
    0x0280, 0x0500, 0x0288, 0x4500, 0x0290, 0x2500, 0x0298, 0x6500, 0x02A0, 0x1500, 0x02A8, 0x5500,
    0x02B0, 0x3500, 0x02B8, 0x7500, 0x02C0, 0x0D00, 0x02C8, 0x4D00, 0x02D0, 0x2D00, 0x02D8, 0x6D00,
    0x02E0, 0x1D00, 0x02E8, 0x5D00, 0x02F0, 0x3D00, 0x02F8, 0x7D00, 0x0308, 0x4300, 0x0310, 0x2300,
    0x0318, 0x6300, 0x0320, 0x1300, 0x0328, 0x5300, 0x0330, 0x3300, 0x0338, 0x7300, 0x0340, 0x0B00,
    0x0348, 0x4B00, 0x0350, 0x2B00, 0x0358, 0x6B00, 0x0360, 0x1B00, 0x0368, 0x5B00, 0x0370, 0x3B00,
    0x0378, 0x7B00, 0x0380, 0x0700, 0x0388, 0x4700, 0x0390, 0x2700, 0x0398, 0x6700, 0x03A0, 0x1700,
    0x03A8, 0x5700, 0x03B0, 0x3700, 0x03B8, 0x7700, 0x03C0, 0x0F00, 0x03C8, 0x4F00, 0x03D0, 0x2F00,
    0x03D8, 0x6F00, 0x03E0, 0x1F00, 0x03E8, 0x5F00, 0x03F0, 0x3F00, 0x03F8, 0x7F00, 0x0408, 0x4080,
    0x0410, 0x2080, 0x0418, 0x6080, 0x0420, 0x1080, 0x0428, 0x5080, 0x0430, 0x3080, 0x0438, 0x7080,
    0x0440, 0x0880, 0x0448, 0x4880, 0x0450, 0x2880, 0x0458, 0x6880, 0x0460, 0x1880, 0x0468, 0x5880,
    0x0470, 0x3880, 0x0478, 0x7880, 0x0488, 0x4480, 0x0490, 0x2480, 0x0498, 0x6480, 0x04A0, 0x1480,
    0x04A8, 0x5480, 0x04B0, 0x3480, 0x04B8, 0x7480, 0x04C0, 0x0C80, 0x04C8, 0x4C80, 0x04D0, 0x2C80,
    0x04D8, 0x6C80, 0x04E0, 0x1C80, 0x04E8, 0x5C80, 0x04F0, 0x3C80, 0x04F8, 0x7C80, 0x0508, 0x4280,
    0x0510, 0x2280, 0x0518, 0x6280, 0x0520, 0x1280, 0x0528, 0x5280, 0x0530, 0x3280, 0x0538, 0x7280,
    0x0540, 0x0A80, 0x0548, 0x4A80, 0x0550, 0x2A80, 0x0558, 0x6A80, 0x0560, 0x1A80, 0x0568, 0x5A80,
    0x0570, 0x3A80, 0x0578, 0x7A80, 0x0580, 0x0680, 0x0588, 0x4680, 0x0590, 0x2680, 0x0598, 0x6680,
    0x05A0, 0x1680, 0x05A8, 0x5680, 0x05B0, 0x3680, 0x05B8, 0x7680, 0x05C0, 0x0E80, 0x05C8, 0x4E80,
    0x05D0, 0x2E80, 0x05D8, 0x6E80, 0x05E0, 0x1E80, 0x05E8, 0x5E80, 0x05F0, 0x3E80, 0x05F8, 0x7E80,
    0x0608, 0x4180, 0x0610, 0x2180, 0x0618, 0x6180, 0x0620, 0x1180, 0x0628, 0x5180, 0x0630, 0x3180,
    0x0638, 0x7180, 0x0640, 0x0980, 0x0648, 0x4980, 0x0650, 0x2980, 0x0658, 0x6980, 0x0660, 0x1980,
    0x0668, 0x5980, 0x0670, 0x3980, 0x0678, 0x7980, 0x0688, 0x4580, 0x0690, 0x2580, 0x0698, 0x6580,
    0x06A0, 0x1580, 0x06A8, 0x5580, 0x06B0, 0x3580, 0x06B8, 0x7580, 0x06C0, 0x0D80, 0x06C8, 0x4D80,
    0x06D0, 0x2D80, 0x06D8, 0x6D80, 0x06E0, 0x1D80, 0x06E8, 0x5D80, 0x06F0, 0x3D80, 0x06F8, 0x7D80,
    0x0708, 0x4380, 0x0710, 0x2380, 0x0718, 0x6380, 0x0720, 0x1380, 0x0728, 0x5380, 0x0730, 0x3380,
    0x0738, 0x7380, 0x0740, 0x0B80, 0x0748, 0x4B80, 0x0750, 0x2B80, 0x0758, 0x6B80, 0x0760, 0x1B80,
    0x0768, 0x5B80, 0x0770, 0x3B80, 0x0778, 0x7B80, 0x0788, 0x4780, 0x0790, 0x2780, 0x0798, 0x6780,
    0x07A0, 0x1780, 0x07A8, 0x5780, 0x07B0, 0x3780, 0x07B8, 0x7780, 0x07C0, 0x0F80, 0x07C8, 0x4F80,
    0x07D0, 0x2F80, 0x07D8, 0x6F80, 0x07E0, 0x1F80, 0x07E8, 0x5F80, 0x07F0, 0x3F80, 0x07F8, 0x7F80,
    0x0808, 0x4040, 0x0810, 0x2040, 0x0818, 0x6040, 0x0820, 0x1040, 0x0828, 0x5040, 0x0830, 0x3040,
    0x0838, 0x7040, 0x0848, 0x4840, 0x0850, 0x2840, 0x0858, 0x6840, 0x0860, 0x1840, 0x0868, 0x5840,
    0x0870, 0x3840, 0x0878, 0x7840, 0x0888, 0x4440, 0x0890, 0x2440, 0x0898, 0x6440, 0x08A0, 0x1440,
    0x08A8, 0x5440, 0x08B0, 0x3440, 0x08B8, 0x7440, 0x08C0, 0x0C40, 0x08C8, 0x4C40, 0x08D0, 0x2C40,
    0x08D8, 0x6C40, 0x08E0, 0x1C40, 0x08E8, 0x5C40, 0x08F0, 0x3C40, 0x08F8, 0x7C40, 0x0908, 0x4240,
    0x0910, 0x2240, 0x0918, 0x6240, 0x0920, 0x1240, 0x0928, 0x5240, 0x0930, 0x3240, 0x0938, 0x7240,
    0x0940, 0x0A40, 0x0948, 0x4A40, 0x0950, 0x2A40, 0x0958, 0x6A40, 0x0960, 0x1A40, 0x0968, 0x5A40,
    0x0970, 0x3A40, 0x0978, 0x7A40, 0x0988, 0x4640, 0x0990, 0x2640, 0x0998, 0x6640, 0x09A0, 0x1640,
    0x09A8, 0x5640, 0x09B0, 0x3640, 0x09B8, 0x7640, 0x09C0, 0x0E40, 0x09C8, 0x4E40, 0x09D0, 0x2E40,
    0x09D8, 0x6E40, 0x09E0, 0x1E40, 0x09E8, 0x5E40, 0x09F0, 0x3E40, 0x09F8, 0x7E40, 0x0A08, 0x4140,
    0x0A10, 0x2140, 0x0A18, 0x6140, 0x0A20, 0x1140, 0x0A28, 0x5140, 0x0A30, 0x3140, 0x0A38, 0x7140,
    0x0A48, 0x4940, 0x0A50, 0x2940, 0x0A58, 0x6940, 0x0A60, 0x1940, 0x0A68, 0x5940, 0x0A70, 0x3940,
    0x0A78, 0x7940, 0x0A88, 0x4540, 0x0A90, 0x2540, 0x0A98, 0x6540, 0x0AA0, 0x1540, 0x0AA8, 0x5540,
    0x0AB0, 0x3540, 0x0AB8, 0x7540, 0x0AC0, 0x0D40, 0x0AC8, 0x4D40, 0x0AD0, 0x2D40, 0x0AD8, 0x6D40,
    0x0AE0, 0x1D40, 0x0AE8, 0x5D40, 0x0AF0, 0x3D40, 0x0AF8, 0x7D40, 0x0B08, 0x4340, 0x0B10, 0x2340,
    0x0B18, 0x6340, 0x0B20, 0x1340, 0x0B28, 0x5340, 0x0B30, 0x3340, 0x0B38, 0x7340, 0x0B48, 0x4B40,
    0x0B50, 0x2B40, 0x0B58, 0x6B40, 0x0B60, 0x1B40, 0x0B68, 0x5B40, 0x0B70, 0x3B40, 0x0B78, 0x7B40,
    0x0B88, 0x4740, 0x0B90, 0x2740, 0x0B98, 0x6740, 0x0BA0, 0x1740, 0x0BA8, 0x5740, 0x0BB0, 0x3740,
    0x0BB8, 0x7740, 0x0BC0, 0x0F40, 0x0BC8, 0x4F40, 0x0BD0, 0x2F40, 0x0BD8, 0x6F40, 0x0BE0, 0x1F40,
    0x0BE8, 0x5F40, 0x0BF0, 0x3F40, 0x0BF8, 0x7F40, 0x0C08, 0x40C0, 0x0C10, 0x20C0, 0x0C18, 0x60C0,
    0x0C20, 0x10C0, 0x0C28, 0x50C0, 0x0C30, 0x30C0, 0x0C38, 0x70C0, 0x0C48, 0x48C0, 0x0C50, 0x28C0,
    0x0C58, 0x68C0, 0x0C60, 0x18C0, 0x0C68, 0x58C0, 0x0C70, 0x38C0, 0x0C78, 0x78C0, 0x0C88, 0x44C0,
    0x0C90, 0x24C0, 0x0C98, 0x64C0, 0x0CA0, 0x14C0, 0x0CA8, 0x54C0, 0x0CB0, 0x34C0, 0x0CB8, 0x74C0,
    0x0CC8, 0x4CC0, 0x0CD0, 0x2CC0, 0x0CD8, 0x6CC0, 0x0CE0, 0x1CC0, 0x0CE8, 0x5CC0, 0x0CF0, 0x3CC0,
    0x0CF8, 0x7CC0, 0x0D08, 0x42C0, 0x0D10, 0x22C0, 0x0D18, 0x62C0, 0x0D20, 0x12C0, 0x0D28, 0x52C0,
    0x0D30, 0x32C0, 0x0D38, 0x72C0, 0x0D48, 0x4AC0, 0x0D50, 0x2AC0, 0x0D58, 0x6AC0, 0x0D60, 0x1AC0,
    0x0D68, 0x5AC0, 0x0D70, 0x3AC0, 0x0D78, 0x7AC0, 0x0D88, 0x46C0, 0x0D90, 0x26C0, 0x0D98, 0x66C0,
    0x0DA0, 0x16C0, 0x0DA8, 0x56C0, 0x0DB0, 0x36C0, 0x0DB8, 0x76C0, 0x0DC0, 0x0EC0, 0x0DC8, 0x4EC0,
    0x0DD0, 0x2EC0, 0x0DD8, 0x6EC0, 0x0DE0, 0x1EC0, 0x0DE8, 0x5EC0, 0x0DF0, 0x3EC0, 0x0DF8, 0x7EC0,
    0x0E08, 0x41C0, 0x0E10, 0x21C0, 0x0E18, 0x61C0, 0x0E20, 0x11C0, 0x0E28, 0x51C0, 0x0E30, 0x31C0,
    0x0E38, 0x71C0, 0x0E48, 0x49C0, 0x0E50, 0x29C0, 0x0E58, 0x69C0, 0x0E60, 0x19C0, 0x0E68, 0x59C0,
    0x0E70, 0x39C0, 0x0E78, 0x79C0, 0x0E88, 0x45C0, 0x0E90, 0x25C0, 0x0E98, 0x65C0, 0x0EA0, 0x15C0,
    0x0EA8, 0x55C0, 0x0EB0, 0x35C0, 0x0EB8, 0x75C0, 0x0EC8, 0x4DC0, 0x0ED0, 0x2DC0, 0x0ED8, 0x6DC0,
    0x0EE0, 0x1DC0, 0x0EE8, 0x5DC0, 0x0EF0, 0x3DC0, 0x0EF8, 0x7DC0, 0x0F08, 0x43C0, 0x0F10, 0x23C0,
    0x0F18, 0x63C0, 0x0F20, 0x13C0, 0x0F28, 0x53C0, 0x0F30, 0x33C0, 0x0F38, 0x73C0, 0x0F48, 0x4BC0,
    0x0F50, 0x2BC0, 0x0F58, 0x6BC0, 0x0F60, 0x1BC0, 0x0F68, 0x5BC0, 0x0F70, 0x3BC0, 0x0F78, 0x7BC0,
    0x0F88, 0x47C0, 0x0F90, 0x27C0, 0x0F98, 0x67C0, 0x0FA0, 0x17C0, 0x0FA8, 0x57C0, 0x0FB0, 0x37C0,
    0x0FB8, 0x77C0, 0x0FC8, 0x4FC0, 0x0FD0, 0x2FC0, 0x0FD8, 0x6FC0, 0x0FE0, 0x1FC0, 0x0FE8, 0x5FC0,
    0x0FF0, 0x3FC0, 0x0FF8, 0x7FC0, 0x1008, 0x4020, 0x1010, 0x2020, 0x1018, 0x6020, 0x1028, 0x5020,
    0x1030, 0x3020, 0x1038, 0x7020, 0x1048, 0x4820, 0x1050, 0x2820, 0x1058, 0x6820, 0x1060, 0x1820,
    0x1068, 0x5820, 0x1070, 0x3820, 0x1078, 0x7820, 0x1088, 0x4420, 0x1090, 0x2420, 0x1098, 0x6420,
    0x10A0, 0x1420, 0x10A8, 0x5420, 0x10B0, 0x3420, 0x10B8, 0x7420, 0x10C8, 0x4C20, 0x10D0, 0x2C20,
    0x10D8, 0x6C20, 0x10E0, 0x1C20, 0x10E8, 0x5C20, 0x10F0, 0x3C20, 0x10F8, 0x7C20, 0x1108, 0x4220,
    0x1110, 0x2220, 0x1118, 0x6220, 0x1120, 0x1220, 0x1128, 0x5220, 0x1130, 0x3220, 0x1138, 0x7220,
    0x1148, 0x4A20, 0x1150, 0x2A20, 0x1158, 0x6A20, 0x1160, 0x1A20, 0x1168, 0x5A20, 0x1170, 0x3A20,
    0x1178, 0x7A20, 0x1188, 0x4620, 0x1190, 0x2620, 0x1198, 0x6620, 0x11A0, 0x1620, 0x11A8, 0x5620,
    0x11B0, 0x3620, 0x11B8, 0x7620, 0x11C8, 0x4E20, 0x11D0, 0x2E20, 0x11D8, 0x6E20, 0x11E0, 0x1E20,
    0x11E8, 0x5E20, 0x11F0, 0x3E20, 0x11F8, 0x7E20, 0x1208, 0x4120, 0x1210, 0x2120, 0x1218, 0x6120,
    0x1228, 0x5120, 0x1230, 0x3120, 0x1238, 0x7120, 0x1248, 0x4920, 0x1250, 0x2920, 0x1258, 0x6920,
    0x1260, 0x1920, 0x1268, 0x5920, 0x1270, 0x3920, 0x1278, 0x7920, 0x1288, 0x4520, 0x1290, 0x2520,
    0x1298, 0x6520, 0x12A0, 0x1520, 0x12A8, 0x5520, 0x12B0, 0x3520, 0x12B8, 0x7520, 0x12C8, 0x4D20,
    0x12D0, 0x2D20, 0x12D8, 0x6D20, 0x12E0, 0x1D20, 0x12E8, 0x5D20, 0x12F0, 0x3D20, 0x12F8, 0x7D20,
    0x1308, 0x4320, 0x1310, 0x2320, 0x1318, 0x6320, 0x1328, 0x5320, 0x1330, 0x3320, 0x1338, 0x7320,
    0x1348, 0x4B20, 0x1350, 0x2B20, 0x1358, 0x6B20, 0x1360, 0x1B20, 0x1368, 0x5B20, 0x1370, 0x3B20,
    0x1378, 0x7B20, 0x1388, 0x4720, 0x1390, 0x2720, 0x1398, 0x6720, 0x13A0, 0x1720, 0x13A8, 0x5720,
    0x13B0, 0x3720, 0x13B8, 0x7720, 0x13C8, 0x4F20, 0x13D0, 0x2F20, 0x13D8, 0x6F20, 0x13E0, 0x1F20,
    0x13E8, 0x5F20, 0x13F0, 0x3F20, 0x13F8, 0x7F20, 0x1408, 0x40A0, 0x1410, 0x20A0, 0x1418, 0x60A0,
    0x1428, 0x50A0, 0x1430, 0x30A0, 0x1438, 0x70A0, 0x1448, 0x48A0, 0x1450, 0x28A0, 0x1458, 0x68A0,
    0x1460, 0x18A0, 0x1468, 0x58A0, 0x1470, 0x38A0, 0x1478, 0x78A0, 0x1488, 0x44A0, 0x1490, 0x24A0,
    0x1498, 0x64A0, 0x14A8, 0x54A0, 0x14B0, 0x34A0, 0x14B8, 0x74A0, 0x14C8, 0x4CA0, 0x14D0, 0x2CA0,
    0x14D8, 0x6CA0, 0x14E0, 0x1CA0, 0x14E8, 0x5CA0, 0x14F0, 0x3CA0, 0x14F8, 0x7CA0, 0x1508, 0x42A0,
    0x1510, 0x22A0, 0x1518, 0x62A0, 0x1528, 0x52A0, 0x1530, 0x32A0, 0x1538, 0x72A0, 0x1548, 0x4AA0,
    0x1550, 0x2AA0, 0x1558, 0x6AA0, 0x1560, 0x1AA0, 0x1568, 0x5AA0, 0x1570, 0x3AA0, 0x1578, 0x7AA0,
    0x1588, 0x46A0, 0x1590, 0x26A0, 0x1598, 0x66A0, 0x15A0, 0x16A0, 0x15A8, 0x56A0, 0x15B0, 0x36A0,
    0x15B8, 0x76A0, 0x15C8, 0x4EA0, 0x15D0, 0x2EA0, 0x15D8, 0x6EA0, 0x15E0, 0x1EA0, 0x15E8, 0x5EA0,
    0x15F0, 0x3EA0, 0x15F8, 0x7EA0, 0x1608, 0x41A0, 0x1610, 0x21A0, 0x1618, 0x61A0, 0x1628, 0x51A0,
    0x1630, 0x31A0, 0x1638, 0x71A0, 0x1648, 0x49A0, 0x1650, 0x29A0, 0x1658, 0x69A0, 0x1660, 0x19A0,
    0x1668, 0x59A0, 0x1670, 0x39A0, 0x1678, 0x79A0, 0x1688, 0x45A0, 0x1690, 0x25A0, 0x1698, 0x65A0,
    0x16A8, 0x55A0, 0x16B0, 0x35A0, 0x16B8, 0x75A0, 0x16C8, 0x4DA0, 0x16D0, 0x2DA0, 0x16D8, 0x6DA0,
    0x16E0, 0x1DA0, 0x16E8, 0x5DA0, 0x16F0, 0x3DA0, 0x16F8, 0x7DA0, 0x1708, 0x43A0, 0x1710, 0x23A0,
    0x1718, 0x63A0, 0x1728, 0x53A0, 0x1730, 0x33A0, 0x1738, 0x73A0, 0x1748, 0x4BA0, 0x1750, 0x2BA0,
    0x1758, 0x6BA0, 0x1760, 0x1BA0, 0x1768, 0x5BA0, 0x1770, 0x3BA0, 0x1778, 0x7BA0, 0x1788, 0x47A0,
    0x1790, 0x27A0, 0x1798, 0x67A0, 0x17A8, 0x57A0, 0x17B0, 0x37A0, 0x17B8, 0x77A0, 0x17C8, 0x4FA0,
    0x17D0, 0x2FA0, 0x17D8, 0x6FA0, 0x17E0, 0x1FA0, 0x17E8, 0x5FA0, 0x17F0, 0x3FA0, 0x17F8, 0x7FA0,
    0x1808, 0x4060, 0x1810, 0x2060, 0x1818, 0x6060, 0x1828, 0x5060, 0x1830, 0x3060, 0x1838, 0x7060,
    0x1848, 0x4860, 0x1850, 0x2860, 0x1858, 0x6860, 0x1868, 0x5860, 0x1870, 0x3860, 0x1878, 0x7860,
    0x1888, 0x4460, 0x1890, 0x2460, 0x1898, 0x6460, 0x18A8, 0x5460, 0x18B0, 0x3460, 0x18B8, 0x7460,
    0x18C8, 0x4C60, 0x18D0, 0x2C60, 0x18D8, 0x6C60, 0x18E0, 0x1C60, 0x18E8, 0x5C60, 0x18F0, 0x3C60,
    0x18F8, 0x7C60, 0x1908, 0x4260, 0x1910, 0x2260, 0x1918, 0x6260, 0x1928, 0x5260, 0x1930, 0x3260,
    0x1938, 0x7260, 0x1948, 0x4A60, 0x1950, 0x2A60, 0x1958, 0x6A60, 0x1960, 0x1A60, 0x1968, 0x5A60,
    0x1970, 0x3A60, 0x1978, 0x7A60, 0x1988, 0x4660, 0x1990, 0x2660, 0x1998, 0x6660, 0x19A8, 0x5660,
    0x19B0, 0x3660, 0x19B8, 0x7660, 0x19C8, 0x4E60, 0x19D0, 0x2E60, 0x19D8, 0x6E60, 0x19E0, 0x1E60,
    0x19E8, 0x5E60, 0x19F0, 0x3E60, 0x19F8, 0x7E60, 0x1A08, 0x4160, 0x1A10, 0x2160, 0x1A18, 0x6160,
    0x1A28, 0x5160, 0x1A30, 0x3160, 0x1A38, 0x7160, 0x1A48, 0x4960, 0x1A50, 0x2960, 0x1A58, 0x6960,
    0x1A68, 0x5960, 0x1A70, 0x3960, 0x1A78, 0x7960, 0x1A88, 0x4560, 0x1A90, 0x2560, 0x1A98, 0x6560,
    0x1AA8, 0x5560, 0x1AB0, 0x3560, 0x1AB8, 0x7560, 0x1AC8, 0x4D60, 0x1AD0, 0x2D60, 0x1AD8, 0x6D60,
    0x1AE0, 0x1D60, 0x1AE8, 0x5D60, 0x1AF0, 0x3D60, 0x1AF8, 0x7D60, 0x1B08, 0x4360, 0x1B10, 0x2360,
    0x1B18, 0x6360, 0x1B28, 0x5360, 0x1B30, 0x3360, 0x1B38, 0x7360, 0x1B48, 0x4B60, 0x1B50, 0x2B60,
    0x1B58, 0x6B60, 0x1B68, 0x5B60, 0x1B70, 0x3B60, 0x1B78, 0x7B60, 0x1B88, 0x4760, 0x1B90, 0x2760,
    0x1B98, 0x6760, 0x1BA8, 0x5760, 0x1BB0, 0x3760, 0x1BB8, 0x7760, 0x1BC8, 0x4F60, 0x1BD0, 0x2F60,
    0x1BD8, 0x6F60, 0x1BE0, 0x1F60, 0x1BE8, 0x5F60, 0x1BF0, 0x3F60, 0x1BF8, 0x7F60, 0x1C08, 0x40E0,
    0x1C10, 0x20E0, 0x1C18, 0x60E0, 0x1C28, 0x50E0, 0x1C30, 0x30E0, 0x1C38, 0x70E0, 0x1C48, 0x48E0,
    0x1C50, 0x28E0, 0x1C58, 0x68E0, 0x1C68, 0x58E0, 0x1C70, 0x38E0, 0x1C78, 0x78E0, 0x1C88, 0x44E0,
    0x1C90, 0x24E0, 0x1C98, 0x64E0, 0x1CA8, 0x54E0, 0x1CB0, 0x34E0, 0x1CB8, 0x74E0, 0x1CC8, 0x4CE0,
    0x1CD0, 0x2CE0, 0x1CD8, 0x6CE0, 0x1CE8, 0x5CE0, 0x1CF0, 0x3CE0, 0x1CF8, 0x7CE0, 0x1D08, 0x42E0,
    0x1D10, 0x22E0, 0x1D18, 0x62E0, 0x1D28, 0x52E0, 0x1D30, 0x32E0, 0x1D38, 0x72E0, 0x1D48, 0x4AE0,
    0x1D50, 0x2AE0, 0x1D58, 0x6AE0, 0x1D68, 0x5AE0, 0x1D70, 0x3AE0, 0x1D78, 0x7AE0, 0x1D88, 0x46E0,
    0x1D90, 0x26E0, 0x1D98, 0x66E0, 0x1DA8, 0x56E0, 0x1DB0, 0x36E0, 0x1DB8, 0x76E0, 0x1DC8, 0x4EE0,
    0x1DD0, 0x2EE0, 0x1DD8, 0x6EE0, 0x1DE0, 0x1EE0, 0x1DE8, 0x5EE0, 0x1DF0, 0x3EE0, 0x1DF8, 0x7EE0,
    0x1E08, 0x41E0, 0x1E10, 0x21E0, 0x1E18, 0x61E0, 0x1E28, 0x51E0, 0x1E30, 0x31E0, 0x1E38, 0x71E0,
    0x1E48, 0x49E0, 0x1E50, 0x29E0, 0x1E58, 0x69E0, 0x1E68, 0x59E0, 0x1E70, 0x39E0, 0x1E78, 0x79E0,
    0x1E88, 0x45E0, 0x1E90, 0x25E0, 0x1E98, 0x65E0, 0x1EA8, 0x55E0, 0x1EB0, 0x35E0, 0x1EB8, 0x75E0,
    0x1EC8, 0x4DE0, 0x1ED0, 0x2DE0, 0x1ED8, 0x6DE0, 0x1EE8, 0x5DE0, 0x1EF0, 0x3DE0, 0x1EF8, 0x7DE0,
    0x1F08, 0x43E0, 0x1F10, 0x23E0, 0x1F18, 0x63E0, 0x1F28, 0x53E0, 0x1F30, 0x33E0, 0x1F38, 0x73E0,
    0x1F48, 0x4BE0, 0x1F50, 0x2BE0, 0x1F58, 0x6BE0, 0x1F68, 0x5BE0, 0x1F70, 0x3BE0, 0x1F78, 0x7BE0,
    0x1F88, 0x47E0, 0x1F90, 0x27E0, 0x1F98, 0x67E0, 0x1FA8, 0x57E0, 0x1FB0, 0x37E0, 0x1FB8, 0x77E0,
    0x1FC8, 0x4FE0, 0x1FD0, 0x2FE0, 0x1FD8, 0x6FE0, 0x1FE8, 0x5FE0, 0x1FF0, 0x3FE0, 0x1FF8, 0x7FE0,
    0x2008, 0x4010, 0x2018, 0x6010, 0x2028, 0x5010, 0x2030, 0x3010, 0x2038, 0x7010, 0x2048, 0x4810,
    0x2050, 0x2810, 0x2058, 0x6810, 0x2068, 0x5810, 0x2070, 0x3810, 0x2078, 0x7810, 0x2088, 0x4410,
    0x2090, 0x2410, 0x2098, 0x6410, 0x20A8, 0x5410, 0x20B0, 0x3410, 0x20B8, 0x7410, 0x20C8, 0x4C10,
    0x20D0, 0x2C10, 0x20D8, 0x6C10, 0x20E8, 0x5C10, 0x20F0, 0x3C10, 0x20F8, 0x7C10, 0x2108, 0x4210,
    0x2110, 0x2210, 0x2118, 0x6210, 0x2128, 0x5210, 0x2130, 0x3210, 0x2138, 0x7210, 0x2148, 0x4A10,
    0x2150, 0x2A10, 0x2158, 0x6A10, 0x2168, 0x5A10, 0x2170, 0x3A10, 0x2178, 0x7A10, 0x2188, 0x4610,
    0x2190, 0x2610, 0x2198, 0x6610, 0x21A8, 0x5610, 0x21B0, 0x3610, 0x21B8, 0x7610, 0x21C8, 0x4E10,
    0x21D0, 0x2E10, 0x21D8, 0x6E10, 0x21E8, 0x5E10, 0x21F0, 0x3E10, 0x21F8, 0x7E10, 0x2208, 0x4110,
    0x2218, 0x6110, 0x2228, 0x5110, 0x2230, 0x3110, 0x2238, 0x7110, 0x2248, 0x4910, 0x2250, 0x2910,
    0x2258, 0x6910, 0x2268, 0x5910, 0x2270, 0x3910, 0x2278, 0x7910, 0x2288, 0x4510, 0x2290, 0x2510,
    0x2298, 0x6510, 0x22A8, 0x5510, 0x22B0, 0x3510, 0x22B8, 0x7510, 0x22C8, 0x4D10, 0x22D0, 0x2D10,
    0x22D8, 0x6D10, 0x22E8, 0x5D10, 0x22F0, 0x3D10, 0x22F8, 0x7D10, 0x2308, 0x4310, 0x2318, 0x6310,
    0x2328, 0x5310, 0x2330, 0x3310, 0x2338, 0x7310, 0x2348, 0x4B10, 0x2350, 0x2B10, 0x2358, 0x6B10,
    0x2368, 0x5B10, 0x2370, 0x3B10, 0x2378, 0x7B10, 0x2388, 0x4710, 0x2390, 0x2710, 0x2398, 0x6710,
    0x23A8, 0x5710, 0x23B0, 0x3710, 0x23B8, 0x7710, 0x23C8, 0x4F10, 0x23D0, 0x2F10, 0x23D8, 0x6F10,
    0x23E8, 0x5F10, 0x23F0, 0x3F10, 0x23F8, 0x7F10, 0x2408, 0x4090, 0x2418, 0x6090, 0x2428, 0x5090,
    0x2430, 0x3090, 0x2438, 0x7090, 0x2448, 0x4890, 0x2450, 0x2890, 0x2458, 0x6890, 0x2468, 0x5890,
    0x2470, 0x3890, 0x2478, 0x7890, 0x2488, 0x4490, 0x2498, 0x6490, 0x24A8, 0x5490, 0x24B0, 0x3490,
    0x24B8, 0x7490, 0x24C8, 0x4C90, 0x24D0, 0x2C90, 0x24D8, 0x6C90, 0x24E8, 0x5C90, 0x24F0, 0x3C90,
    0x24F8, 0x7C90, 0x2508, 0x4290, 0x2518, 0x6290, 0x2528, 0x5290, 0x2530, 0x3290, 0x2538, 0x7290,
    0x2548, 0x4A90, 0x2550, 0x2A90, 0x2558, 0x6A90, 0x2568, 0x5A90, 0x2570, 0x3A90, 0x2578, 0x7A90,
    0x2588, 0x4690, 0x2590, 0x2690, 0x2598, 0x6690, 0x25A8, 0x5690, 0x25B0, 0x3690, 0x25B8, 0x7690,
    0x25C8, 0x4E90, 0x25D0, 0x2E90, 0x25D8, 0x6E90, 0x25E8, 0x5E90, 0x25F0, 0x3E90, 0x25F8, 0x7E90,
    0x2608, 0x4190, 0x2618, 0x6190, 0x2628, 0x5190, 0x2630, 0x3190, 0x2638, 0x7190, 0x2648, 0x4990,
    0x2650, 0x2990, 0x2658, 0x6990, 0x2668, 0x5990, 0x2670, 0x3990, 0x2678, 0x7990, 0x2688, 0x4590,
    0x2698, 0x6590, 0x26A8, 0x5590, 0x26B0, 0x3590, 0x26B8, 0x7590, 0x26C8, 0x4D90, 0x26D0, 0x2D90,
    0x26D8, 0x6D90, 0x26E8, 0x5D90, 0x26F0, 0x3D90, 0x26F8, 0x7D90, 0x2708, 0x4390, 0x2718, 0x6390,
    0x2728, 0x5390, 0x2730, 0x3390, 0x2738, 0x7390, 0x2748, 0x4B90, 0x2750, 0x2B90, 0x2758, 0x6B90,
    0x2768, 0x5B90, 0x2770, 0x3B90, 0x2778, 0x7B90, 0x2788, 0x4790, 0x2798, 0x6790, 0x27A8, 0x5790,
    0x27B0, 0x3790, 0x27B8, 0x7790, 0x27C8, 0x4F90, 0x27D0, 0x2F90, 0x27D8, 0x6F90, 0x27E8, 0x5F90,
    0x27F0, 0x3F90, 0x27F8, 0x7F90, 0x2808, 0x4050, 0x2818, 0x6050, 0x2828, 0x5050, 0x2830, 0x3050,
    0x2838, 0x7050, 0x2848, 0x4850, 0x2858, 0x6850, 0x2868, 0x5850, 0x2870, 0x3850, 0x2878, 0x7850,
    0x2888, 0x4450, 0x2898, 0x6450, 0x28A8, 0x5450, 0x28B0, 0x3450, 0x28B8, 0x7450, 0x28C8, 0x4C50,
    0x28D0, 0x2C50, 0x28D8, 0x6C50, 0x28E8, 0x5C50, 0x28F0, 0x3C50, 0x28F8, 0x7C50, 0x2908, 0x4250,
    0x2918, 0x6250, 0x2928, 0x5250, 0x2930, 0x3250, 0x2938, 0x7250, 0x2948, 0x4A50, 0x2950, 0x2A50,
    0x2958, 0x6A50, 0x2968, 0x5A50, 0x2970, 0x3A50, 0x2978, 0x7A50, 0x2988, 0x4650, 0x2998, 0x6650,
    0x29A8, 0x5650, 0x29B0, 0x3650, 0x29B8, 0x7650, 0x29C8, 0x4E50, 0x29D0, 0x2E50, 0x29D8, 0x6E50,
    0x29E8, 0x5E50, 0x29F0, 0x3E50, 0x29F8, 0x7E50, 0x2A08, 0x4150, 0x2A18, 0x6150, 0x2A28, 0x5150,
    0x2A30, 0x3150, 0x2A38, 0x7150, 0x2A48, 0x4950, 0x2A58, 0x6950, 0x2A68, 0x5950, 0x2A70, 0x3950,
    0x2A78, 0x7950, 0x2A88, 0x4550, 0x2A98, 0x6550, 0x2AA8, 0x5550, 0x2AB0, 0x3550, 0x2AB8, 0x7550,
    0x2AC8, 0x4D50, 0x2AD0, 0x2D50, 0x2AD8, 0x6D50, 0x2AE8, 0x5D50, 0x2AF0, 0x3D50, 0x2AF8, 0x7D50,
    0x2B08, 0x4350, 0x2B18, 0x6350, 0x2B28, 0x5350, 0x2B30, 0x3350, 0x2B38, 0x7350, 0x2B48, 0x4B50,
    0x2B58, 0x6B50, 0x2B68, 0x5B50, 0x2B70, 0x3B50, 0x2B78, 0x7B50, 0x2B88, 0x4750, 0x2B98, 0x6750,
    0x2BA8, 0x5750, 0x2BB0, 0x3750, 0x2BB8, 0x7750, 0x2BC8, 0x4F50, 0x2BD0, 0x2F50, 0x2BD8, 0x6F50,
    0x2BE8, 0x5F50, 0x2BF0, 0x3F50, 0x2BF8, 0x7F50, 0x2C08, 0x40D0, 0x2C18, 0x60D0, 0x2C28, 0x50D0,
    0x2C30, 0x30D0, 0x2C38, 0x70D0, 0x2C48, 0x48D0, 0x2C58, 0x68D0, 0x2C68, 0x58D0, 0x2C70, 0x38D0,
    0x2C78, 0x78D0, 0x2C88, 0x44D0, 0x2C98, 0x64D0, 0x2CA8, 0x54D0, 0x2CB0, 0x34D0, 0x2CB8, 0x74D0,
    0x2CC8, 0x4CD0, 0x2CD8, 0x6CD0, 0x2CE8, 0x5CD0, 0x2CF0, 0x3CD0, 0x2CF8, 0x7CD0, 0x2D08, 0x42D0,
    0x2D18, 0x62D0, 0x2D28, 0x52D0, 0x2D30, 0x32D0, 0x2D38, 0x72D0, 0x2D48, 0x4AD0, 0x2D58, 0x6AD0,
    0x2D68, 0x5AD0, 0x2D70, 0x3AD0, 0x2D78, 0x7AD0, 0x2D88, 0x46D0, 0x2D98, 0x66D0, 0x2DA8, 0x56D0,
    0x2DB0, 0x36D0, 0x2DB8, 0x76D0, 0x2DC8, 0x4ED0, 0x2DD0, 0x2ED0, 0x2DD8, 0x6ED0, 0x2DE8, 0x5ED0,
    0x2DF0, 0x3ED0, 0x2DF8, 0x7ED0, 0x2E08, 0x41D0, 0x2E18, 0x61D0, 0x2E28, 0x51D0, 0x2E30, 0x31D0,
    0x2E38, 0x71D0, 0x2E48, 0x49D0, 0x2E58, 0x69D0, 0x2E68, 0x59D0, 0x2E70, 0x39D0, 0x2E78, 0x79D0,
    0x2E88, 0x45D0, 0x2E98, 0x65D0, 0x2EA8, 0x55D0, 0x2EB0, 0x35D0, 0x2EB8, 0x75D0, 0x2EC8, 0x4DD0,
    0x2ED8, 0x6DD0, 0x2EE8, 0x5DD0, 0x2EF0, 0x3DD0, 0x2EF8, 0x7DD0, 0x2F08, 0x43D0, 0x2F18, 0x63D0,
    0x2F28, 0x53D0, 0x2F30, 0x33D0, 0x2F38, 0x73D0, 0x2F48, 0x4BD0, 0x2F58, 0x6BD0, 0x2F68, 0x5BD0,
    0x2F70, 0x3BD0, 0x2F78, 0x7BD0, 0x2F88, 0x47D0, 0x2F98, 0x67D0, 0x2FA8, 0x57D0, 0x2FB0, 0x37D0,
    0x2FB8, 0x77D0, 0x2FC8, 0x4FD0, 0x2FD8, 0x6FD0, 0x2FE8, 0x5FD0, 0x2FF0, 0x3FD0, 0x2FF8, 0x7FD0,
    0x3008, 0x4030, 0x3018, 0x6030, 0x3028, 0x5030, 0x3038, 0x7030, 0x3048, 0x4830, 0x3058, 0x6830,
    0x3068, 0x5830, 0x3070, 0x3830, 0x3078, 0x7830, 0x3088, 0x4430, 0x3098, 0x6430, 0x30A8, 0x5430,
    0x30B0, 0x3430, 0x30B8, 0x7430, 0x30C8, 0x4C30, 0x30D8, 0x6C30, 0x30E8, 0x5C30, 0x30F0, 0x3C30,
    0x30F8, 0x7C30, 0x3108, 0x4230, 0x3118, 0x6230, 0x3128, 0x5230, 0x3130, 0x3230, 0x3138, 0x7230,
    0x3148, 0x4A30, 0x3158, 0x6A30, 0x3168, 0x5A30, 0x3170, 0x3A30, 0x3178, 0x7A30, 0x3188, 0x4630,
    0x3198, 0x6630, 0x31A8, 0x5630, 0x31B0, 0x3630, 0x31B8, 0x7630, 0x31C8, 0x4E30, 0x31D8, 0x6E30,
    0x31E8, 0x5E30, 0x31F0, 0x3E30, 0x31F8, 0x7E30, 0x3208, 0x4130, 0x3218, 0x6130, 0x3228, 0x5130,
    0x3238, 0x7130, 0x3248, 0x4930, 0x3258, 0x6930, 0x3268, 0x5930, 0x3270, 0x3930, 0x3278, 0x7930,
    0x3288, 0x4530, 0x3298, 0x6530, 0x32A8, 0x5530, 0x32B0, 0x3530, 0x32B8, 0x7530, 0x32C8, 0x4D30,
    0x32D8, 0x6D30, 0x32E8, 0x5D30, 0x32F0, 0x3D30, 0x32F8, 0x7D30, 0x3308, 0x4330, 0x3318, 0x6330,
    0x3328, 0x5330, 0x3338, 0x7330, 0x3348, 0x4B30, 0x3358, 0x6B30, 0x3368, 0x5B30, 0x3370, 0x3B30,
    0x3378, 0x7B30, 0x3388, 0x4730, 0x3398, 0x6730, 0x33A8, 0x5730, 0x33B0, 0x3730, 0x33B8, 0x7730,
    0x33C8, 0x4F30, 0x33D8, 0x6F30, 0x33E8, 0x5F30, 0x33F0, 0x3F30, 0x33F8, 0x7F30, 0x3408, 0x40B0,
    0x3418, 0x60B0, 0x3428, 0x50B0, 0x3438, 0x70B0, 0x3448, 0x48B0, 0x3458, 0x68B0, 0x3468, 0x58B0,
    0x3470, 0x38B0, 0x3478, 0x78B0, 0x3488, 0x44B0, 0x3498, 0x64B0, 0x34A8, 0x54B0, 0x34B8, 0x74B0,
    0x34C8, 0x4CB0, 0x34D8, 0x6CB0, 0x34E8, 0x5CB0, 0x34F0, 0x3CB0, 0x34F8, 0x7CB0, 0x3508, 0x42B0,
    0x3518, 0x62B0, 0x3528, 0x52B0, 0x3538, 0x72B0, 0x3548, 0x4AB0, 0x3558, 0x6AB0, 0x3568, 0x5AB0,
    0x3570, 0x3AB0, 0x3578, 0x7AB0, 0x3588, 0x46B0, 0x3598, 0x66B0, 0x35A8, 0x56B0, 0x35B0, 0x36B0,
    0x35B8, 0x76B0, 0x35C8, 0x4EB0, 0x35D8, 0x6EB0, 0x35E8, 0x5EB0, 0x35F0, 0x3EB0, 0x35F8, 0x7EB0,
    0x3608, 0x41B0, 0x3618, 0x61B0, 0x3628, 0x51B0, 0x3638, 0x71B0, 0x3648, 0x49B0, 0x3658, 0x69B0,
    0x3668, 0x59B0, 0x3670, 0x39B0, 0x3678, 0x79B0, 0x3688, 0x45B0, 0x3698, 0x65B0, 0x36A8, 0x55B0,
    0x36B8, 0x75B0, 0x36C8, 0x4DB0, 0x36D8, 0x6DB0, 0x36E8, 0x5DB0, 0x36F0, 0x3DB0, 0x36F8, 0x7DB0,
    0x3708, 0x43B0, 0x3718, 0x63B0, 0x3728, 0x53B0, 0x3738, 0x73B0, 0x3748, 0x4BB0, 0x3758, 0x6BB0,
    0x3768, 0x5BB0, 0x3770, 0x3BB0, 0x3778, 0x7BB0, 0x3788, 0x47B0, 0x3798, 0x67B0, 0x37A8, 0x57B0,
    0x37B8, 0x77B0, 0x37C8, 0x4FB0, 0x37D8, 0x6FB0, 0x37E8, 0x5FB0, 0x37F0, 0x3FB0, 0x37F8, 0x7FB0,
    0x3808, 0x4070, 0x3818, 0x6070, 0x3828, 0x5070, 0x3838, 0x7070, 0x3848, 0x4870, 0x3858, 0x6870,
    0x3868, 0x5870, 0x3878, 0x7870, 0x3888, 0x4470, 0x3898, 0x6470, 0x38A8, 0x5470, 0x38B8, 0x7470,
    0x38C8, 0x4C70, 0x38D8, 0x6C70, 0x38E8, 0x5C70, 0x38F0, 0x3C70, 0x38F8, 0x7C70, 0x3908, 0x4270,
    0x3918, 0x6270, 0x3928, 0x5270, 0x3938, 0x7270, 0x3948, 0x4A70, 0x3958, 0x6A70, 0x3968, 0x5A70,
    0x3970, 0x3A70, 0x3978, 0x7A70, 0x3988, 0x4670, 0x3998, 0x6670, 0x39A8, 0x5670, 0x39B8, 0x7670,
    0x39C8, 0x4E70, 0x39D8, 0x6E70, 0x39E8, 0x5E70, 0x39F0, 0x3E70, 0x39F8, 0x7E70, 0x3A08, 0x4170,
    0x3A18, 0x6170, 0x3A28, 0x5170, 0x3A38, 0x7170, 0x3A48, 0x4970, 0x3A58, 0x6970, 0x3A68, 0x5970,
    0x3A78, 0x7970, 0x3A88, 0x4570, 0x3A98, 0x6570, 0x3AA8, 0x5570, 0x3AB8, 0x7570, 0x3AC8, 0x4D70,
    0x3AD8, 0x6D70, 0x3AE8, 0x5D70, 0x3AF0, 0x3D70, 0x3AF8, 0x7D70, 0x3B08, 0x4370, 0x3B18, 0x6370,
    0x3B28, 0x5370, 0x3B38, 0x7370, 0x3B48, 0x4B70, 0x3B58, 0x6B70, 0x3B68, 0x5B70, 0x3B78, 0x7B70,
    0x3B88, 0x4770, 0x3B98, 0x6770, 0x3BA8, 0x5770, 0x3BB8, 0x7770, 0x3BC8, 0x4F70, 0x3BD8, 0x6F70,
    0x3BE8, 0x5F70, 0x3BF0, 0x3F70, 0x3BF8, 0x7F70, 0x3C08, 0x40F0, 0x3C18, 0x60F0, 0x3C28, 0x50F0,
    0x3C38, 0x70F0, 0x3C48, 0x48F0, 0x3C58, 0x68F0, 0x3C68, 0x58F0, 0x3C78, 0x78F0, 0x3C88, 0x44F0,
    0x3C98, 0x64F0, 0x3CA8, 0x54F0, 0x3CB8, 0x74F0, 0x3CC8, 0x4CF0, 0x3CD8, 0x6CF0, 0x3CE8, 0x5CF0,
    0x3CF8, 0x7CF0, 0x3D08, 0x42F0, 0x3D18, 0x62F0, 0x3D28, 0x52F0, 0x3D38, 0x72F0, 0x3D48, 0x4AF0,
    0x3D58, 0x6AF0, 0x3D68, 0x5AF0, 0x3D78, 0x7AF0, 0x3D88, 0x46F0, 0x3D98, 0x66F0, 0x3DA8, 0x56F0,
    0x3DB8, 0x76F0, 0x3DC8, 0x4EF0, 0x3DD8, 0x6EF0, 0x3DE8, 0x5EF0, 0x3DF0, 0x3EF0, 0x3DF8, 0x7EF0,
    0x3E08, 0x41F0, 0x3E18, 0x61F0, 0x3E28, 0x51F0, 0x3E38, 0x71F0, 0x3E48, 0x49F0, 0x3E58, 0x69F0,
    0x3E68, 0x59F0, 0x3E78, 0x79F0, 0x3E88, 0x45F0, 0x3E98, 0x65F0, 0x3EA8, 0x55F0, 0x3EB8, 0x75F0,
    0x3EC8, 0x4DF0, 0x3ED8, 0x6DF0, 0x3EE8, 0x5DF0, 0x3EF8, 0x7DF0, 0x3F08, 0x43F0, 0x3F18, 0x63F0,
    0x3F28, 0x53F0, 0x3F38, 0x73F0, 0x3F48, 0x4BF0, 0x3F58, 0x6BF0, 0x3F68, 0x5BF0, 0x3F78, 0x7BF0,
    0x3F88, 0x47F0, 0x3F98, 0x67F0, 0x3FA8, 0x57F0, 0x3FB8, 0x77F0, 0x3FC8, 0x4FF0, 0x3FD8, 0x6FF0,
    0x3FE8, 0x5FF0, 0x3FF8, 0x7FF0, 0x4018, 0x6008, 0x4028, 0x5008, 0x4038, 0x7008, 0x4048, 0x4808,
    0x4058, 0x6808, 0x4068, 0x5808, 0x4078, 0x7808, 0x4088, 0x4408, 0x4098, 0x6408, 0x40A8, 0x5408,
    0x40B8, 0x7408, 0x40C8, 0x4C08, 0x40D8, 0x6C08, 0x40E8, 0x5C08, 0x40F8, 0x7C08, 0x4108, 0x4208,
    0x4118, 0x6208, 0x4128, 0x5208, 0x4138, 0x7208, 0x4148, 0x4A08, 0x4158, 0x6A08, 0x4168, 0x5A08,
    0x4178, 0x7A08, 0x4188, 0x4608, 0x4198, 0x6608, 0x41A8, 0x5608, 0x41B8, 0x7608, 0x41C8, 0x4E08,
    0x41D8, 0x6E08, 0x41E8, 0x5E08, 0x41F8, 0x7E08, 0x4218, 0x6108, 0x4228, 0x5108, 0x4238, 0x7108,
    0x4248, 0x4908, 0x4258, 0x6908, 0x4268, 0x5908, 0x4278, 0x7908, 0x4288, 0x4508, 0x4298, 0x6508,
    0x42A8, 0x5508, 0x42B8, 0x7508, 0x42C8, 0x4D08, 0x42D8, 0x6D08, 0x42E8, 0x5D08, 0x42F8, 0x7D08,
    0x4318, 0x6308, 0x4328, 0x5308, 0x4338, 0x7308, 0x4348, 0x4B08, 0x4358, 0x6B08, 0x4368, 0x5B08,
    0x4378, 0x7B08, 0x4388, 0x4708, 0x4398, 0x6708, 0x43A8, 0x5708, 0x43B8, 0x7708, 0x43C8, 0x4F08,
    0x43D8, 0x6F08, 0x43E8, 0x5F08, 0x43F8, 0x7F08, 0x4418, 0x6088, 0x4428, 0x5088, 0x4438, 0x7088,
    0x4448, 0x4888, 0x4458, 0x6888, 0x4468, 0x5888, 0x4478, 0x7888, 0x4498, 0x6488, 0x44A8, 0x5488,
    0x44B8, 0x7488, 0x44C8, 0x4C88, 0x44D8, 0x6C88, 0x44E8, 0x5C88, 0x44F8, 0x7C88, 0x4518, 0x6288,
    0x4528, 0x5288, 0x4538, 0x7288, 0x4548, 0x4A88, 0x4558, 0x6A88, 0x4568, 0x5A88, 0x4578, 0x7A88,
    0x4588, 0x4688, 0x4598, 0x6688, 0x45A8, 0x5688, 0x45B8, 0x7688, 0x45C8, 0x4E88, 0x45D8, 0x6E88,
    0x45E8, 0x5E88, 0x45F8, 0x7E88, 0x4618, 0x6188, 0x4628, 0x5188, 0x4638, 0x7188, 0x4648, 0x4988,
    0x4658, 0x6988, 0x4668, 0x5988, 0x4678, 0x7988, 0x4698, 0x6588, 0x46A8, 0x5588, 0x46B8, 0x7588,
    0x46C8, 0x4D88, 0x46D8, 0x6D88, 0x46E8, 0x5D88, 0x46F8, 0x7D88, 0x4718, 0x6388, 0x4728, 0x5388,
    0x4738, 0x7388, 0x4748, 0x4B88, 0x4758, 0x6B88, 0x4768, 0x5B88, 0x4778, 0x7B88, 0x4798, 0x6788,
    0x47A8, 0x5788, 0x47B8, 0x7788, 0x47C8, 0x4F88, 0x47D8, 0x6F88, 0x47E8, 0x5F88, 0x47F8, 0x7F88,
    0x4818, 0x6048, 0x4828, 0x5048, 0x4838, 0x7048, 0x4858, 0x6848, 0x4868, 0x5848, 0x4878, 0x7848,
    0x4898, 0x6448, 0x48A8, 0x5448, 0x48B8, 0x7448, 0x48C8, 0x4C48, 0x48D8, 0x6C48, 0x48E8, 0x5C48,
    0x48F8, 0x7C48, 0x4918, 0x6248, 0x4928, 0x5248, 0x4938, 0x7248, 0x4948, 0x4A48, 0x4958, 0x6A48,
    0x4968, 0x5A48, 0x4978, 0x7A48, 0x4998, 0x6648, 0x49A8, 0x5648, 0x49B8, 0x7648, 0x49C8, 0x4E48,
    0x49D8, 0x6E48, 0x49E8, 0x5E48, 0x49F8, 0x7E48, 0x4A18, 0x6148, 0x4A28, 0x5148, 0x4A38, 0x7148,
    0x4A58, 0x6948, 0x4A68, 0x5948, 0x4A78, 0x7948, 0x4A98, 0x6548, 0x4AA8, 0x5548, 0x4AB8, 0x7548,
    0x4AC8, 0x4D48, 0x4AD8, 0x6D48, 0x4AE8, 0x5D48, 0x4AF8, 0x7D48, 0x4B18, 0x6348, 0x4B28, 0x5348,
    0x4B38, 0x7348, 0x4B58, 0x6B48, 0x4B68, 0x5B48, 0x4B78, 0x7B48, 0x4B98, 0x6748, 0x4BA8, 0x5748,
    0x4BB8, 0x7748, 0x4BC8, 0x4F48, 0x4BD8, 0x6F48, 0x4BE8, 0x5F48, 0x4BF8, 0x7F48, 0x4C18, 0x60C8,
    0x4C28, 0x50C8, 0x4C38, 0x70C8, 0x4C58, 0x68C8, 0x4C68, 0x58C8, 0x4C78, 0x78C8, 0x4C98, 0x64C8,
    0x4CA8, 0x54C8, 0x4CB8, 0x74C8, 0x4CD8, 0x6CC8, 0x4CE8, 0x5CC8, 0x4CF8, 0x7CC8, 0x4D18, 0x62C8,
    0x4D28, 0x52C8, 0x4D38, 0x72C8, 0x4D58, 0x6AC8, 0x4D68, 0x5AC8, 0x4D78, 0x7AC8, 0x4D98, 0x66C8,
    0x4DA8, 0x56C8, 0x4DB8, 0x76C8, 0x4DC8, 0x4EC8, 0x4DD8, 0x6EC8, 0x4DE8, 0x5EC8, 0x4DF8, 0x7EC8,
    0x4E18, 0x61C8, 0x4E28, 0x51C8, 0x4E38, 0x71C8, 0x4E58, 0x69C8, 0x4E68, 0x59C8, 0x4E78, 0x79C8,
    0x4E98, 0x65C8, 0x4EA8, 0x55C8, 0x4EB8, 0x75C8, 0x4ED8, 0x6DC8, 0x4EE8, 0x5DC8, 0x4EF8, 0x7DC8,
    0x4F18, 0x63C8, 0x4F28, 0x53C8, 0x4F38, 0x73C8, 0x4F58, 0x6BC8, 0x4F68, 0x5BC8, 0x4F78, 0x7BC8,
    0x4F98, 0x67C8, 0x4FA8, 0x57C8, 0x4FB8, 0x77C8, 0x4FD8, 0x6FC8, 0x4FE8, 0x5FC8, 0x4FF8, 0x7FC8,
    0x5018, 0x6028, 0x5038, 0x7028, 0x5058, 0x6828, 0x5068, 0x5828, 0x5078, 0x7828, 0x5098, 0x6428,
    0x50A8, 0x5428, 0x50B8, 0x7428, 0x50D8, 0x6C28, 0x50E8, 0x5C28, 0x50F8, 0x7C28, 0x5118, 0x6228,
    0x5128, 0x5228, 0x5138, 0x7228, 0x5158, 0x6A28, 0x5168, 0x5A28, 0x5178, 0x7A28, 0x5198, 0x6628,
    0x51A8, 0x5628, 0x51B8, 0x7628, 0x51D8, 0x6E28, 0x51E8, 0x5E28, 0x51F8, 0x7E28, 0x5218, 0x6128,
    0x5238, 0x7128, 0x5258, 0x6928, 0x5268, 0x5928, 0x5278, 0x7928, 0x5298, 0x6528, 0x52A8, 0x5528,
    0x52B8, 0x7528, 0x52D8, 0x6D28, 0x52E8, 0x5D28, 0x52F8, 0x7D28, 0x5318, 0x6328, 0x5338, 0x7328,
    0x5358, 0x6B28, 0x5368, 0x5B28, 0x5378, 0x7B28, 0x5398, 0x6728, 0x53A8, 0x5728, 0x53B8, 0x7728,
    0x53D8, 0x6F28, 0x53E8, 0x5F28, 0x53F8, 0x7F28, 0x5418, 0x60A8, 0x5438, 0x70A8, 0x5458, 0x68A8,
    0x5468, 0x58A8, 0x5478, 0x78A8, 0x5498, 0x64A8, 0x54B8, 0x74A8, 0x54D8, 0x6CA8, 0x54E8, 0x5CA8,
    0x54F8, 0x7CA8, 0x5518, 0x62A8, 0x5538, 0x72A8, 0x5558, 0x6AA8, 0x5568, 0x5AA8, 0x5578, 0x7AA8,
    0x5598, 0x66A8, 0x55A8, 0x56A8, 0x55B8, 0x76A8, 0x55D8, 0x6EA8, 0x55E8, 0x5EA8, 0x55F8, 0x7EA8,
    0x5618, 0x61A8, 0x5638, 0x71A8, 0x5658, 0x69A8, 0x5668, 0x59A8, 0x5678, 0x79A8, 0x5698, 0x65A8,
    0x56B8, 0x75A8, 0x56D8, 0x6DA8, 0x56E8, 0x5DA8, 0x56F8, 0x7DA8, 0x5718, 0x63A8, 0x5738, 0x73A8,
    0x5758, 0x6BA8, 0x5768, 0x5BA8, 0x5778, 0x7BA8, 0x5798, 0x67A8, 0x57B8, 0x77A8, 0x57D8, 0x6FA8,
    0x57E8, 0x5FA8, 0x57F8, 0x7FA8, 0x5818, 0x6068, 0x5838, 0x7068, 0x5858, 0x6868, 0x5878, 0x7868,
    0x5898, 0x6468, 0x58B8, 0x7468, 0x58D8, 0x6C68, 0x58E8, 0x5C68, 0x58F8, 0x7C68, 0x5918, 0x6268,
    0x5938, 0x7268, 0x5958, 0x6A68, 0x5968, 0x5A68, 0x5978, 0x7A68, 0x5998, 0x6668, 0x59B8, 0x7668,
    0x59D8, 0x6E68, 0x59E8, 0x5E68, 0x59F8, 0x7E68, 0x5A18, 0x6168, 0x5A38, 0x7168, 0x5A58, 0x6968,
    0x5A78, 0x7968, 0x5A98, 0x6568, 0x5AB8, 0x7568, 0x5AD8, 0x6D68, 0x5AE8, 0x5D68, 0x5AF8, 0x7D68,
    0x5B18, 0x6368, 0x5B38, 0x7368, 0x5B58, 0x6B68, 0x5B78, 0x7B68, 0x5B98, 0x6768, 0x5BB8, 0x7768,
    0x5BD8, 0x6F68, 0x5BE8, 0x5F68, 0x5BF8, 0x7F68, 0x5C18, 0x60E8, 0x5C38, 0x70E8, 0x5C58, 0x68E8,
    0x5C78, 0x78E8, 0x5C98, 0x64E8, 0x5CB8, 0x74E8, 0x5CD8, 0x6CE8, 0x5CF8, 0x7CE8, 0x5D18, 0x62E8,
    0x5D38, 0x72E8, 0x5D58, 0x6AE8, 0x5D78, 0x7AE8, 0x5D98, 0x66E8, 0x5DB8, 0x76E8, 0x5DD8, 0x6EE8,
    0x5DE8, 0x5EE8, 0x5DF8, 0x7EE8, 0x5E18, 0x61E8, 0x5E38, 0x71E8, 0x5E58, 0x69E8, 0x5E78, 0x79E8,
    0x5E98, 0x65E8, 0x5EB8, 0x75E8, 0x5ED8, 0x6DE8, 0x5EF8, 0x7DE8, 0x5F18, 0x63E8, 0x5F38, 0x73E8,
    0x5F58, 0x6BE8, 0x5F78, 0x7BE8, 0x5F98, 0x67E8, 0x5FB8, 0x77E8, 0x5FD8, 0x6FE8, 0x5FF8, 0x7FE8,
    0x6038, 0x7018, 0x6058, 0x6818, 0x6078, 0x7818, 0x6098, 0x6418, 0x60B8, 0x7418, 0x60D8, 0x6C18,
    0x60F8, 0x7C18, 0x6118, 0x6218, 0x6138, 0x7218, 0x6158, 0x6A18, 0x6178, 0x7A18, 0x6198, 0x6618,
    0x61B8, 0x7618, 0x61D8, 0x6E18, 0x61F8, 0x7E18, 0x6238, 0x7118, 0x6258, 0x6918, 0x6278, 0x7918,
    0x6298, 0x6518, 0x62B8, 0x7518, 0x62D8, 0x6D18, 0x62F8, 0x7D18, 0x6338, 0x7318, 0x6358, 0x6B18,
    0x6378, 0x7B18, 0x6398, 0x6718, 0x63B8, 0x7718, 0x63D8, 0x6F18, 0x63F8, 0x7F18, 0x6438, 0x7098,
    0x6458, 0x6898, 0x6478, 0x7898, 0x64B8, 0x7498, 0x64D8, 0x6C98, 0x64F8, 0x7C98, 0x6538, 0x7298,
    0x6558, 0x6A98, 0x6578, 0x7A98, 0x6598, 0x6698, 0x65B8, 0x7698, 0x65D8, 0x6E98, 0x65F8, 0x7E98,
    0x6638, 0x7198, 0x6658, 0x6998, 0x6678, 0x7998, 0x66B8, 0x7598, 0x66D8, 0x6D98, 0x66F8, 0x7D98,
    0x6738, 0x7398, 0x6758, 0x6B98, 0x6778, 0x7B98, 0x67B8, 0x7798, 0x67D8, 0x6F98, 0x67F8, 0x7F98,
    0x6838, 0x7058, 0x6878, 0x7858, 0x68B8, 0x7458, 0x68D8, 0x6C58, 0x68F8, 0x7C58, 0x6938, 0x7258,
    0x6958, 0x6A58, 0x6978, 0x7A58, 0x69B8, 0x7658, 0x69D8, 0x6E58, 0x69F8, 0x7E58, 0x6A38, 0x7158,
    0x6A78, 0x7958, 0x6AB8, 0x7558, 0x6AD8, 0x6D58, 0x6AF8, 0x7D58, 0x6B38, 0x7358, 0x6B78, 0x7B58,
    0x6BB8, 0x7758, 0x6BD8, 0x6F58, 0x6BF8, 0x7F58, 0x6C38, 0x70D8, 0x6C78, 0x78D8, 0x6CB8, 0x74D8,
    0x6CF8, 0x7CD8, 0x6D38, 0x72D8, 0x6D78, 0x7AD8, 0x6DB8, 0x76D8, 0x6DD8, 0x6ED8, 0x6DF8, 0x7ED8,
    0x6E38, 0x71D8, 0x6E78, 0x79D8, 0x6EB8, 0x75D8, 0x6EF8, 0x7DD8, 0x6F38, 0x73D8, 0x6F78, 0x7BD8,
    0x6FB8, 0x77D8, 0x6FF8, 0x7FD8, 0x7078, 0x7838, 0x70B8, 0x7438, 0x70F8, 0x7C38, 0x7138, 0x7238,
    0x7178, 0x7A38, 0x71B8, 0x7638, 0x71F8, 0x7E38, 0x7278, 0x7938, 0x72B8, 0x7538, 0x72F8, 0x7D38,
    0x7378, 0x7B38, 0x73B8, 0x7738, 0x73F8, 0x7F38, 0x7478, 0x78B8, 0x74F8, 0x7CB8, 0x7578, 0x7AB8,
    0x75B8, 0x76B8, 0x75F8, 0x7EB8, 0x7678, 0x79B8, 0x76F8, 0x7DB8, 0x7778, 0x7BB8, 0x77F8, 0x7FB8,
    0x78F8, 0x7C78, 0x7978, 0x7A78, 0x79F8, 0x7E78, 0x7AF8, 0x7D78, 0x7BF8, 0x7F78, 0x7DF8, 0x7EF8,
];
